crop_id,frame,det_idx,crop_path,label,conf,px_cx,px_cy,gt_boxes_in_frame,det_cx,det_cy,det_w,det_h,det_x1,det_y1,det_x2,det_y2
0,neg_001_f00200.jpg,0,benchmark/classifier_crops/crop_0000.jpg,0,0.3966522812843323,755,284,0,0.5902136325836181,0.39571507771809894,0.008657360076904297,0.028108978271484376,749.9327392578125,274.7956237792969,761.01416015625,295.0340881347656
1,neg_002_f00400.jpg,0,benchmark/classifier_crops/crop_0001.jpg,0,0.6270282864570618,792,464,0,0.6194542407989502,0.6448256174723307,0.016035747528076173,0.04646021525065104,782.6385498046875,447.54876708984375,803.164306640625,481.0001220703125
2,neg_004_f00800.jpg,0,benchmark/classifier_crops/crop_0002.jpg,0,0.612289547920227,425,204,0,0.3321498155593872,0.2844965616861979,0.009984493255615234,0.029290856255425348,418.7616882324219,194.29281616210938,431.5418395996094,215.38223266601562
3,neg_010_f05200.jpg,0,benchmark/classifier_crops/crop_0003.jpg,0,0.8200542330741882,797,497,0,0.623111629486084,0.6903406778971354,0.01574287414550781,0.04516940646701389,787.5074462890625,480.7843017578125,807.6583251953125,513.3062744140625
4,neg_010_f05200.jpg,1,benchmark/classifier_crops/crop_0004.jpg,0,0.4920756220817566,792,271,0,0.6192758560180665,0.3777610778808594,0.007985210418701172,0.024185350206163195,787.5625610351562,263.28125,797.7836303710938,280.6947021484375
5,neg_011_f05600.jpg,0,benchmark/classifier_crops/crop_0005.jpg,0,0.3563416600227356,425,381,0,0.33225791454315184,0.5299491882324219,0.012504291534423829,0.03802091810438368,417.2873840332031,367.8758850097656,433.2928771972656,395.2509460449219
6,neg_013_f06400.jpg,0,benchmark/classifier_crops/crop_0006.jpg,0,0.7013208866119385,1061,372,0,0.8292790412902832,0.5169421725802952,0.013661956787109375,0.04148322211371528,1052.7335205078125,357.264404296875,1070.2208251953125,387.13232421875
7,neg_018_f08400.jpg,0,benchmark/classifier_crops/crop_0007.jpg,0,0.40254852175712585,581,381,0,0.45456371307373045,0.5298380533854167,0.011323642730712891,0.028558180067274307,574.5944213867188,371.20245361328125,589.0886840820312,391.76434326171875
8,neg_021_f09675.jpg,0,benchmark/classifier_crops/crop_0008.jpg,0,0.47742611169815063,851,306,0,0.6653903961181641,0.42615907457139757,0.010093784332275391,0.03180575900607639,845.2396850585938,295.38446044921875,858.1597290039062,318.28460693359375
9,neg_022_f10151.jpg,0,benchmark/classifier_crops/crop_0009.jpg,0,0.8366258144378662,911,350,0,0.7121660232543945,0.48630752563476565,0.017120552062988282,0.04367438422309028,900.6153564453125,334.41864013671875,922.5296630859375,365.86419677734375
10,neg_023_f10626.jpg,0,benchmark/classifier_crops/crop_0010.jpg,0,0.621484637260437,806,224,0,0.6304102897644043,0.3115670945909288,0.009248161315917968,0.030805884467230902,801.00634765625,213.23818969726562,812.843994140625,235.41842651367188
11,neg_024_f11102.jpg,0,benchmark/classifier_crops/crop_0011.jpg,0,0.6574432849884033,920,291,0,0.7188894748687744,0.4054874420166016,0.011180782318115234,0.030185021294487847,913.0228271484375,281.0843505859375,927.334228515625,302.81756591796875
12,neg_024_f11102.jpg,1,benchmark/classifier_crops/crop_0012.jpg,0,0.3504228889942169,777,334,0,0.6071142196655274,0.4647848341200087,0.010399055480957032,0.031014506022135416,770.4508056640625,323.4798583984375,783.7615966796875,345.810302734375
13,neg_024_f11102.jpg,2,benchmark/classifier_crops/crop_0013.jpg,0,0.3072402775287628,827,238,0,0.6462016105651855,0.3307121170891656,0.009507083892822265,0.027246454026963976,821.0535278320312,228.3040008544922,833.2225952148438,247.92144775390625
14,neg_028_f13004.jpg,0,benchmark/classifier_crops/crop_0014.jpg,0,0.5338455438613892,1160,336,0,0.9069890975952148,0.467916022406684,0.008950042724609374,0.033956146240234374,1155.218017578125,324.6753234863281,1166.674072265625,349.1237487792969
15,pos_train_frame_003.jpg,0,benchmark/classifier_crops/crop_0015.jpg,0,0.5390808582305908,342,326,1,0.26735332012176516,0.4536396026611328,0.011533355712890625,0.025538889567057292,334.8309020996094,317.426513671875,349.5935974121094,335.81451416015625
16,pos_train_frame_005.jpg,0,benchmark/classifier_crops/crop_0016.jpg,1,0.8625807166099548,855,481,1,0.6679721355438233,0.6689909193250868,0.012467098236083985,0.04067857530381944,847.025390625,467.0291748046875,862.9832763671875,496.3177490234375
17,pos_train_frame_008.jpg,0,benchmark/classifier_crops/crop_0017.jpg,0,0.3913702964782715,857,412,1,0.6702740669250489,0.5731817881266276,0.014997482299804688,0.045935736762152776,848.3524169921875,396.1540222167969,867.5491943359375,429.2277526855469
18,pos_train_frame_008.jpg,1,benchmark/classifier_crops/crop_0018.jpg,0,0.336473673582077,892,268,1,0.6971877098083497,0.37317148844401044,0.010093593597412109,0.029807874891493055,885.9403686523438,257.95263671875,898.8601684570312,279.414306640625
19,pos_train_frame_008.jpg,2,benchmark/classifier_crops/crop_0019.jpg,1,0.2596072554588318,810,253,1,0.632816743850708,0.3519468095567491,0.011073493957519531,0.02492158677842882,802.9183959960938,244.429931640625,817.0924682617188,262.37347412109375
20,pos_train_frame_009.jpg,0,benchmark/classifier_crops/crop_0020.jpg,1,0.5140358209609985,931,322,1,0.7277685165405273,0.4483339097764757,0.010534095764160156,0.03476359049479167,924.8018798828125,310.2855224609375,938.2855224609375,335.3153076171875
21,pos_train_frame_010.jpg,0,benchmark/classifier_crops/crop_0021.jpg,0,0.5382959246635437,1021,270,1,0.798398780822754,0.3754421657986111,0.019026756286621094,0.04297519259982639,1009.7733154296875,254.8472900390625,1034.1275634765625,285.7894287109375
22,pos_train_frame_010.jpg,1,benchmark/classifier_crops/crop_0022.jpg,1,0.37953197956085205,856,298,1,0.6690522193908691,0.41473168267144095,0.009972381591796874,0.02470457288953993,850.0045166015625,289.7131652832031,862.7691650390625,307.5004577636719
23,pos_train_frame_011.jpg,0,benchmark/classifier_crops/crop_0023.jpg,0,0.5382959246635437,1021,270,1,0.798398780822754,0.3754421657986111,0.019026756286621094,0.04297519259982639,1009.7733154296875,254.8472900390625,1034.1275634765625,285.7894287109375
24,pos_train_frame_011.jpg,1,benchmark/classifier_crops/crop_0024.jpg,1,0.37953197956085205,856,298,1,0.6690522193908691,0.41473168267144095,0.009972381591796874,0.02470457288953993,850.0045166015625,289.7131652832031,862.7691650390625,307.5004577636719
25,pos_train_frame_012.jpg,0,benchmark/classifier_crops/crop_0025.jpg,1,0.7567911744117737,1079,286,1,0.8437322616577149,0.3974933200412326,0.014113998413085938,0.03951975504557292,1070.9443359375,271.96807861328125,1089.01025390625,300.42230224609375
26,pos_train_frame_013.jpg,0,benchmark/classifier_crops/crop_0026.jpg,1,0.615889310836792,1102,346,1,0.8611647605895996,0.48059700859917537,0.014323043823242187,0.034799618191189235,1093.1241455078125,333.5019836425781,1111.4576416015625,358.5577087402344
27,pos_train_frame_015.jpg,0,benchmark/classifier_crops/crop_0027.jpg,1,0.3144439160823822,262,349,1,0.20545573234558107,0.48495474921332465,0.011282205581665039,0.035548570421006946,255.76272583007812,336.36993408203125,270.2039489746094,361.96490478515625
28,pos_train_frame_018.jpg,0,benchmark/classifier_crops/crop_0028.jpg,0,0.7939444184303284,1116,333,1,0.8719944953918457,0.4636217753092448,0.01394805908203125,0.0399275885687934,1107.2261962890625,319.4337463378906,1125.0797119140625,348.1816101074219
29,pos_train_frame_018.jpg,1,benchmark/classifier_crops/crop_0029.jpg,1,0.4817085862159729,566,490,1,0.4424736022949219,0.6811568366156684,0.010965251922607422,0.03389790852864583,559.3484497070312,478.22967529296875,573.3839721679688,502.63616943359375
30,pos_train_frame_019.jpg,0,benchmark/classifier_crops/crop_0030.jpg,0,0.3616740107536316,1133,336,1,0.8854200363159179,0.46757952372233075,0.01104583740234375,0.033363596598307295,1126.268310546875,324.6463623046875,1140.406982421875,348.66815185546875
31,pos_train_frame_019.jpg,1,benchmark/classifier_crops/crop_0031.jpg,0,0.26086413860321045,540,288,1,0.4221366882324219,0.40108604431152345,0.012279891967773437,0.02988705105251736,532.475830078125,278.0226135253906,548.194091796875,299.5412902832031
32,pos_train_frame_019.jpg,2,benchmark/classifier_crops/crop_0032.jpg,1,0.25949564576148987,666,344,1,0.5206352233886719,0.47905523512098525,0.007301712036132812,0.030529954698350695,661.739990234375,333.9289855957031,671.086181640625,355.9105529785156
33,pos_train_frame_021.jpg,0,benchmark/classifier_crops/crop_0033.jpg,1,0.5191380381584167,1141,350,1,0.8916343688964844,0.4864854176839193,0.011558151245117188,0.031524912516276045,1133.894775390625,338.9205322265625,1148.689208984375,361.61846923828125
34,pos_train_frame_022.jpg,0,benchmark/classifier_crops/crop_0034.jpg,1,0.2916816174983978,1140,363,1,0.8909460067749023,0.5048053317599827,0.011885833740234376,0.03093227810329861,1132.803955078125,352.32421875,1148.017822265625,374.595458984375
35,pos_train_frame_023.jpg,0,benchmark/classifier_crops/crop_0035.jpg,0,0.7440608739852905,1163,386,1,0.9087154388427734,0.5365754869249132,0.014138031005859374,0.037869432237413195,1154.107421875,372.70135498046875,1172.2041015625,399.96734619140625
36,pos_train_frame_023.jpg,1,benchmark/classifier_crops/crop_0036.jpg,0,0.6227712631225586,457,419,1,0.35708956718444823,0.5824309878879124,0.013382053375244141,0.03439644707573785,448.5101318359375,406.96759033203125,465.63916015625,431.7330322265625
37,pos_train_frame_023.jpg,2,benchmark/classifier_crops/crop_0037.jpg,1,0.3792375922203064,251,347,1,0.1965240240097046,0.4825024922688802,0.010683298110961914,0.028522745768229166,244.71343994140625,337.13360595703125,258.3880615234375,357.66998291015625
38,pos_train_frame_024.jpg,0,benchmark/classifier_crops/crop_0038.jpg,0,0.7440608739852905,1163,386,1,0.9087154388427734,0.5365754869249132,0.014138031005859374,0.037869432237413195,1154.107421875,372.70135498046875,1172.2041015625,399.96734619140625
39,pos_train_frame_024.jpg,1,benchmark/classifier_crops/crop_0039.jpg,0,0.6227712631225586,457,419,1,0.35708956718444823,0.5824309878879124,0.013382053375244141,0.03439644707573785,448.5101318359375,406.96759033203125,465.63916015625,431.7330322265625
40,pos_train_frame_024.jpg,2,benchmark/classifier_crops/crop_0040.jpg,1,0.3792375922203064,251,347,1,0.1965240240097046,0.4825024922688802,0.010683298110961914,0.028522745768229166,244.71343994140625,337.13360595703125,258.3880615234375,357.66998291015625
41,pos_train_frame_025.jpg,0,benchmark/classifier_crops/crop_0041.jpg,0,0.517544686794281,280,566,1,0.21899547576904296,0.7870723300509983,0.010677051544189454,0.03771938747829861,273.48089599609375,553.1130981445312,287.14752197265625,580.2710571289062
42,pos_train_frame_025.jpg,1,benchmark/classifier_crops/crop_0042.jpg,1,0.334070086479187,248,351,1,0.19387975931167603,0.4879017300075955,0.010535717010498047,0.027166917588975693,241.42323303222656,341.5091552734375,254.90895080566406,361.0693359375
43,pos_train_frame_026.jpg,0,benchmark/classifier_crops/crop_0043.jpg,1,0.5544617176055908,103,610,1,0.08059364557266235,0.8476265801323785,0.010738873481750488,0.034283616807725695,96.2869873046875,597.9490356445312,110.03274536132812,622.6332397460938
44,pos_train_frame_027.jpg,0,benchmark/classifier_crops/crop_0044.jpg,1,0.45118293166160583,1140,526,1,0.8911935806274414,0.7317830403645833,0.014011001586914063,0.04325476752387153,1131.7607421875,511.31207275390625,1149.69482421875,542.4555053710938
45,pos_train_frame_028.jpg,0,benchmark/classifier_crops/crop_0045.jpg,0,0.4987967312335968,565,329,1,0.4421743869781494,0.4578450520833333,0.009752178192138672,0.02945895724826389,559.7418212890625,319.043212890625,572.224609375,340.253662109375
46,pos_train_frame_028.jpg,1,benchmark/classifier_crops/crop_0046.jpg,1,0.4036630392074585,473,303,1,0.36966586112976074,0.4214573754204644,0.008893871307373047,0.026467386881510416,467.480224609375,293.9210510253906,478.8643798828125,312.9775695800781
47,pos_train_frame_029.jpg,0,benchmark/classifier_crops/crop_0047.jpg,0,0.3007776737213135,807,239,1,0.6307583808898926,0.33241522047254773,0.009949111938476562,0.029539913601345485,801.0032958984375,228.70458984375,813.7381591796875,249.97332763671875
48,pos_train_frame_029.jpg,1,benchmark/classifier_crops/crop_0048.jpg,1,0.26912635564804077,508,394,1,0.39706902503967284,0.5474257575141059,0.010409259796142578,0.03281012641059028,501.58642578125,382.33489990234375,514.9102783203125,405.95819091796875
49,pos_train_frame_033.jpg,0,benchmark/classifier_crops/crop_0049.jpg,1,0.7540003657341003,792,337,1,0.619090986251831,0.46841668023003474,0.010294818878173828,0.02957305908203125,785.8477783203125,326.61370849609375,799.025146484375,347.90631103515625
50,pos_train_frame_035.jpg,0,benchmark/classifier_crops/crop_0050.jpg,1,0.5264747142791748,810,359,1,0.6332223415374756,0.4991176181369358,0.010812759399414062,0.026660664876302084,803.6044311523438,349.766845703125,817.4447631835938,368.9625244140625
51,pos_train_frame_036.jpg,0,benchmark/classifier_crops/crop_0051.jpg,1,0.5264747142791748,810,359,1,0.6332223415374756,0.4991176181369358,0.010812759399414062,0.026660664876302084,803.6044311523438,349.766845703125,817.4447631835938,368.9625244140625
52,pos_train_frame_037.jpg,0,benchmark/classifier_crops/crop_0052.jpg,1,0.6709045767784119,806,377,1,0.6298633575439453,0.524440426296658,0.011531448364257813,0.02983271280924479,798.844970703125,366.8573303222656,813.605224609375,388.3368835449219
53,pos_train_frame_039.jpg,0,benchmark/classifier_crops/crop_0053.jpg,1,0.6061633825302124,791,363,1,0.6186010837554932,0.5051937527126736,0.01141653060913086,0.03340962727864583,784.5028076171875,351.7120361328125,799.115966796875,375.7669677734375
54,pos_train_frame_040.jpg,0,benchmark/classifier_crops/crop_0054.jpg,1,0.6061633825302124,791,363,1,0.6186010837554932,0.5051937527126736,0.01141653060913086,0.03340962727864583,784.5028076171875,351.7120361328125,799.115966796875,375.7669677734375
55,pos_train_frame_041.jpg,0,benchmark/classifier_crops/crop_0055.jpg,1,0.8199991583824158,745,431,1,0.58206205368042,0.5995934380425347,0.012182331085205078,0.03964792887369792,737.2427368164062,417.43402099609375,752.8361206054688,445.98052978515625
56,pos_train_frame_042.jpg,0,benchmark/classifier_crops/crop_0056.jpg,1,0.8241564631462097,745,431,1,0.5820631980895996,0.5995870802137587,0.012160491943359376,0.039923604329427084,737.2581787109375,417.3302001953125,752.8236083984375,446.0751953125
57,pos_train_frame_043.jpg,0,benchmark/classifier_crops/crop_0057.jpg,1,0.673494815826416,678,405,1,0.5301300525665283,0.5625704447428386,0.012298297882080079,0.029234144422743056,670.695556640625,394.52642822265625,686.4373779296875,415.57501220703125
58,pos_train_frame_044.jpg,0,benchmark/classifier_crops/crop_0058.jpg,1,0.673494815826416,678,405,1,0.5301300525665283,0.5625704447428386,0.012298297882080079,0.029234144422743056,670.695556640625,394.52642822265625,686.4373779296875,415.57501220703125
59,pos_train_frame_045.jpg,0,benchmark/classifier_crops/crop_0059.jpg,1,0.8022563457489014,680,353,1,0.5319035530090332,0.4915743509928385,0.012392044067382812,0.03236338297526042,672.9056396484375,342.28271484375,688.7674560546875,365.5843505859375
60,pos_train_frame_046.jpg,0,benchmark/classifier_crops/crop_0060.jpg,0,0.8114816546440125,677,335,1,0.5296495914459228,0.4656590779622396,0.010173416137695313,0.03248833550347222,671.4404907226562,323.5787353515625,684.4624633789062,346.9703369140625
61,pos_train_frame_046.jpg,1,benchmark/classifier_crops/crop_0061.jpg,1,0.3200056254863739,269,173,1,0.2102454662322998,0.24089817470974392,0.011454153060913085,0.03517337375217014,261.7835388183594,160.78427124023438,276.4448547363281,186.10910034179688
62,pos_train_frame_047.jpg,0,benchmark/classifier_crops/crop_0062.jpg,0,0.47064536809921265,248,441,1,0.19385610818862914,0.6134359995524089,0.010580945014953613,0.035244581434461804,241.364013671875,428.9858703613281,254.90762329101562,454.3619689941406
63,pos_train_frame_047.jpg,1,benchmark/classifier_crops/crop_0063.jpg,1,0.437455952167511,178,348,1,0.13973286151885986,0.48406049940321183,0.01188068389892578,0.03323762681749132,171.25442504882812,336.5580139160156,186.46170043945312,360.4891052246094
64,pos_train_frame_047.jpg,2,benchmark/classifier_crops/crop_0064.jpg,0,0.30561959743499756,6,340,1,0.0048385486006736755,0.4725187513563368,0.009677097201347351,0.048662821451822914,0.0,322.69488525390625,12.38668441772461,357.73211669921875
65,pos_train_frame_047.jpg,3,benchmark/classifier_crops/crop_0065.jpg,0,0.2673674523830414,176,347,1,0.13777190446853638,0.483050282796224,0.011194753646850585,0.024647267659505208,169.1833953857422,338.9231872558594,183.51268005371094,356.6692199707031
66,pos_train_frame_048.jpg,0,benchmark/classifier_crops/crop_0066.jpg,0,0.47064536809921265,248,441,1,0.19385610818862914,0.6134359995524089,0.010580945014953613,0.035244581434461804,241.364013671875,428.9858703613281,254.90762329101562,454.3619689941406
67,pos_train_frame_048.jpg,1,benchmark/classifier_crops/crop_0067.jpg,1,0.437455952167511,178,348,1,0.13973286151885986,0.48406049940321183,0.01188068389892578,0.03323762681749132,171.25442504882812,336.5580139160156,186.46170043945312,360.4891052246094
68,pos_train_frame_048.jpg,2,benchmark/classifier_crops/crop_0068.jpg,0,0.30561959743499756,6,340,1,0.0048385486006736755,0.4725187513563368,0.009677097201347351,0.048662821451822914,0.0,322.69488525390625,12.38668441772461,357.73211669921875
69,pos_train_frame_048.jpg,3,benchmark/classifier_crops/crop_0069.jpg,0,0.2673674523830414,176,347,1,0.13777190446853638,0.483050282796224,0.011194753646850585,0.024647267659505208,169.1833953857422,338.9231872558594,183.51268005371094,356.6692199707031
70,pos_train_frame_049.jpg,0,benchmark/classifier_crops/crop_0070.jpg,0,0.5289067625999451,186,386,1,0.14594686031341553,0.5373956044514974,0.011871004104614257,0.03409364488389757,179.21453857421875,374.651123046875,194.409423828125,399.19854736328125
71,pos_train_frame_049.jpg,1,benchmark/classifier_crops/crop_0071.jpg,0,0.5111158490180969,266,525,1,0.20785009860992432,0.7304536607530382,0.010915470123291016,0.03272671169704861,259.0622253417969,514.14501953125,273.0340270996094,537.708251953125
72,pos_train_frame_049.jpg,2,benchmark/classifier_crops/crop_0072.jpg,1,0.3474279046058655,326,414,1,0.2548534393310547,0.5757038116455078,0.011943817138671875,0.0410018073187934,318.568359375,399.74609375,333.8564453125,429.26739501953125
73,pos_train_frame_050.jpg,0,benchmark/classifier_crops/crop_0073.jpg,0,0.7306696772575378,101,417,1,0.07943687438964844,0.5802638583713108,0.01569489240646362,0.04333038330078125,91.63446807861328,402.1910400390625,111.72393035888672,433.388916015625
74,pos_train_frame_050.jpg,1,benchmark/classifier_crops/crop_0074.jpg,1,0.5743042826652527,182,301,1,0.14274471998214722,0.41891695658365885,0.01125485897064209,0.03026580810546875,175.5101318359375,290.7245178222656,189.91635131835938,312.5158996582031
75,pos_train_frame_051.jpg,0,benchmark/classifier_crops/crop_0075.jpg,0,0.5031139254570007,217,366,1,0.1698899269104004,0.5088781568739149,0.011988115310668946,0.03709988064236111,209.78671264648438,353.03631591796875,225.13150024414062,379.74822998046875
76,pos_train_frame_051.jpg,1,benchmark/classifier_crops/crop_0076.jpg,1,0.26578572392463684,729,262,1,0.5700936317443848,0.3640809800889757,0.010423851013183594,0.02517208523220486,723.048583984375,253.07635498046875,736.39111328125,271.20025634765625
77,pos_train_frame_052.jpg,0,benchmark/classifier_crops/crop_0077.jpg,0,0.5031139254570007,217,366,1,0.1698899269104004,0.5088781568739149,0.011988115310668946,0.03709988064236111,209.78671264648438,353.03631591796875,225.13150024414062,379.74822998046875
78,pos_train_frame_052.jpg,1,benchmark/classifier_crops/crop_0078.jpg,1,0.26578572392463684,729,262,1,0.5700936317443848,0.3640809800889757,0.010423851013183594,0.02517208523220486,723.048583984375,253.07635498046875,736.39111328125,271.20025634765625
79,pos_train_frame_053.jpg,0,benchmark/classifier_crops/crop_0079.jpg,0,0.4436465799808502,282,388,1,0.2208568572998047,0.5398126390245226,0.010533905029296875,0.03029632568359375,275.955078125,377.7584228515625,289.4384765625,399.57177734375
80,pos_train_frame_053.jpg,1,benchmark/classifier_crops/crop_0080.jpg,1,0.323255330324173,727,203,1,0.568746280670166,0.282958624098036,0.008807373046875,0.023400921291775175,722.3585205078125,195.30587768554688,733.6319580078125,212.154541015625
81,pos_train_frame_054.jpg,0,benchmark/classifier_crops/crop_0081.jpg,1,0.7614205479621887,856,197,1,0.6691914558410644,0.2743428760104709,0.008890914916992187,0.029593531290690103,850.8748779296875,186.87319946289062,862.2552490234375,208.1805419921875
82,pos_train_frame_055.jpg,0,benchmark/classifier_crops/crop_0082.jpg,1,0.7614205479621887,856,197,1,0.6691914558410644,0.2743428760104709,0.008890914916992187,0.029593531290690103,850.8748779296875,186.87319946289062,862.2552490234375,208.1805419921875
83,pos_train_frame_056.jpg,0,benchmark/classifier_crops/crop_0083.jpg,1,0.27509891986846924,520,305,1,0.406632137298584,0.4242455800374349,0.012826919555664062,0.027523295084635416,512.2799072265625,295.5484313964844,528.6983642578125,315.3652038574219
84,pos_train_frame_058.jpg,0,benchmark/classifier_crops/crop_0084.jpg,1,0.3098433315753937,523,387,1,0.4087523460388184,0.538393063015408,0.012997627258300781,0.03960791693793403,514.884521484375,373.3841552734375,531.521484375,401.90185546875
85,pos_train_frame_059.jpg,0,benchmark/classifier_crops/crop_0085.jpg,1,0.27608972787857056,733,337,1,0.5732077598571778,0.4688987731933594,0.01706562042236328,0.05117314656575521,722.783935546875,319.1847839355469,744.6279296875,356.0294494628906
86,pos_train_frame_060.jpg,0,benchmark/classifier_crops/crop_0086.jpg,1,0.27608972787857056,733,337,1,0.5732077598571778,0.4688987731933594,0.01706562042236328,0.05117314656575521,722.783935546875,319.1847839355469,744.6279296875,356.0294494628906
87,pos_train_frame_061.jpg,0,benchmark/classifier_crops/crop_0087.jpg,0,0.27645811438560486,838,549,1,0.6553342342376709,0.7629247029622396,0.00879974365234375,0.030402967664930555,833.1959838867188,538.3607177734375,844.4596557617188,560.2508544921875
88,pos_train_frame_061.jpg,1,benchmark/classifier_crops/crop_0088.jpg,0,0.27616140246391296,507,330,1,0.39610588550567627,0.458396487765842,0.009733438491821289,0.030495029025607637,500.7861328125,319.0672607421875,513.2449340820312,341.023681640625
89,pos_train_frame_061.jpg,2,benchmark/classifier_crops/crop_0089.jpg,1,0.26816436648368835,906,531,1,0.7080986976623536,0.7380977206759982,0.009096717834472657,0.03394911024305555,900.54443359375,519.2086791992188,912.188232421875,543.6520385742188
90,pos_train_frame_062.jpg,0,benchmark/classifier_crops/crop_0090.jpg,0,0.6633344292640686,844,486,1,0.6597973823547363,0.6753451029459635,0.010183906555175782,0.03519931369357639,838.02294921875,473.57672119140625,851.058349609375,498.92022705078125
91,pos_train_frame_062.jpg,1,benchmark/classifier_crops/crop_0091.jpg,0,0.6317189931869507,359,267,1,0.28109493255615237,0.3714491950141059,0.010950756072998048,0.029969618055555557,352.79302978515625,256.65435791015625,366.80999755859375,278.23248291015625
92,pos_train_frame_062.jpg,2,benchmark/classifier_crops/crop_0092.jpg,0,0.33535680174827576,660,450,1,0.5159809112548828,0.6257483164469401,0.009899616241455078,0.03637135823567708,654.1198120117188,437.4450988769531,666.7913208007812,463.6324768066406
93,pos_train_frame_062.jpg,3,benchmark/classifier_crops/crop_0093.jpg,1,0.2790874242782593,792,356,1,0.619273567199707,0.4955996619330512,0.01024322509765625,0.031160651312934027,786.114501953125,345.6139221191406,799.225830078125,368.0495910644531
94,pos_train_frame_063.jpg,0,benchmark/classifier_crops/crop_0094.jpg,0,0.4218478798866272,264,347,1,0.20647335052490234,0.4825720469156901,0.010803508758544921,0.032084825303819446,257.37164306640625,335.9013366699219,271.20013427734375,359.0024108886719
95,pos_train_frame_063.jpg,1,benchmark/classifier_crops/crop_0095.jpg,0,0.2934970259666443,889,434,1,0.695279884338379,0.6032049391004775,0.010746002197265625,0.03385518391927083,883.080810546875,422.11968994140625,896.835693359375,446.49542236328125
96,pos_train_frame_063.jpg,2,benchmark/classifier_crops/crop_0096.jpg,1,0.25858408212661743,613,334,1,0.4796730995178223,0.46422318352593317,0.008988380432128906,0.02498999701605903,608.22900390625,325.2442932128906,619.734130859375,343.2370910644531
97,pos_train_frame_064.jpg,0,benchmark/classifier_crops/crop_0097.jpg,1,0.5137161016464233,963,434,1,0.7530094146728515,0.6038994683159722,0.012397384643554688,0.03652750651041667,955.917724609375,421.65771484375,971.786376953125,447.95751953125
98,pos_train_frame_065.jpg,0,benchmark/classifier_crops/crop_0098.jpg,1,0.5137161016464233,963,434,1,0.7530094146728515,0.6038994683159722,0.012397384643554688,0.03652750651041667,955.917724609375,421.65771484375,971.786376953125,447.95751953125
99,pos_train_frame_066.jpg,0,benchmark/classifier_crops/crop_0099.jpg,1,0.5488536357879639,360,290,1,0.28197293281555175,0.4038107130262587,0.011101055145263671,0.03107265896267361,353.8206787109375,279.55755615234375,368.030029296875,301.92987060546875
100,pos_train_frame_068.jpg,0,benchmark/classifier_crops/crop_0100.jpg,1,0.46104592084884644,278,268,1,0.21744656562805176,0.3736029730902778,0.009271526336669922,0.024848090277777776,272.3978271484375,260.048828125,284.265380859375,277.939453125
101,pos_train_frame_069.jpg,0,benchmark/classifier_crops/crop_0101.jpg,0,0.33963635563850403,1175,496,1,0.918730354309082,0.6893975151909723,0.008661270141601562,0.029573737250434027,1170.431640625,485.71966552734375,1181.51806640625,507.01275634765625
102,pos_train_frame_069.jpg,1,benchmark/classifier_crops/crop_0102.jpg,1,0.2558119595050812,263,264,1,0.20576183795928954,0.3678298526340061,0.008031463623046875,0.02461361355251736,258.2350158691406,255.97659301757812,268.5152893066406,273.6983947753906
103,pos_train_frame_070.jpg,0,benchmark/classifier_crops/crop_0103.jpg,1,0.3506947159767151,250,266,1,0.19540276527404785,0.3698747422960069,0.007956242561340332,0.02782711452907986,245.02354431152344,256.29205322265625,255.20753479003906,276.32757568359375
104,pos_train_frame_071.jpg,0,benchmark/classifier_crops/crop_0104.jpg,1,0.6973312497138977,236,409,1,0.1843923568725586,0.5684229109022353,0.012157011032104491,0.03417332967122396,228.24172973632812,396.96209716796875,243.80270385742188,421.56689453125
105,pos_train_frame_073.jpg,0,benchmark/classifier_crops/crop_0105.jpg,1,0.3779555857181549,258,377,1,0.20197315216064454,0.52431640625,0.012086248397827149,0.030489603678385418,250.79043579101562,366.53155517578125,266.2608337402344,388.48406982421875
106,pos_train_frame_074.jpg,0,benchmark/classifier_crops/crop_0106.jpg,1,0.3779555857181549,258,377,1,0.20197315216064454,0.52431640625,0.012086248397827149,0.030489603678385418,250.79043579101562,366.53155517578125,266.2608337402344,388.48406982421875
107,pos_train_frame_075.jpg,0,benchmark/classifier_crops/crop_0107.jpg,1,0.5527129769325256,257,433,1,0.20084586143493652,0.6020754920111762,0.01804375648498535,0.05413614908854167,245.53469848632812,414.0053405761719,268.6307067871094,452.9833679199219
108,pos_train_frame_076.jpg,0,benchmark/classifier_crops/crop_0108.jpg,1,0.7288238406181335,216,395,1,0.16932244300842286,0.549839104546441,0.011989927291870118,0.03377159966362847,209.05917358398438,383.72637939453125,224.40628051757812,408.04193115234375
109,pos_train_frame_077.jpg,0,benchmark/classifier_crops/crop_0109.jpg,1,0.5103663802146912,194,422,1,0.15163092613220214,0.5866268581814236,0.02015509605407715,0.05773044162326389,181.18832397460938,401.58837890625,206.98684692382812,443.154296875
110,pos_train_frame_079.jpg,0,benchmark/classifier_crops/crop_0110.jpg,0,0.7979780435562134,259,359,1,0.20252552032470703,0.4989622328016493,0.019254779815673827,0.046339925130208334,246.90960693359375,342.5704345703125,271.55572509765625,375.9351806640625
111,pos_train_frame_079.jpg,1,benchmark/classifier_crops/crop_0111.jpg,1,0.34471485018730164,296,228,1,0.2316065788269043,0.3171841091579861,0.008737277984619141,0.031635877821180554,290.86456298828125,216.983642578125,302.04827880859375,239.761474609375
112,pos_train_frame_080.jpg,0,benchmark/classifier_crops/crop_0112.jpg,0,0.7979780435562134,259,359,1,0.20252552032470703,0.4989622328016493,0.019254779815673827,0.046339925130208334,246.90960693359375,342.5704345703125,271.55572509765625,375.9351806640625
113,pos_train_frame_080.jpg,1,benchmark/classifier_crops/crop_0113.jpg,1,0.34471485018730164,296,228,1,0.2316065788269043,0.3171841091579861,0.008737277984619141,0.031635877821180554,290.86456298828125,216.983642578125,302.04827880859375,239.761474609375
114,pos_train_frame_081.jpg,0,benchmark/classifier_crops/crop_0114.jpg,1,0.5651450157165527,630,409,1,0.4928936004638672,0.5682647705078125,0.0105377197265625,0.028540802001953126,624.15966796875,398.8759460449219,637.64794921875,419.4253234863281
115,pos_train_frame_082.jpg,0,benchmark/classifier_crops/crop_0115.jpg,1,0.5651450157165527,630,409,1,0.4928936004638672,0.5682647705078125,0.0105377197265625,0.028540802001953126,624.15966796875,398.8759460449219,637.64794921875,419.4253234863281
116,pos_train_frame_083.jpg,0,benchmark/classifier_crops/crop_0116.jpg,1,0.5218797326087952,654,356,1,0.5110458374023438,0.4950865003797743,0.010844993591308593,0.03106875949435764,647.1978759765625,345.27752685546875,661.0794677734375,367.64703369140625
117,pos_train_frame_085.jpg,0,benchmark/classifier_crops/crop_0117.jpg,1,0.8206655979156494,665,342,1,0.5196088790893555,0.4753335316975911,0.011966705322265625,0.028733062744140624,657.440673828125,331.896240234375,672.758056640625,352.58404541015625
118,pos_train_frame_086.jpg,0,benchmark/classifier_crops/crop_0118.jpg,1,0.8206655979156494,665,342,1,0.5196088790893555,0.4753335316975911,0.011966705322265625,0.028733062744140624,657.440673828125,331.896240234375,672.758056640625,352.58404541015625
119,pos_train_frame_087.jpg,0,benchmark/classifier_crops/crop_0119.jpg,1,0.38956648111343384,296,367,1,0.2315521240234375,0.5103993733723958,0.010036849975585937,0.03616146511501736,289.963134765625,354.46942138671875,302.810302734375,380.50567626953125
120,pos_train_frame_088.jpg,0,benchmark/classifier_crops/crop_0120.jpg,0,0.3205944001674652,454,382,1,0.3549844264984131,0.5315689934624566,0.010886859893798829,0.033330281575520836,447.4124755859375,370.73077392578125,461.34765625,394.72857666015625
121,pos_train_frame_088.jpg,1,benchmark/classifier_crops/crop_0121.jpg,1,0.2985800504684448,1271,526,1,0.9935587882995606,0.7309811062282986,0.011604881286621094,0.03933139377170139,1264.328125,512.1470947265625,1279.182373046875,540.4656982421875
122,pos_train_frame_090.jpg,0,benchmark/classifier_crops/crop_0122.jpg,0,0.5164218544960022,751,433,1,0.5867250442504883,0.6021683586968316,0.012897872924804687,0.0358551025390625,742.75341796875,420.65338134765625,759.2626953125,446.46905517578125
123,pos_train_frame_090.jpg,1,benchmark/classifier_crops/crop_0123.jpg,0,0.4065425992012024,457,346,1,0.3575271129608154,0.48138453165690104,0.009905338287353516,0.026458909776475695,451.2952880859375,337.0716552734375,463.97412109375,356.1220703125
124,pos_train_frame_090.jpg,2,benchmark/classifier_crops/crop_0124.jpg,1,0.2782824635505676,811,335,1,0.6342267513275146,0.46636394924587676,0.010835361480712891,0.018839009602864585,804.8756103515625,329.0,818.744873046875,342.5640869140625
125,pos_train_frame_091.jpg,0,benchmark/classifier_crops/crop_0125.jpg,0,0.5308600068092346,443,389,1,0.3464037418365479,0.5412931230333117,0.011613559722900391,0.03676732381184896,435.964111328125,376.49481201171875,450.8294677734375,402.96728515625
126,pos_train_frame_091.jpg,1,benchmark/classifier_crops/crop_0126.jpg,0,0.4188203811645508,735,351,1,0.5749067306518555,0.4878517150878906,0.01420421600341797,0.046206834581163196,726.7899169921875,334.6187744140625,744.9713134765625,367.8876953125
127,pos_train_frame_091.jpg,2,benchmark/classifier_crops/crop_0127.jpg,1,0.3169865012168884,393,427,1,0.3075967788696289,0.5938231574164496,0.012882041931152343,0.05089942084418403,385.4793701171875,409.2288818359375,401.9683837890625,445.87646484375
128,pos_train_frame_092.jpg,0,benchmark/classifier_crops/crop_0128.jpg,0,0.3987445831298828,406,227,1,0.3178966522216797,0.3156935797797309,0.010251235961914063,0.03266550699869792,400.346923828125,215.539794921875,413.468505859375,239.0589599609375
129,pos_train_frame_092.jpg,1,benchmark/classifier_crops/crop_0129.jpg,1,0.3526494801044464,70,242,1,0.055231571197509766,0.33650640911526153,0.009142732620239258,0.029716300964355468,64.84506225585938,231.5867462158203,76.54776000976562,252.98248291015625
130,pos_train_frame_093.jpg,0,benchmark/classifier_crops/crop_0130.jpg,0,0.3987445831298828,406,227,1,0.3178966522216797,0.3156935797797309,0.010251235961914063,0.03266550699869792,400.346923828125,215.539794921875,413.468505859375,239.0589599609375
131,pos_train_frame_093.jpg,1,benchmark/classifier_crops/crop_0131.jpg,1,0.3526494801044464,70,242,1,0.055231571197509766,0.33650640911526153,0.009142732620239258,0.029716300964355468,64.84506225585938,231.5867462158203,76.54776000976562,252.98248291015625
132,pos_train_frame_094.jpg,0,benchmark/classifier_crops/crop_0132.jpg,1,0.5690425038337708,395,162,1,0.3090477466583252,0.2259849124484592,0.009937858581542969,0.028150728013780383,389.22088623046875,152.5748748779297,401.94134521484375,172.84339904785156
133,pos_train_frame_095.jpg,0,benchmark/classifier_crops/crop_0133.jpg,1,0.7600900530815125,842,428,1,0.657901382446289,0.5957983228895399,0.012226581573486328,0.03679283989800347,834.2887573242188,415.7293701171875,849.9387817382812,442.22021484375
134,pos_train_frame_096.jpg,0,benchmark/classifier_crops/crop_0134.jpg,0,0.351065069437027,712,479,1,0.5568078994750977,0.6658289167616103,0.012265586853027343,0.041959889729817706,704.8641357421875,464.291259765625,720.5640869140625,494.50238037109375
135,pos_train_frame_096.jpg,1,benchmark/classifier_crops/crop_0135.jpg,1,0.3166840970516205,927,448,1,0.7243159294128418,0.6227305094401042,0.019970703125,0.041155497233072914,914.3431396484375,433.54998779296875,939.9056396484375,463.18194580078125
136,pos_train_frame_098.jpg,0,benchmark/classifier_crops/crop_0136.jpg,1,0.7794417142868042,949,367,1,0.7415558338165283,0.5102876027425131,0.014394760131835938,0.04180018107096354,939.9788208007812,352.3590087890625,958.4041137695312,382.45513916015625
137,pos_train_frame_100.jpg,0,benchmark/classifier_crops/crop_0137.jpg,1,0.4238007962703705,956,378,1,0.7471804618835449,0.5261100345187717,0.01022491455078125,0.026839701334635417,949.8470458984375,369.1369323730469,962.9349365234375,388.4615173339844
138,pos_train_frame_101.jpg,0,benchmark/classifier_crops/crop_0138.jpg,1,0.2786649167537689,779,291,1,0.6089329242706298,0.4052074856228299,0.010010051727294921,0.029624430338541667,773.0277099609375,281.0845947265625,785.840576171875,302.4141845703125
139,pos_train_frame_103.jpg,0,benchmark/classifier_crops/crop_0139.jpg,1,0.692449688911438,166,415,1,0.12981070280075074,0.5764700995551215,0.011575675010681153,0.03270501030815972,158.749267578125,403.28466796875,173.56613159179688,426.832275390625
140,pos_train_frame_104.jpg,0,benchmark/classifier_crops/crop_0140.jpg,1,0.692449688911438,166,415,1,0.12981070280075074,0.5764700995551215,0.011575675010681153,0.03270501030815972,158.749267578125,403.28466796875,173.56613159179688,426.832275390625
141,pos_train_frame_105.jpg,0,benchmark/classifier_crops/crop_0141.jpg,1,0.5804386734962463,717,317,1,0.5606634616851807,0.44162105984157984,0.011389827728271485,0.033471934000651044,710.3597412109375,305.9172668457031,724.938720703125,330.0170593261719
142,pos_train_frame_106.jpg,0,benchmark/classifier_crops/crop_0142.jpg,1,0.37270206212997437,481,496,1,0.3763105392456055,0.6894841300116645,0.012476348876953125,0.04645830790201823,473.692626953125,479.7035827636719,489.662353515625,513.153564453125
143,pos_train_frame_109.jpg,0,benchmark/classifier_crops/crop_0143.jpg,1,0.6579673886299133,825,308,1,0.6445782661437989,0.428889889187283,0.01071319580078125,0.031004418267144097,818.2037353515625,297.6391296386719,831.9166259765625,319.9623107910156
144,pos_train_frame_110.jpg,0,benchmark/classifier_crops/crop_0144.jpg,1,0.2915535569190979,777,379,1,0.607086181640625,0.5274141947428386,0.006894874572753906,0.032430013020833336,772.6575927734375,368.06341552734375,781.4830322265625,391.41302490234375
145,pos_val_frame_006.jpg,0,benchmark/classifier_crops/crop_0145.jpg,1,0.8625807166099548,855,481,1,0.6679721355438233,0.6689909193250868,0.012467098236083985,0.04067857530381944,847.025390625,467.0291748046875,862.9832763671875,496.3177490234375
146,pos_val_frame_007.jpg,0,benchmark/classifier_crops/crop_0146.jpg,0,0.6423915028572083,856,439,1,0.668875789642334,0.6105696784125434,0.011334800720214843,0.03382381863064236,848.90673828125,427.43359375,863.415283203125,451.7867431640625
147,pos_val_frame_007.jpg,1,benchmark/classifier_crops/crop_0147.jpg,1,0.25256383419036865,892,315,1,0.6969669818878174,0.4380200703938802,0.010678386688232422,0.03283454047309028,885.2835693359375,303.55401611328125,898.951904296875,327.19488525390625
148,pos_val_frame_014.jpg,0,benchmark/classifier_crops/crop_0148.jpg,1,0.8081967830657959,1128,338,1,0.8815214157104492,0.46970108879937067,0.011301994323730469,0.02997962103949653,1121.1141357421875,327.3921203613281,1135.5806884765625,348.9774475097656
149,pos_val_frame_016.jpg,0,benchmark/classifier_crops/crop_0149.jpg,1,0.3144439160823822,262,349,1,0.20545573234558107,0.48495474921332465,0.011282205581665039,0.035548570421006946,255.76272583007812,336.36993408203125,270.2039489746094,361.96490478515625
150,pos_val_frame_017.jpg,0,benchmark/classifier_crops/crop_0150.jpg,1,0.4376901686191559,1114,371,1,0.8707109451293945,0.5165733761257596,0.011921501159667969,0.02637574937608507,1106.8802490234375,362.43756103515625,1122.1397705078125,381.4281005859375
151,pos_val_frame_020.jpg,0,benchmark/classifier_crops/crop_0151.jpg,0,0.3616740107536316,1133,336,1,0.8854200363159179,0.46757952372233075,0.01104583740234375,0.033363596598307295,1126.268310546875,324.6463623046875,1140.406982421875,348.66815185546875
152,pos_val_frame_020.jpg,1,benchmark/classifier_crops/crop_0152.jpg,0,0.26086413860321045,540,288,1,0.4221366882324219,0.40108604431152345,0.012279891967773437,0.02988705105251736,532.475830078125,278.0226135253906,548.194091796875,299.5412902832031
153,pos_val_frame_020.jpg,2,benchmark/classifier_crops/crop_0153.jpg,1,0.25949564576148987,666,344,1,0.5206352233886719,0.47905523512098525,0.007301712036132812,0.030529954698350695,661.739990234375,333.9289855957031,671.086181640625,355.9105529785156
154,pos_val_frame_030.jpg,0,benchmark/classifier_crops/crop_0154.jpg,0,0.635996401309967,440,423,1,0.34399054050445554,0.58794068230523,0.011452198028564453,0.030243089463975695,432.9784851074219,412.4297790527344,447.6372985839844,434.2048034667969
155,pos_val_frame_030.jpg,1,benchmark/classifier_crops/crop_0155.jpg,1,0.4223063886165619,407,313,1,0.31824407577514646,0.43503028021918405,0.009721612930297852,0.02919701470269097,401.1305847167969,302.71087646484375,413.5742492675781,323.73272705078125
156,pos_val_frame_031.jpg,0,benchmark/classifier_crops/crop_0156.jpg,0,0.635996401309967,440,423,1,0.34399054050445554,0.58794068230523,0.011452198028564453,0.030243089463975695,432.9784851074219,412.4297790527344,447.6372985839844,434.2048034667969
157,pos_val_frame_031.jpg,1,benchmark/classifier_crops/crop_0157.jpg,1,0.4223063886165619,407,313,1,0.31824407577514646,0.43503028021918405,0.009721612930297852,0.02919701470269097,401.1305847167969,302.71087646484375,413.5742492675781,323.73272705078125
158,pos_val_frame_032.jpg,0,benchmark/classifier_crops/crop_0158.jpg,0,0.5233929753303528,762,356,1,0.5955615043640137,0.4957310994466146,0.007547950744628907,0.02659022013346354,757.488037109375,347.3539123535156,767.1494140625,366.4988708496094
159,pos_val_frame_032.jpg,1,benchmark/classifier_crops/crop_0159.jpg,1,0.28862980008125305,395,408,1,0.30873608589172363,0.5678746541341145,0.009701299667358398,0.029426913791232637,388.9733581542969,398.27606201171875,401.3910217285156,419.46343994140625
160,pos_val_frame_034.jpg,0,benchmark/classifier_crops/crop_0160.jpg,1,0.48469048738479614,818,326,1,0.639669132232666,0.4532611846923828,0.009771060943603516,0.026960839165581597,812.5230102539062,316.64215087890625,825.0299682617188,336.053955078125
161,pos_val_frame_038.jpg,0,benchmark/classifier_crops/crop_0161.jpg,1,0.5758405327796936,804,352,1,0.6281681060791016,0.48996124267578123,0.01134662628173828,0.03194986979166667,796.7933349609375,341.2701416015625,811.3170166015625,364.2740478515625
162,pos_val_frame_057.jpg,0,benchmark/classifier_crops/crop_0162.jpg,1,0.42488893866539,438,474,1,0.34295389652252195,0.6585586547851563,0.012463235855102539,0.0395904541015625,431.0045166015625,459.90966796875,446.95745849609375,488.414794921875
163,pos_val_frame_067.jpg,0,benchmark/classifier_crops/crop_0163.jpg,1,0.46104592084884644,278,268,1,0.21744656562805176,0.3736029730902778,0.009271526336669922,0.024848090277777776,272.3978271484375,260.048828125,284.265380859375,277.939453125
164,pos_val_frame_072.jpg,0,benchmark/classifier_crops/crop_0164.jpg,1,0.7761823534965515,232,394,1,0.18174104690551757,0.5484883202446832,0.010483837127685547,0.031325615776909725,225.91888427734375,383.6343688964844,239.33819580078125,406.1888122558594
165,pos_val_frame_078.jpg,0,benchmark/classifier_crops/crop_0165.jpg,0,0.8489605188369751,138,354,1,0.10840001106262206,0.4924022250705295,0.014593410491943359,0.0403106689453125,129.4122314453125,340.01776123046875,148.091796875,369.04144287109375
166,pos_val_frame_078.jpg,1,benchmark/classifier_crops/crop_0166.jpg,0,0.5803385972976685,505,385,1,0.39524827003479,0.5356337653266059,0.011095237731933594,0.03509029812282986,498.81683349609375,373.0238037109375,513.0187377929688,398.288818359375
167,pos_val_frame_078.jpg,2,benchmark/classifier_crops/crop_0167.jpg,1,0.3471149206161499,534,520,1,0.41736812591552735,0.722652350531684,0.01449432373046875,0.0533935546875,524.954833984375,501.0880126953125,543.507568359375,539.5313720703125
168,pos_val_frame_084.jpg,0,benchmark/classifier_crops/crop_0168.jpg,1,0.38243532180786133,652,397,1,0.5095438957214355,0.552488030327691,0.013129425048828126,0.0386566162109375,643.8133544921875,383.875,660.6190185546875,411.707763671875
169,pos_val_frame_089.jpg,0,benchmark/classifier_crops/crop_0169.jpg,0,0.36413297057151794,472,358,1,0.36888020038604735,0.49735429551866317,0.009589052200317383,0.031010606553819445,466.0296630859375,346.9312744140625,478.30364990234375,369.2589111328125
170,pos_val_frame_089.jpg,1,benchmark/classifier_crops/crop_0170.jpg,0,0.35183435678482056,712,313,1,0.5567039489746094,0.4350081549750434,0.009056377410888671,0.027784898546006943,706.7849731445312,303.20330810546875,718.3771362304688,323.20843505859375
171,pos_val_frame_089.jpg,2,benchmark/classifier_crops/crop_0171.jpg,0,0.3344953954219818,683,368,1,0.5343498229980469,0.5118424309624566,0.011109542846679688,0.032340325249565975,676.857666015625,356.884033203125,691.077880859375,380.1690673828125
172,pos_val_frame_089.jpg,3,benchmark/classifier_crops/crop_0172.jpg,1,0.3030771315097809,313,270,1,0.245001482963562,0.3761569976806641,0.007871484756469727,0.02619959513346354,308.56414794921875,261.40118408203125,318.6396484375,280.264892578125
173,pos_val_frame_097.jpg,0,benchmark/classifier_crops/crop_0173.jpg,0,0.351065069437027,712,479,1,0.5568078994750977,0.6658289167616103,0.012265586853027343,0.041959889729817706,704.8641357421875,464.291259765625,720.5640869140625,494.50238037109375
174,pos_val_frame_097.jpg,1,benchmark/classifier_crops/crop_0174.jpg,1,0.3166840970516205,927,448,1,0.7243159294128418,0.6227305094401042,0.019970703125,0.041155497233072914,914.3431396484375,433.54998779296875,939.9056396484375,463.18194580078125
175,pos_val_frame_099.jpg,0,benchmark/classifier_crops/crop_0175.jpg,1,0.4238007962703705,956,378,1,0.7471804618835449,0.5261100345187717,0.01022491455078125,0.026839701334635417,949.8470458984375,369.1369323730469,962.9349365234375,388.4615173339844
176,pos_val_frame_102.jpg,0,benchmark/classifier_crops/crop_0176.jpg,1,0.43557533621788025,582,303,1,0.4553050994873047,0.42131546868218317,0.008502197265625,0.02812474568684896,577.34912109375,293.22222900390625,588.23193359375,313.4720458984375
177,pos_val_frame_107.jpg,0,benchmark/classifier_crops/crop_0177.jpg,0,0.7469764351844788,397,529,1,0.31064720153808595,0.734769524468316,0.015222883224487305,0.051711018880208334,387.8857727050781,510.4180908203125,407.3710632324219,547.6500244140625
178,pos_val_frame_107.jpg,1,benchmark/classifier_crops/crop_0178.jpg,1,0.5607079267501831,802,351,1,0.6268158912658691,0.4880800035264757,0.012494277954101563,0.03873630099826389,794.3280029296875,337.4725341796875,810.3206787109375,365.3626708984375
179,pos_val_frame_108.jpg,0,benchmark/classifier_crops/crop_0179.jpg,1,0.6579673886299133,825,308,1,0.6445782661437989,0.428889889187283,0.01071319580078125,0.031004418267144097,818.2037353515625,297.6391296386719,831.9166259765625,319.9623107910156
