crop_id,frame,split,label,px_cx,px_cy,v2_split,bbox_area,aspect_ratio,norm_cx,norm_cy,h_mean,h_std,s_mean,s_std,v_mean,v_std,orange_ratio,white_ratio,dark_ratio,edge_density,circularity,hough_line_density,det_confidence
0,neg_001_f00200.jpg,test,0,755,284,test,0.000243,0.308,0.5902,0.3957,82.37,82.57,37.43,21.47,123.68,25.66,0.2529,0.0,0.0859,0.0728,0.4637,1.2207,0.396652
1,neg_002_f00400.jpg,test,0,792,464,test,0.000745,0.345,0.6195,0.6448,10.66,27.89,77.82,30.03,96.83,26.16,0.5945,0.0,0.2944,0.0708,0.1822,0.7324,0.627028
2,neg_004_f00800.jpg,train,0,425,204,train,0.000292,0.341,0.3321,0.2845,121.58,57.0,101.01,38.61,80.78,27.74,0.0005,0.0024,0.4995,0.033,0.5659,0.0,0.61229
3,neg_010_f05200.jpg,train,0,797,497,train,0.000711,0.349,0.6231,0.6903,66.58,80.9,90.65,48.16,92.61,26.54,0.2942,0.0,0.3135,0.0808,0.352,0.9766,0.820054
4,neg_010_f05200.jpg,train,0,792,271,train,0.000193,0.33,0.6193,0.3778,25.43,55.45,55.32,22.85,79.98,35.36,0.6045,0.0,0.6157,0.0156,0.227,0.4883,0.492076
5,neg_011_f05600.jpg,test,0,425,381,test,0.000475,0.329,0.3323,0.5299,96.64,83.92,72.8,32.58,99.86,16.26,0.0571,0.0,0.1157,0.0356,0.2692,0.4883,0.356342
6,neg_013_f06400.jpg,train,0,1061,372,train,0.000567,0.329,0.8293,0.5169,64.79,58.29,28.55,17.41,102.02,16.38,0.5117,0.0,0.0884,0.0344,0.1096,0.7324,0.701321
7,neg_018_f08400.jpg,train,0,581,381,train,0.000323,0.397,0.4546,0.5298,73.81,76.38,51.46,13.41,104.93,21.45,0.5271,0.0,0.21,0.0237,0.4695,0.2441,0.402549
8,neg_021_f09675.jpg,train,0,851,306,train,0.000321,0.317,0.6654,0.4262,97.73,82.47,49.6,19.13,79.69,23.68,0.1494,0.0,0.5432,0.0269,0.3293,0.7324,0.477426
9,neg_022_f10151.jpg,train,0,911,350,train,0.000748,0.392,0.7122,0.4863,50.72,73.59,67.46,48.01,102.88,19.21,0.3513,0.0,0.1274,0.083,0.2206,1.709,0.836626
10,neg_023_f10626.jpg,train,0,806,224,train,0.000285,0.3,0.6304,0.3116,146.92,30.66,94.49,44.05,76.1,26.15,0.0005,0.0,0.5801,0.0361,0.3115,0.4883,0.621485
11,neg_024_f11102.jpg,test,0,920,291,test,0.000337,0.37,0.7189,0.4055,20.88,48.22,74.05,28.61,86.82,16.06,0.3816,0.0,0.3799,0.0168,0.4744,0.2441,0.657443
12,neg_024_f11102.jpg,test,0,777,334,test,0.000323,0.335,0.6071,0.4648,54.78,60.11,22.81,11.37,97.64,21.24,0.5735,0.0,0.2219,0.0249,0.5849,0.0,0.350423
13,neg_024_f11102.jpg,test,0,827,238,test,0.000259,0.349,0.6462,0.3307,148.01,39.47,67.71,17.78,68.37,16.51,0.0,0.0,0.7964,0.0029,0.4031,0.0,0.30724
14,neg_028_f13004.jpg,train,0,1160,336,train,0.000304,0.264,0.907,0.4679,136.86,47.03,22.75,24.5,103.88,24.98,0.001,0.0,0.147,0.0427,0.5458,0.4883,0.533846
15,pos_train_frame_003.jpg,test,0,342,326,test,0.000295,0.452,0.2674,0.4536,126.82,71.74,68.77,31.93,71.56,26.97,0.105,0.0,0.6228,0.0378,0.1978,0.4883,0.539081
16,pos_train_frame_005.jpg,train,1,855,481,train,0.000507,0.306,0.668,0.669,34.66,59.59,64.38,35.5,81.27,25.41,0.4746,0.0,0.498,0.0493,0.1743,0.9766,0.862581
17,pos_train_frame_008.jpg,train,0,857,412,train,0.000689,0.326,0.6703,0.5732,46.94,70.19,61.35,34.53,92.08,23.56,0.3987,0.0,0.3496,0.0598,0.2501,1.2207,0.39137
18,pos_train_frame_008.jpg,train,0,892,268,train,0.000301,0.339,0.6972,0.3732,11.06,19.83,33.27,19.55,99.61,36.45,0.9775,0.0,0.3516,0.0125,0.7289,0.0,0.336474
19,pos_train_frame_008.jpg,train,1,810,253,train,0.000276,0.444,0.6328,0.3519,82.11,79.07,19.27,12.04,105.05,27.6,0.4939,0.0,0.1892,0.0469,0.5558,0.4883,0.259607
20,pos_train_frame_009.jpg,test,1,931,322,test,0.000366,0.303,0.7278,0.4483,24.44,50.01,78.08,40.72,88.79,30.25,0.5774,0.0,0.574,0.0266,0.3722,0.4883,0.514036
21,pos_train_frame_010.jpg,test,0,1021,270,test,0.000818,0.443,0.7984,0.3754,12.72,23.82,52.32,27.65,112.57,27.92,0.6841,0.0,0.1758,0.0793,0.4174,1.2207,0.538296
22,pos_train_frame_010.jpg,test,1,856,298,test,0.000246,0.404,0.6691,0.4147,39.2,62.44,58.05,21.79,92.01,28.1,0.7729,0.0,0.3889,0.012,0.3425,0.0,0.379532
23,pos_train_frame_011.jpg,train,0,1021,270,train,0.000818,0.443,0.7984,0.3754,12.72,23.82,52.32,27.65,112.57,27.92,0.6841,0.0,0.1758,0.0793,0.4174,1.2207,0.538296
24,pos_train_frame_011.jpg,train,1,856,298,train,0.000246,0.404,0.6691,0.4147,39.2,62.44,58.05,21.79,92.01,28.1,0.7729,0.0,0.3889,0.012,0.3425,0.0,0.379532
25,pos_train_frame_012.jpg,train,1,1079,286,train,0.000558,0.357,0.8437,0.3975,13.22,3.4,69.42,30.09,107.85,29.13,1.0,0.0,0.2209,0.0732,0.5325,1.709,0.756791
26,pos_train_frame_013.jpg,train,1,1102,346,train,0.000498,0.412,0.8612,0.4806,14.36,5.62,63.21,28.53,106.18,27.07,1.0,0.0,0.251,0.0405,0.5011,0.4883,0.615889
27,pos_train_frame_015.jpg,train,1,262,349,train,0.000401,0.317,0.2055,0.485,119.77,72.19,69.65,39.97,91.3,21.03,0.1917,0.0,0.3232,0.0488,0.5937,0.7324,0.314444
28,pos_train_frame_018.jpg,train,0,1116,333,train,0.000557,0.349,0.872,0.4636,13.47,3.52,70.26,28.43,103.28,27.72,1.0,0.0,0.2825,0.0432,0.1842,0.4883,0.793944
29,pos_train_frame_018.jpg,train,1,566,490,train,0.000372,0.323,0.4425,0.6812,126.74,10.33,32.83,14.73,73.86,20.39,0.0,0.0,0.7114,0.0525,0.448,1.2207,0.481709
30,pos_train_frame_019.jpg,train,0,1133,336,train,0.000369,0.331,0.8854,0.4676,48.66,67.02,73.75,32.65,90.01,31.4,0.7168,0.0,0.4966,0.052,0.2077,0.4883,0.361674
31,pos_train_frame_019.jpg,train,0,540,288,train,0.000367,0.411,0.4221,0.4011,96.17,31.58,16.99,8.81,100.18,17.68,0.0,0.0,0.1572,0.0066,0.6497,0.0,0.260864
32,pos_train_frame_019.jpg,train,1,666,344,train,0.000223,0.239,0.5206,0.4791,55.49,72.49,49.73,27.47,106.43,19.67,0.5825,0.0,0.1111,0.0232,0.1619,0.2441,0.259496
33,pos_train_frame_021.jpg,test,1,1141,350,test,0.000364,0.367,0.8916,0.4865,94.65,80.98,87.28,33.2,82.63,29.13,0.4175,0.0,0.5127,0.0798,0.1561,1.4648,0.519138
34,pos_train_frame_022.jpg,test,1,1140,363,test,0.000368,0.384,0.8909,0.5048,86.98,81.74,88.95,38.19,90.83,28.44,0.4016,0.0,0.447,0.0544,0.2087,0.4883,0.291682
35,pos_train_frame_023.jpg,test,0,1163,386,test,0.000535,0.373,0.9087,0.5366,51.74,70.68,91.07,39.0,78.82,29.05,0.5017,0.0,0.5625,0.1018,0.3093,1.9531,0.744061
36,pos_train_frame_023.jpg,test,0,457,419,test,0.00046,0.389,0.3571,0.5824,30.78,49.42,70.32,37.59,94.16,11.57,0.5352,0.0,0.0891,0.0,0.1169,0.0,0.622771
37,pos_train_frame_023.jpg,test,1,251,347,test,0.000305,0.375,0.1965,0.4825,140.85,33.58,174.03,43.32,105.99,25.38,0.0002,0.0,0.1169,0.0081,0.495,0.0,0.379238
38,pos_train_frame_024.jpg,train,0,1163,386,train,0.000535,0.373,0.9087,0.5366,51.74,70.68,91.07,39.0,78.82,29.05,0.5017,0.0,0.5625,0.1018,0.3093,1.9531,0.744061
39,pos_train_frame_024.jpg,train,0,457,419,train,0.00046,0.389,0.3571,0.5824,30.78,49.42,70.32,37.59,94.16,11.57,0.5352,0.0,0.0891,0.0,0.1169,0.0,0.622771
40,pos_train_frame_024.jpg,train,1,251,347,train,0.000305,0.375,0.1965,0.4825,140.85,33.58,174.03,43.32,105.99,25.38,0.0002,0.0,0.1169,0.0081,0.495,0.0,0.379238
41,pos_train_frame_025.jpg,train,0,280,566,train,0.000403,0.283,0.219,0.7871,88.99,43.95,22.39,12.38,70.68,14.27,0.0322,0.0,0.7639,0.0261,0.3799,0.2441,0.517545
42,pos_train_frame_025.jpg,train,1,248,351,train,0.000286,0.388,0.1939,0.4879,140.87,29.61,171.92,39.41,106.88,25.43,0.002,0.0,0.0886,0.0,0.5263,0.0,0.33407
43,pos_train_frame_026.jpg,train,1,103,610,train,0.000368,0.313,0.0806,0.8476,36.93,50.07,36.45,13.18,85.41,22.27,0.7783,0.0,0.5352,0.021,0.2854,0.2441,0.554462
44,pos_train_frame_027.jpg,train,1,1140,526,train,0.000606,0.324,0.8912,0.7318,20.39,23.07,81.26,24.57,87.84,17.84,0.9133,0.0,0.3386,0.0249,0.274,0.2441,0.451183
45,pos_train_frame_028.jpg,train,0,565,329,train,0.000287,0.331,0.4422,0.4578,43.7,61.22,38.37,9.02,93.53,14.35,0.7588,0.0,0.1831,0.0,0.1566,0.0,0.498797
46,pos_train_frame_028.jpg,train,1,473,303,train,0.000235,0.336,0.3697,0.4215,14.9,1.8,51.52,19.29,78.41,25.11,1.0,0.0,0.5261,0.0193,0.1311,0.2441,0.403663
47,pos_train_frame_029.jpg,test,0,807,239,test,0.000294,0.337,0.6308,0.3324,140.8,22.36,88.86,20.91,63.66,22.36,0.0,0.0,0.918,0.0247,0.5963,0.2441,0.300778
48,pos_train_frame_029.jpg,test,1,508,394,test,0.000342,0.317,0.3971,0.5474,21.78,46.71,55.54,24.45,120.96,18.84,0.6875,0.0,0.0293,0.0117,0.2284,0.2441,0.269126
49,pos_train_frame_033.jpg,test,1,792,337,test,0.000304,0.348,0.6191,0.4684,41.63,63.01,60.76,23.03,89.4,19.11,0.6604,0.0,0.2158,0.0266,0.236,0.2441,0.754
50,pos_train_frame_035.jpg,train,1,810,359,train,0.000288,0.406,0.6332,0.4991,120.67,74.21,83.81,29.43,78.8,20.17,0.1719,0.0,0.4873,0.0107,0.6207,0.2441,0.526475
51,pos_train_frame_036.jpg,train,1,810,359,train,0.000288,0.406,0.6332,0.4991,120.67,74.21,83.81,29.43,78.8,20.17,0.1719,0.0,0.4873,0.0107,0.6207,0.2441,0.526475
52,pos_train_frame_037.jpg,train,1,806,377,train,0.000344,0.387,0.6299,0.5244,27.82,52.72,72.89,31.16,94.23,29.9,0.5981,0.0,0.3506,0.0469,0.2771,1.2207,0.670905
53,pos_train_frame_039.jpg,train,1,791,363,train,0.000381,0.342,0.6186,0.5052,32.26,60.82,71.15,35.93,84.87,32.54,0.2339,0.0,0.4941,0.1196,0.5775,3.418,0.606163
54,pos_train_frame_040.jpg,test,1,791,363,test,0.000381,0.342,0.6186,0.5052,32.26,60.82,71.15,35.93,84.87,32.54,0.2339,0.0,0.4941,0.1196,0.5775,3.418,0.606163
55,pos_train_frame_041.jpg,train,1,745,431,train,0.000483,0.307,0.5821,0.5996,8.65,10.65,49.67,23.56,109.78,23.75,0.5229,0.0,0.104,0.0093,0.4604,0.0,0.819999
56,pos_train_frame_042.jpg,test,1,745,431,test,0.000485,0.305,0.5821,0.5996,8.38,8.44,50.06,24.11,109.35,23.9,0.5205,0.0,0.1038,0.0093,0.4604,0.0,0.824156
57,pos_train_frame_043.jpg,test,1,678,405,test,0.00036,0.421,0.5301,0.5626,12.71,8.27,55.14,25.1,96.34,24.97,0.7529,0.0,0.3936,0.0413,0.1457,0.4883,0.673495
58,pos_train_frame_044.jpg,test,1,678,405,test,0.00036,0.421,0.5301,0.5626,12.71,8.27,55.14,25.1,96.34,24.97,0.7529,0.0,0.3936,0.0413,0.1457,0.4883,0.673495
59,pos_train_frame_045.jpg,train,1,680,353,train,0.000401,0.383,0.5319,0.4916,22.65,44.0,52.99,30.64,97.03,28.56,0.6067,0.0,0.4143,0.0364,0.181,0.7324,0.802256
60,pos_train_frame_046.jpg,train,0,677,335,train,0.000331,0.313,0.5296,0.4657,69.93,76.02,56.76,31.32,88.13,22.76,0.199,0.0,0.4319,0.0293,0.3451,0.4883,0.811482
61,pos_train_frame_046.jpg,train,1,269,173,train,0.000403,0.326,0.2102,0.2409,149.96,26.91,21.14,14.01,68.88,17.81,0.0,0.0,0.7004,0.0581,0.3219,1.709,0.320006
62,pos_train_frame_047.jpg,train,0,248,441,train,0.000373,0.3,0.1939,0.6134,42.8,63.59,41.26,12.57,77.98,10.98,0.1562,0.0,0.4685,0.0139,0.5006,0.2441,0.470645
63,pos_train_frame_047.jpg,train,1,178,348,train,0.000395,0.357,0.1397,0.4841,34.44,32.16,36.23,14.79,75.22,28.83,0.634,0.0,0.6487,0.0239,0.1488,0.4883,0.437456
64,pos_train_frame_047.jpg,train,0,6,340,train,0.000471,0.199,0.0048,0.4725,29.92,40.79,46.59,20.96,106.08,27.1,0.8555,0.0,0.1772,0.0813,0.6602,1.4648,0.30562
65,pos_train_frame_047.jpg,train,0,176,347,train,0.000276,0.454,0.1378,0.4831,28.63,24.93,38.6,12.61,58.89,18.61,0.7188,0.0,0.9153,0.02,0.1207,0.4883,0.267367
66,pos_train_frame_048.jpg,train,0,248,441,train,0.000373,0.3,0.1939,0.6134,42.8,63.59,41.26,12.57,77.98,10.98,0.1562,0.0,0.4685,0.0139,0.5006,0.2441,0.470645
67,pos_train_frame_048.jpg,train,1,178,348,train,0.000395,0.357,0.1397,0.4841,34.44,32.16,36.23,14.79,75.22,28.83,0.634,0.0,0.6487,0.0239,0.1488,0.4883,0.437456
68,pos_train_frame_048.jpg,train,0,6,340,train,0.000471,0.199,0.0048,0.4725,29.92,40.79,46.59,20.96,106.08,27.1,0.8555,0.0,0.1772,0.0813,0.6602,1.4648,0.30562
69,pos_train_frame_048.jpg,train,0,176,347,train,0.000276,0.454,0.1378,0.4831,28.63,24.93,38.6,12.61,58.89,18.61,0.7188,0.0,0.9153,0.02,0.1207,0.4883,0.267367
70,pos_train_frame_049.jpg,train,0,186,386,train,0.000405,0.348,0.1459,0.5374,144.67,41.65,16.24,8.7,80.23,23.33,0.0701,0.0,0.4673,0.0251,0.2894,0.2441,0.528907
71,pos_train_frame_049.jpg,train,0,266,525,train,0.000357,0.334,0.2079,0.7305,9.87,15.3,36.99,11.54,106.36,14.52,0.8887,0.0,0.0227,0.0,0.5044,0.0,0.511116
72,pos_train_frame_049.jpg,train,1,326,414,train,0.00049,0.291,0.2549,0.5757,25.58,17.75,25.33,9.1,115.37,4.88,0.7854,0.0,0.0029,0.0,0.3664,0.0,0.347428
73,pos_train_frame_050.jpg,test,0,101,417,test,0.00068,0.362,0.0794,0.5803,33.43,38.49,51.23,28.64,86.26,42.2,0.8169,0.0,0.5359,0.0667,0.1835,1.4648,0.73067
74,pos_train_frame_050.jpg,test,1,182,301,test,0.000341,0.372,0.1427,0.4189,157.87,37.57,41.0,24.74,110.4,25.66,0.0,0.0,0.1448,0.0281,0.6646,0.0,0.574304
75,pos_train_frame_051.jpg,train,0,217,366,train,0.000445,0.323,0.1699,0.5089,30.25,44.0,31.41,11.61,103.66,26.79,0.7505,0.0,0.2292,0.0342,0.3811,0.4883,0.503114
76,pos_train_frame_051.jpg,train,1,729,262,train,0.000262,0.414,0.5701,0.3641,104.61,47.33,48.36,26.9,79.91,15.09,0.1782,0.0,0.5596,0.0132,0.2923,0.2441,0.265786
77,pos_train_frame_052.jpg,train,0,217,366,train,0.000445,0.323,0.1699,0.5089,30.25,44.0,31.41,11.61,103.66,26.79,0.7505,0.0,0.2292,0.0342,0.3811,0.4883,0.503114
78,pos_train_frame_052.jpg,train,1,729,262,train,0.000262,0.414,0.5701,0.3641,104.61,47.33,48.36,26.9,79.91,15.09,0.1782,0.0,0.5596,0.0132,0.2923,0.2441,0.265786
79,pos_train_frame_053.jpg,train,0,282,388,train,0.000319,0.348,0.2209,0.5398,69.09,72.72,19.79,9.64,107.01,23.07,0.5535,0.0,0.1208,0.0139,0.3256,0.2441,0.443647
80,pos_train_frame_053.jpg,train,1,727,203,train,0.000206,0.376,0.5687,0.283,24.38,49.51,52.75,29.1,74.88,27.1,0.1719,0.0,0.5974,0.0315,0.3827,0.7324,0.323255
81,pos_train_frame_054.jpg,train,1,856,197,train,0.000263,0.3,0.6692,0.2743,80.36,80.52,65.68,30.75,67.4,22.84,0.125,0.0,0.686,0.022,0.1821,0.2441,0.761421
82,pos_train_frame_055.jpg,train,1,856,197,train,0.000263,0.3,0.6692,0.2743,80.36,80.52,65.68,30.75,67.4,22.84,0.125,0.0,0.686,0.022,0.1821,0.2441,0.761421
83,pos_train_frame_056.jpg,train,1,520,305,train,0.000353,0.466,0.4066,0.4242,33.29,61.04,86.53,35.79,86.04,22.12,0.5576,0.0,0.3354,0.0244,0.4317,0.2441,0.275099
84,pos_train_frame_058.jpg,train,1,523,387,train,0.000515,0.328,0.4088,0.5384,26.11,57.57,51.44,25.15,88.89,27.02,0.2849,0.0,0.3562,0.0576,0.1487,0.9766,0.309843
85,pos_train_frame_059.jpg,test,1,733,337,test,0.000873,0.333,0.5732,0.4689,73.84,74.13,41.95,20.51,86.1,30.53,0.4827,0.0,0.3562,0.0886,0.1961,0.9766,0.27609
86,pos_train_frame_060.jpg,test,1,733,337,test,0.000873,0.333,0.5732,0.4689,73.84,74.13,41.95,20.51,86.1,30.53,0.4827,0.0,0.3562,0.0886,0.1961,0.9766,0.27609
87,pos_train_frame_061.jpg,test,0,838,549,test,0.000268,0.289,0.6553,0.7629,11.74,4.96,44.26,21.42,105.03,33.21,1.0,0.0,0.304,0.0518,0.2675,0.7324,0.276458
88,pos_train_frame_061.jpg,test,0,507,330,test,0.000297,0.319,0.3961,0.4584,58.37,70.15,44.72,21.55,104.93,13.59,0.0,0.0,0.0149,0.0127,0.2997,0.0,0.276161
89,pos_train_frame_061.jpg,test,1,906,531,test,0.000309,0.268,0.7081,0.7381,119.27,59.06,26.75,16.2,111.03,27.08,0.1987,0.0,0.1509,0.0217,0.3162,0.2441,0.268164
90,pos_train_frame_062.jpg,train,0,844,486,train,0.000358,0.289,0.6598,0.6753,45.38,47.76,28.44,15.14,94.34,22.61,0.6733,0.0,0.2026,0.0259,0.2126,0.0,0.663334
91,pos_train_frame_062.jpg,train,0,359,267,train,0.000328,0.365,0.2811,0.3714,120.41,59.17,103.42,26.32,65.76,20.62,0.0337,0.0,0.7275,0.0,0.6484,0.0,0.631719
92,pos_train_frame_062.jpg,train,0,660,450,train,0.00036,0.272,0.516,0.6257,66.09,73.46,38.18,15.81,81.31,26.39,0.5564,0.0,0.49,0.0266,0.5516,0.2441,0.335357
93,pos_train_frame_062.jpg,train,1,792,356,train,0.000319,0.329,0.6193,0.4956,25.65,44.99,33.72,10.16,103.28,12.21,0.8613,0.0,0.033,0.0042,0.3864,0.0,0.279087
94,pos_train_frame_063.jpg,train,0,264,347,train,0.000347,0.337,0.2065,0.4826,33.29,50.07,68.68,22.78,85.87,13.0,0.7332,0.0,0.2441,0.0024,0.4422,0.0,0.421848
95,pos_train_frame_063.jpg,train,0,889,434,train,0.000364,0.317,0.6953,0.6032,145.71,62.36,49.94,12.97,99.39,19.67,0.1118,0.0,0.1416,0.0095,0.2849,0.0,0.293497
96,pos_train_frame_063.jpg,train,1,613,334,train,0.000225,0.36,0.4797,0.4642,7.68,2.54,53.02,5.22,101.49,11.98,1.0,0.0,0.0728,0.0,0.3338,0.0,0.258584
97,pos_train_frame_064.jpg,test,1,963,434,test,0.000453,0.339,0.753,0.6039,72.45,67.65,26.64,12.97,98.78,20.39,0.4246,0.0,0.2476,0.0432,0.0803,0.4883,0.513716
98,pos_train_frame_065.jpg,train,1,963,434,train,0.000453,0.339,0.753,0.6039,72.45,67.65,26.64,12.97,98.78,20.39,0.4246,0.0,0.2476,0.0432,0.0803,0.4883,0.513716
99,pos_train_frame_066.jpg,train,1,360,290,train,0.000345,0.357,0.282,0.4038,133.79,34.81,63.55,21.57,57.35,15.39,0.0566,0.0,0.9092,0.0,0.2086,0.0,0.548854
100,pos_train_frame_068.jpg,train,1,278,268,train,0.00023,0.373,0.2174,0.3736,140.87,17.3,81.7,21.38,60.1,14.05,0.0,0.0,0.9065,0.0,0.8197,0.0,0.461046
101,pos_train_frame_069.jpg,train,0,1175,496,train,0.000256,0.293,0.9187,0.6894,27.67,28.71,26.4,15.06,84.75,26.54,0.8828,0.0,0.4482,0.0366,0.3923,0.0,0.339636
102,pos_train_frame_069.jpg,train,1,263,264,train,0.000198,0.326,0.2058,0.3678,154.34,25.06,97.19,18.45,66.94,12.3,0.0,0.0,0.8748,0.0,0.2905,0.0,0.255812
103,pos_train_frame_070.jpg,test,1,250,266,test,0.000221,0.286,0.1954,0.3699,142.51,32.04,81.74,30.35,55.35,11.8,0.0049,0.0,0.9758,0.009,0.2793,0.2441,0.350695
104,pos_train_frame_071.jpg,test,1,236,409,test,0.000415,0.356,0.1844,0.5684,25.84,47.86,69.39,29.71,91.34,21.17,0.7366,0.0,0.3032,0.0273,0.1348,0.0,0.697331
105,pos_train_frame_073.jpg,train,1,258,377,train,0.000369,0.396,0.202,0.5243,34.27,59.58,85.32,22.99,89.84,23.34,0.7712,0.0,0.3594,0.019,0.1972,0.0,0.377956
106,pos_train_frame_074.jpg,train,1,258,377,train,0.000369,0.396,0.202,0.5243,34.27,59.58,85.32,22.99,89.84,23.34,0.7712,0.0,0.3594,0.019,0.1972,0.0,0.377956
107,pos_train_frame_075.jpg,test,1,257,433,test,0.000977,0.333,0.2008,0.6021,21.36,41.94,76.28,36.8,98.42,22.58,0.8022,0.0,0.1658,0.0913,0.2143,1.4648,0.552713
108,pos_train_frame_076.jpg,train,1,216,395,train,0.000405,0.355,0.1693,0.5498,42.54,67.23,75.23,26.12,91.9,20.58,0.4387,0.0,0.3826,0.0505,0.2569,0.4883,0.728824
109,pos_train_frame_077.jpg,train,1,194,422,train,0.001164,0.349,0.1516,0.5866,30.45,54.63,57.73,26.71,101.58,18.36,0.7852,0.0,0.147,0.0654,0.1414,0.9766,0.510366
110,pos_train_frame_079.jpg,train,0,259,359,train,0.000892,0.416,0.2025,0.499,7.14,3.19,81.51,34.71,114.48,32.03,0.7212,0.0,0.196,0.0806,0.1363,1.2207,0.797978
111,pos_train_frame_079.jpg,train,1,296,228,train,0.000276,0.276,0.2316,0.3172,64.78,63.42,28.29,10.74,111.97,11.19,0.5273,0.0,0.0095,0.0042,0.153,0.0,0.344715
112,pos_train_frame_080.jpg,train,0,259,359,train,0.000892,0.416,0.2025,0.499,7.14,3.19,81.51,34.71,114.48,32.03,0.7212,0.0,0.196,0.0806,0.1363,1.2207,0.797978
113,pos_train_frame_080.jpg,train,1,296,228,train,0.000276,0.276,0.2316,0.3172,64.78,63.42,28.29,10.74,111.97,11.19,0.5273,0.0,0.0095,0.0042,0.153,0.0,0.344715
114,pos_train_frame_081.jpg,train,1,630,409,train,0.000301,0.369,0.4929,0.5683,21.01,43.29,63.07,37.77,98.46,21.49,0.575,0.0,0.2637,0.0042,0.1846,0.0,0.565145
115,pos_train_frame_082.jpg,train,1,630,409,train,0.000301,0.369,0.4929,0.5683,21.01,43.29,63.07,37.77,98.46,21.49,0.575,0.0,0.2637,0.0042,0.1846,0.0,0.565145
116,pos_train_frame_083.jpg,test,1,654,356,test,0.000337,0.349,0.511,0.4951,14.19,7.21,35.31,17.48,93.68,29.85,0.9563,0.0,0.4026,0.0254,0.1497,0.2441,0.52188
117,pos_train_frame_085.jpg,train,1,665,342,train,0.000344,0.416,0.5196,0.4753,67.36,72.74,52.27,25.54,99.3,23.63,0.2646,0.0,0.2834,0.0281,0.2008,0.2441,0.820666
118,pos_train_frame_086.jpg,train,1,665,342,train,0.000344,0.416,0.5196,0.4753,67.36,72.74,52.27,25.54,99.3,23.63,0.2646,0.0,0.2834,0.0281,0.2008,0.2441,0.820666
119,pos_train_frame_087.jpg,train,1,296,367,train,0.000363,0.278,0.2316,0.5104,133.73,55.03,39.49,30.8,75.95,23.19,0.1006,0.0,0.5955,0.0483,0.346,1.2207,0.389566
120,pos_train_frame_088.jpg,train,0,454,382,train,0.000363,0.327,0.355,0.5316,9.06,30.25,42.17,13.15,114.93,18.03,0.2568,0.0,0.0422,0.0498,0.2878,0.9766,0.320594
121,pos_train_frame_088.jpg,train,1,1271,526,train,0.000456,0.295,0.9936,0.731,148.88,39.82,190.27,28.12,104.1,19.36,0.0,0.0,0.1079,0.0,0.6032,0.0,0.29858
122,pos_train_frame_090.jpg,test,0,751,433,test,0.000462,0.36,0.5867,0.6022,73.96,82.94,43.18,17.17,91.22,16.8,0.2817,0.0,0.3589,0.0049,0.2829,0.0,0.516422
123,pos_train_frame_090.jpg,test,0,457,346,test,0.000262,0.374,0.3575,0.4814,22.43,46.04,27.9,6.66,117.98,23.93,0.8523,0.0,0.0664,0.0195,0.2399,0.2441,0.406543
124,pos_train_frame_090.jpg,test,1,811,335,test,0.000204,0.575,0.6342,0.4664,127.23,41.51,20.9,9.32,78.6,28.48,0.0388,0.0,0.3767,0.0,0.3157,0.0,0.278282
125,pos_train_frame_091.jpg,train,0,443,389,train,0.000427,0.316,0.3464,0.5413,130.47,47.41,30.69,11.36,64.95,23.45,0.0942,0.0,0.7197,0.0259,0.5033,0.4883,0.53086
126,pos_train_frame_091.jpg,train,0,735,351,train,0.000656,0.307,0.5749,0.4879,59.8,73.59,61.2,35.23,80.83,20.91,0.4607,0.0,0.4878,0.0496,0.116,0.9766,0.41882
127,pos_train_frame_091.jpg,train,1,393,427,train,0.000656,0.253,0.3076,0.5938,115.06,73.32,36.06,20.77,94.4,37.32,0.1167,0.0,0.4409,0.0598,0.3146,0.7324,0.316987
128,pos_train_frame_092.jpg,test,0,406,227,test,0.000335,0.314,0.3179,0.3157,33.53,52.97,34.26,6.99,98.35,15.74,0.8137,0.0,0.0491,0.0281,0.2343,0.4883,0.398745
129,pos_train_frame_092.jpg,test,1,70,242,test,0.000272,0.308,0.0552,0.3365,91.06,75.11,56.64,15.47,99.48,19.37,0.4563,0.0,0.1621,0.0381,0.4695,0.7324,0.352649
130,pos_train_frame_093.jpg,train,0,406,227,train,0.000335,0.314,0.3179,0.3157,33.53,52.97,34.26,6.99,98.35,15.74,0.8137,0.0,0.0491,0.0281,0.2343,0.4883,0.398745
131,pos_train_frame_093.jpg,train,1,70,242,train,0.000272,0.308,0.0552,0.3365,91.06,75.11,56.64,15.47,99.48,19.37,0.4563,0.0,0.1621,0.0381,0.4695,0.7324,0.352649
132,pos_train_frame_094.jpg,train,1,395,162,train,0.00028,0.353,0.309,0.226,56.36,72.02,44.63,18.89,79.24,17.33,0.7087,0.0,0.4956,0.0178,0.1725,0.0,0.569043
133,pos_train_frame_095.jpg,train,1,842,428,train,0.00045,0.332,0.6579,0.5958,141.96,50.52,43.0,22.22,96.83,20.56,0.0559,0.0,0.2366,0.0154,0.3857,0.2441,0.76009
134,pos_train_frame_096.jpg,test,0,712,479,test,0.000515,0.292,0.5568,0.6658,82.58,65.89,40.44,28.59,80.37,17.89,0.3191,0.0,0.4661,0.0352,0.3755,0.7324,0.351065
135,pos_train_frame_096.jpg,test,1,927,448,test,0.000822,0.485,0.7243,0.6227,133.79,62.06,42.35,26.8,114.23,22.31,0.1545,0.0,0.0979,0.0186,0.7854,0.2441,0.316684
136,pos_train_frame_098.jpg,train,1,949,367,train,0.000602,0.344,0.7416,0.5103,15.89,26.17,59.95,31.62,109.89,26.12,0.8054,0.0,0.1433,0.0723,0.1338,1.9531,0.779442
137,pos_train_frame_100.jpg,test,1,956,378,test,0.000274,0.381,0.7472,0.5261,153.36,48.3,50.76,31.04,97.01,22.2,0.083,0.0,0.2236,0.0,0.2106,0.0,0.423801
138,pos_train_frame_101.jpg,train,1,779,291,train,0.000297,0.338,0.6089,0.4052,117.64,50.6,45.32,31.23,81.44,26.26,0.0828,0.0,0.5264,0.0044,0.5535,0.0,0.278665
139,pos_train_frame_103.jpg,train,1,166,415,train,0.000379,0.354,0.1298,0.5765,12.04,5.83,22.87,4.51,103.14,13.93,0.9805,0.0,0.022,0.0,0.3349,0.0,0.69245
140,pos_train_frame_104.jpg,train,1,166,415,train,0.000379,0.354,0.1298,0.5765,12.04,5.83,22.87,4.51,103.14,13.93,0.9805,0.0,0.022,0.0,0.3349,0.0,0.69245
141,pos_train_frame_105.jpg,train,1,717,317,train,0.000381,0.34,0.5607,0.4416,123.35,65.77,78.83,39.86,82.57,26.04,0.1536,0.0,0.4268,0.0376,0.3328,0.4883,0.580439
142,pos_train_frame_106.jpg,train,1,481,496,train,0.00058,0.269,0.3763,0.6895,28.73,35.47,43.77,16.06,90.4,29.49,0.8955,0.0,0.3933,0.0549,0.178,0.4883,0.372702
143,pos_train_frame_109.jpg,test,1,825,308,test,0.000332,0.346,0.6446,0.4289,153.1,23.2,81.38,28.62,56.16,19.65,0.0,0.0,0.8257,0.0095,0.5462,0.0,0.657967
144,pos_train_frame_110.jpg,test,1,777,379,test,0.000224,0.213,0.6071,0.5274,90.6,74.28,80.22,38.19,78.74,15.79,0.2102,0.0,0.3442,0.0,0.6094,0.0,0.291554
145,pos_val_frame_006.jpg,train,1,855,481,train,0.000507,0.306,0.668,0.669,34.66,59.59,64.38,35.5,81.27,25.41,0.4746,0.0,0.498,0.0493,0.1743,0.9766,0.862581
146,pos_val_frame_007.jpg,train,0,856,439,train,0.000383,0.335,0.6689,0.6106,51.86,72.09,67.62,34.97,83.53,21.8,0.3428,0.0,0.5742,0.0237,0.3486,0.2441,0.642392
147,pos_val_frame_007.jpg,train,1,892,315,train,0.000351,0.325,0.697,0.438,58.5,75.27,38.29,18.1,72.51,32.08,0.625,0.0,0.6309,0.0796,0.2508,2.1973,0.252564
148,pos_val_frame_014.jpg,train,1,1128,338,train,0.000339,0.377,0.8815,0.4697,11.94,3.94,84.69,25.86,100.81,25.74,1.0,0.0,0.3079,0.0227,0.1931,0.4883,0.808197
149,pos_val_frame_016.jpg,test,1,262,349,test,0.000401,0.317,0.2055,0.485,119.77,72.19,69.65,39.97,91.3,21.03,0.1917,0.0,0.3232,0.0488,0.5937,0.7324,0.314444
150,pos_val_frame_017.jpg,test,1,1114,371,test,0.000314,0.452,0.8707,0.5166,10.42,23.31,64.09,25.76,92.67,21.33,0.5691,0.0,0.3188,0.0449,0.4382,0.7324,0.43769
151,pos_val_frame_020.jpg,train,0,1133,336,train,0.000369,0.331,0.8854,0.4676,48.66,67.02,73.75,32.65,90.01,31.4,0.7168,0.0,0.4966,0.052,0.2077,0.4883,0.361674
152,pos_val_frame_020.jpg,train,0,540,288,train,0.000367,0.411,0.4221,0.4011,96.17,31.58,16.99,8.81,100.18,17.68,0.0,0.0,0.1572,0.0066,0.6497,0.0,0.260864
153,pos_val_frame_020.jpg,train,1,666,344,train,0.000223,0.239,0.5206,0.4791,55.49,72.49,49.73,27.47,106.43,19.67,0.5825,0.0,0.1111,0.0232,0.1619,0.2441,0.259496
154,pos_val_frame_030.jpg,test,0,440,423,test,0.000346,0.379,0.344,0.5879,5.0,4.54,64.13,37.03,114.26,18.51,0.3804,0.0,0.0479,0.0444,0.1525,0.4883,0.635996
155,pos_val_frame_030.jpg,test,1,407,313,test,0.000284,0.333,0.3182,0.435,13.8,3.22,59.21,33.1,78.34,30.41,0.9944,0.0,0.5518,0.0278,0.3454,0.7324,0.422306
156,pos_val_frame_031.jpg,train,0,440,423,train,0.000346,0.379,0.344,0.5879,5.0,4.54,64.13,37.03,114.26,18.51,0.3804,0.0,0.0479,0.0444,0.1525,0.4883,0.635996
157,pos_val_frame_031.jpg,train,1,407,313,train,0.000284,0.333,0.3182,0.435,13.8,3.22,59.21,33.1,78.34,30.41,0.9944,0.0,0.5518,0.0278,0.3454,0.7324,0.422306
158,pos_val_frame_032.jpg,train,0,762,356,train,0.000201,0.284,0.5956,0.4957,8.32,5.38,70.1,25.53,80.19,18.13,0.7217,0.0,0.5496,0.0088,0.2763,0.0,0.523393
159,pos_val_frame_032.jpg,train,1,395,408,train,0.000285,0.33,0.3087,0.5679,35.07,59.2,54.05,27.58,119.52,20.89,0.6663,0.0,0.0601,0.0303,0.7854,0.4883,0.28863
160,pos_val_frame_034.jpg,train,1,818,326,train,0.000263,0.362,0.6397,0.4533,70.49,78.87,72.48,27.77,95.94,20.95,0.5901,0.0,0.2051,0.0127,0.2045,0.2441,0.48469
161,pos_val_frame_038.jpg,train,1,804,352,train,0.000363,0.355,0.6282,0.49,38.9,63.49,72.92,37.13,96.46,26.78,0.6582,0.0,0.3066,0.0588,0.2193,0.7324,0.575841
162,pos_val_frame_057.jpg,train,1,438,474,train,0.000493,0.315,0.343,0.6586,103.16,50.86,52.06,26.31,56.65,30.77,0.1558,0.0,0.8162,0.0535,0.2977,1.2207,0.424889
163,pos_val_frame_067.jpg,train,1,278,268,train,0.00023,0.373,0.2174,0.3736,140.87,17.3,81.7,21.38,60.1,14.05,0.0,0.0,0.9065,0.0,0.8197,0.0,0.461046
164,pos_val_frame_072.jpg,train,1,232,394,train,0.000328,0.335,0.1817,0.5485,41.73,59.46,72.02,25.25,90.19,22.6,0.6655,0.0,0.3586,0.0271,0.1242,0.2441,0.776182
165,pos_val_frame_078.jpg,train,0,138,354,train,0.000588,0.362,0.1084,0.4924,12.82,24.12,72.23,23.99,109.59,20.85,0.791,0.0,0.0427,0.0259,0.3479,0.2441,0.848961
166,pos_val_frame_078.jpg,train,0,505,385,train,0.000389,0.316,0.3952,0.5356,11.47,16.82,75.22,38.04,89.54,38.39,0.9778,0.0,0.4998,0.0901,0.1931,1.9531,0.580339
167,pos_val_frame_078.jpg,train,1,534,520,train,0.000774,0.271,0.4174,0.7227,72.45,78.33,48.23,24.28,101.95,17.1,0.3555,0.0024,0.0991,0.0315,0.3404,0.2441,0.347115
168,pos_val_frame_084.jpg,train,1,652,397,train,0.000508,0.34,0.5095,0.5525,22.96,46.54,50.8,21.26,104.74,25.45,0.6873,0.0,0.2305,0.0388,0.187,0.7324,0.382435
169,pos_val_frame_089.jpg,train,0,472,358,train,0.000297,0.309,0.3689,0.4974,72.35,81.3,26.82,9.77,122.14,22.95,0.2385,0.0,0.0723,0.0793,0.4276,1.4648,0.364133
170,pos_val_frame_089.jpg,train,0,712,313,train,0.000252,0.326,0.5567,0.435,77.0,77.39,38.76,13.59,72.78,31.92,0.5339,0.0,0.636,0.0264,0.2086,0.2441,0.351834
171,pos_val_frame_089.jpg,train,0,683,368,train,0.000359,0.344,0.5343,0.5118,145.8,24.65,30.38,10.92,98.45,17.19,0.0098,0.0,0.0962,0.0139,0.2539,0.2441,0.334495
172,pos_val_frame_089.jpg,train,1,313,270,train,0.000206,0.3,0.245,0.3762,16.63,21.02,42.58,25.06,71.97,32.01,0.9824,0.0,0.5771,0.0312,0.291,0.2441,0.303077
173,pos_val_frame_097.jpg,train,0,712,479,train,0.000515,0.292,0.5568,0.6658,82.58,65.89,40.44,28.59,80.37,17.89,0.3191,0.0,0.4661,0.0352,0.3755,0.7324,0.351065
174,pos_val_frame_097.jpg,train,1,927,448,train,0.000822,0.485,0.7243,0.6227,133.79,62.06,42.35,26.8,114.23,22.31,0.1545,0.0,0.0979,0.0186,0.7854,0.2441,0.316684
175,pos_val_frame_099.jpg,test,1,956,378,test,0.000274,0.381,0.7472,0.5261,153.36,48.3,50.76,31.04,97.01,22.2,0.083,0.0,0.2236,0.0,0.2106,0.0,0.423801
176,pos_val_frame_102.jpg,test,1,582,303,test,0.000239,0.302,0.4553,0.4213,14.66,1.6,31.91,7.16,101.74,18.07,1.0,0.0,0.1062,0.0,0.2141,0.0,0.435575
177,pos_val_frame_107.jpg,test,0,397,529,test,0.000787,0.294,0.3106,0.7348,97.25,68.16,30.39,19.83,86.18,28.21,0.2634,0.0,0.4136,0.0627,0.1806,0.9766,0.746976
178,pos_val_frame_107.jpg,test,1,802,351,test,0.000484,0.323,0.6268,0.4881,20.6,35.26,80.75,33.06,77.83,17.84,0.8262,0.0,0.4336,0.0193,0.751,0.7324,0.560708
179,pos_val_frame_108.jpg,train,1,825,308,train,0.000332,0.346,0.6446,0.4289,153.1,23.2,81.38,28.62,56.16,19.65,0.0,0.0,0.8257,0.0095,0.5462,0.0,0.657967
