frame,cx,cy,diam
28,634.2,421.5,7.3
30,677.7,336.5,8.3
32,651.7,363.4,9.4
34,618.0,337.5,7.1
36,645.6,389.7,12.4
38,1032.0,185.6,13.8
40,952.4,200.7,16.1
42,807.0,219.2,7.3
44,705.5,221.6,21.0
46,560.0,221.5,15.8
48,496.1,234.6,12.4
50,795.0,342.9,15.4
52,720.3,343.9,15.0
54,707.9,252.4,9.9
56,774.8,211.6,17.5
58,754.6,178.5,11.2
60,770.1,311.7,8.5
62,1025.0,161.5,10.2
64,552.6,431.7,10.3
66,685.1,357.4,20.2
68,652.1,451.0,10.4
70,88.2,200.0,14.0
72,331.7,187.3,12.1
74,425.5,190.3,11.2
76,645.3,201.4,16.4
78,567.5,246.1,9.0
80,625.7,259.8,9.1
82,676.2,261.4,13.6
84,722.5,196.3,12.2
86,507.2,358.0,12.8
88,660.1,291.6,10.9
90,461.0,336.7,16.2
92,570.1,389.5,15.3
94,504.1,405.5,12.1
96,566.3,404.7,15.0
98,485.4,386.9,11.4
100,533.5,409.8,15.3
102,419.0,346.0,8.2
104,523.0,358.0,8.2
106,661.3,285.1,13.3
108,505.4,356.4,16.3
110,518.6,412.0,14.5
112,500.5,357.5,14.2
114,710.0,308.0,10.0
116,620.3,386.0,8.0
118,550.0,348.0,8.2
120,564.0,328.0,8.2
122,678.2,265.4,14.5
124,550.4,250.2,23.0
126,514.3,242.2,21.6
128,481.1,230.1,24.1
130,266.0,322.0,8.2
132,330.0,209.6,8.7
134,726.6,187.3,7.0
136,707.7,175.1,8.9
138,943.0,333.6,15.0
140,674.5,255.3,7.1
142,644.3,334.3,14.6
144,641.6,301.2,8.1
146,634.5,496.5,20.8
148,1018.3,119.7,17.7
150,986.8,153.3,17.9
152,893.9,222.9,10.3
154,853.7,227.0,13.9
156,870.2,158.5,10.2
158,901.2,190.6,18.4
160,792.3,273.7,13.3
162,779.3,173.5,7.3
164,810.6,175.7,11.7
166,788.0,298.3,9.9
168,777.8,195.3,12.7
170,775.0,205.1,8.1
172,719.3,232.5,7.5
174,725.9,402.8,20.6
176,701.6,254.1,9.2
178,702.3,254.1,8.2
180,706.6,218.6,8.2
182,818.9,209.8,12.5
184,778.6,164.9,7.1
186,808.3,389.6,14.0
188,1155.7,204.3,12.5
190,375.3,339.6,9.4
192,567.4,304.4,12.1
194,402.1,337.0,12.2
196,920.8,135.1,10.4
198,859.7,135.6,16.6
200,950.5,187.6,12.4
202,822.0,153.1,16.4
204,812.0,179.3,11.4
206,911.3,186.1,25.2
208,853.7,174.5,13.3
210,858.8,127.8,18.1
212,853.5,126.1,11.1
214,884.4,122.1,11.7
216,908.4,120.4,8.1
218,953.6,118.8,8.2
220,967.9,118.3,7.4
222,1108.3,155.9,11.4
224,959.1,119.3,13.5
226,700.2,342.7,15.8
228,918.2,122.2,13.6
230,555.8,374.9,16.0
232,922.5,140.8,14.3
234,1243.5,242.5,15.0
236,1039.4,174.4,23.7
238,858.1,125.9,9.5
240,854.3,124.8,12.1
242,859.2,122.4,17.1
244,878.1,123.0,11.4
246,924.9,120.0,11.4
248,973.2,118.5,11.7
250,568.6,266.6,7.3
252,717.7,325.0,8.2
254,548.1,321.1,9.5
256,600.1,321.5,9.9
258,551.1,325.0,13.0
260,459.9,133.6,9.4
262,334.2,104.1,9.1
264,364.4,109.2,12.7
266,421.6,120.2,8.3
268,729.3,187.0,10.2
270,540.3,167.8,7.6
272,645.3,182.5,14.9
274,568.0,327.3,13.0
276,537.5,232.9,9.8
278,590.0,292.0,11.0
280,516.6,304.4,18.5
282,440.7,343.1,16.8
284,457.2,277.8,12.2
286,649.9,247.6,17.1
288,652.5,283.4,9.5
290,687.9,266.2,10.2
292,677.1,265.7,12.1
294,598.1,260.5,17.7
296,781.0,231.8,14.3
298,646.9,386.6,20.7
300,522.4,263.0,11.4
302,705.5,216.7,14.2
304,652.8,211.3,8.9
306,201.3,369.8,13.2
308,448.7,372.6,9.5
310,595.3,215.2,7.6
312,605.7,222.8,9.5
314,586.0,231.0,12.8
316,656.4,416.1,14.8
318,1049.0,315.1,15.2
320,646.7,251.8,17.3
322,640.0,296.0,8.2
324,640.0,296.1,8.2
326,640.0,296.0,8.2
328,590.7,389.5,12.0
330,308.6,130.9,9.5
332,1095.6,65.8,13.5
334,306.8,131.2,9.5
336,305.9,131.2,10.3
338,638.2,296.1,8.2
340,647.9,459.4,15.8
342,640.2,295.2,8.2
344,548.2,299.6,9.2
346,844.4,418.4,10.5
348,354.9,252.7,9.4
350,121.7,91.2,8.9
352,467.3,196.7,9.5
354,69.3,80.6,10.3
356,82.8,78.9,9.5
358,416.4,180.9,10.4
360,384.6,173.7,15.5
362,340.8,159.2,20.3
364,323.6,164.5,16.8
366,170.3,181.0,15.3
368,759.5,301.0,9.1
370,760.8,306.5,18.4
372,644.9,296.7,8.2
374,497.7,388.7,10.3
376,1006.7,152.8,8.5
378,1002.4,156.2,14.3
380,456.9,388.9,13.0
382,608.8,396.6,11.7
384,696.7,293.2,13.6
386,878.3,360.3,11.6
388,919.4,229.9,15.3
390,661.9,176.0,11.2
392,700.0,185.8,15.5
394,667.9,313.5,10.1
396,847.0,248.0,8.2
398,585.4,207.6,9.8
400,605.2,360.0,11.7
402,781.5,284.5,9.5
404,846.1,276.7,9.0
406,506.3,318.3,7.4
408,780.8,203.4,11.4
410,589.2,301.3,8.5
412,829.0,422.5,13.6
414,898.3,193.9,22.5
416,760.5,319.6,9.5
418,715.0,317.4,15.6
420,630.9,344.7,9.5
422,1022.5,311.1,12.5
424,652.5,354.6,13.0
426,674.6,368.3,9.5
428,848.4,388.3,10.8
430,849.5,389.0,11.7
432,850.0,336.6,10.4
434,590.4,264.7,8.1
436,574.3,272.0,13.9
438,606.8,262.5,9.5
440,612.8,358.5,14.6
442,661.7,259.8,11.8
444,658.0,251.0,8.2
446,734.6,295.0,13.9
448,741.3,295.5,12.4
450,734.8,327.0,10.2
452,739.4,348.2,8.0
454,677.9,249.8,8.6
456,679.7,249.4,17.3
458,664.2,254.6,13.9
460,717.7,298.9,8.9
462,624.4,297.7,7.3
464,607.0,270.5,9.0
466,618.6,292.6,7.3
468,593.9,278.5,10.4
470,593.6,276.3,14.5
472,592.1,275.9,16.6
474,592.7,276.0,14.8
476,592.6,276.1,14.8
478,592.6,276.1,14.8
480,592.6,276.1,14.8
482,668.0,298.0,8.2
484,594.3,277.2,10.5
486,668.5,293.8,18.6
488,593.2,277.4,13.2
490,668.0,293.5,18.0
492,823.5,144.2,16.6
494,823.5,144.2,16.6
496,591.1,276.5,10.8
498,591.6,277.1,12.5
500,824.8,144.0,13.0
502,824.4,144.6,18.9
504,824.4,144.0,18.9
506,827.9,145.2,13.6
508,829.8,146.5,9.5
510,832.5,145.7,8.3
512,834.4,143.4,12.1
514,835.5,143.3,13.0
516,835.3,143.1,12.5
518,834.6,142.9,12.3
520,834.0,144.2,10.4
522,831.8,143.5,15.0
524,830.2,144.8,13.0
526,827.8,145.6,13.1
528,826.6,145.5,13.0
530,826.9,145.5,13.0
532,827.8,144.6,11.2
534,572.0,411.2,14.8
536,829.9,144.8,11.4
538,828.0,144.6,10.8
540,826.9,145.3,12.1
542,562.4,409.3,15.7
544,511.5,394.8,16.0
546,718.4,391.6,11.0
548,823.4,143.7,7.1
550,563.0,410.5,20.2
552,823.6,146.0,11.4
554,823.6,146.0,11.4
556,823.9,145.7,10.7
558,824.2,145.6,12.1
560,585.7,403.8,16.3
562,699.1,340.0,10.5
564,554.5,409.6,18.7
566,834.0,146.7,12.6
568,725.5,404.7,11.0
570,593.6,400.1,21.0
572,837.1,146.0,13.0
574,836.9,146.7,13.1
576,835.2,147.4,13.0
578,592.2,358.8,13.5
580,561.5,361.7,16.5
582,687.8,264.8,16.8
584,303.4,71.1,7.1
586,678.0,238.8,14.9
588,647.0,206.8,9.2
590,668.2,210.4,10.2
592,662.2,178.0,18.0
594,922.2,229.3,12.4
596,759.2,141.0,12.4
598,924.5,242.0,12.2
600,1032.8,168.0,22.6
602,1017.4,107.6,12.5
604,647.0,337.7,14.4
606,682.6,340.0,10.3
608,794.2,307.4,8.5
610,321.5,149.1,12.6
612,502.8,153.5,9.1
614,454.4,202.1,13.2
616,301.9,83.4,8.6
618,581.9,196.3,21.5
620,631.1,218.7,10.1
622,730.4,340.2,9.2
624,650.0,266.0,8.5
626,399.0,140.2,15.3
628,411.0,149.4,9.1
630,416.8,151.3,9.5
632,567.1,388.1,11.7
634,424.4,149.3,9.1
636,569.7,324.8,16.8
638,440.4,149.7,9.1
640,649.1,348.1,12.1
642,424.5,147.5,11.9
644,400.4,143.5,12.7
646,371.2,139.6,12.4
648,344.7,134.8,11.4
650,328.8,132.2,13.0
652,323.3,129.7,15.5
654,327.6,129.6,16.8
656,592.5,401.6,13.7
658,346.5,135.1,15.1
660,538.1,244.2,14.8
662,363.7,138.3,17.0
664,373.4,139.1,17.6
666,708.2,290.6,9.8
668,566.8,374.2,16.6
670,563.7,225.9,10.2
672,567.9,225.7,11.0
674,569.2,338.3,12.8
676,775.2,276.0,7.1
678,594.4,360.0,9.2
680,525.0,327.7,14.9
682,588.1,371.2,14.6
684,588.9,368.7,13.0
686,616.8,354.0,14.3
688,629.7,358.6,13.0
690,452.4,146.5,9.5
692,446.7,145.6,11.4
694,435.4,145.5,10.2
696,586.6,331.2,13.3
698,727.3,281.4,15.7
700,490.2,289.5,14.8
702,507.5,299.7,13.7
704,632.9,216.6,17.0
706,297.7,315.7,13.9
708,563.1,251.9,13.1
710,565.7,183.5,11.4
712,593.4,164.0,9.8
714,560.1,154.4,8.5
716,801.8,209.5,10.2
718,398.6,301.3,14.0
720,489.6,132.8,8.2
722,327.0,337.9,8.2
724,558.7,156.8,7.7
726,695.4,394.8,14.8
728,584.3,196.1,12.6
730,580.1,329.3,12.3
732,593.1,225.3,9.4
734,443.6,274.3,17.5
736,617.6,244.6,14.6
738,651.1,347.0,8.2
740,438.0,275.7,14.0
742,522.0,344.0,13.9
744,532.5,345.6,11.7
746,534.0,388.2,15.3
748,642.4,202.7,16.4
750,661.1,196.0,16.5
752,678.1,193.9,16.6
754,693.9,196.5,15.2
756,699.0,200.4,10.8
758,465.0,239.1,13.0
760,645.7,192.2,8.5
762,630.4,184.1,10.2
764,625.2,174.9,14.6
766,623.1,172.7,10.5
768,624.1,171.6,11.2
770,623.2,174.9,16.1
772,645.5,183.1,13.9
774,524.6,208.9,10.3
776,321.0,308.0,10.2
778,347.5,297.8,10.8
780,136.5,664.4,11.4
782,637.7,216.5,7.1
784,620.0,377.5,9.4
786,631.7,379.9,9.9
788,638.1,252.5,13.4
790,626.0,231.4,9.6
792,611.0,347.7,9.2
794,55.8,355.3,13.0
796,999.4,311.9,14.8
798,513.4,355.3,11.2
800,584.0,204.9,16.5
802,584.0,204.9,16.5
804,606.4,353.7,13.0
806,441.7,199.4,11.0
808,459.6,205.0,12.6
810,647.0,309.6,7.3
812,501.8,279.4,10.0
814,484.8,216.5,13.3
816,472.8,219.5,15.0
818,542.7,379.2,11.0
820,280.6,116.9,14.4
822,402.3,215.3,15.3
824,267.4,115.3,14.3
826,613.1,240.9,8.9
828,230.0,111.7,16.0
830,615.3,212.7,11.4
832,465.7,199.3,8.2
834,560.3,183.8,13.9
836,360.6,191.5,15.3
838,609.0,190.6,7.3
840,931.1,493.6,7.1
842,849.0,456.1,13.0
844,516.9,195.4,10.8
846,375.0,180.7,15.2
848,593.7,278.5,8.3
850,534.4,382.3,10.2
852,475.5,391.1,15.9
854,1168.1,169.8,8.6
856,366.2,365.0,13.0
858,917.3,194.0,16.5
860,814.5,179.5,7.4
862,813.7,218.8,17.7
864,937.1,243.8,9.5
866,971.2,242.3,9.2
868,1142.3,256.1,14.5
870,889.1,174.5,8.2
872,792.8,168.8,7.1
874,792.6,170.2,9.1
876,1048.4,222.3,21.2
878,864.6,167.7,10.8
880,865.9,168.0,8.2
882,866.0,168.0,8.2
884,789.6,170.4,8.5
886,1147.5,262.0,9.2
888,845.5,188.5,9.5
890,536.1,327.4,16.5
892,579.0,328.0,15.2
894,691.7,200.7,19.0
896,690.9,206.7,8.9
898,759.7,324.9,16.2
900,983.5,272.6,11.4
902,692.6,223.1,7.1
904,656.9,205.2,8.9
906,709.9,342.6,11.2
908,640.2,205.3,8.2
910,674.7,355.0,8.0
912,596.4,375.5,11.6
914,914.7,342.8,12.6
916,638.3,258.9,8.5
918,815.1,372.1,12.2
920,778.1,429.4,11.4
922,632.7,379.8,18.9
924,653.3,393.9,12.1
926,711.5,338.0,9.2
928,554.1,260.8,18.6
930,838.5,365.1,13.2
932,622.0,222.4,8.2
934,677.0,208.6,9.0
936,810.1,354.0,13.2
938,780.5,162.9,12.7
940,907.6,182.5,9.2
942,305.4,247.4,13.9
944,578.0,296.6,8.5
946,694.2,387.8,13.9
948,630.0,379.3,11.4
950,866.0,429.3,11.8
952,809.5,275.8,7.1
954,375.8,209.9,13.3
956,390.0,233.5,13.9
958,431.2,245.2,12.2
960,484.5,258.7,9.8
962,889.1,282.7,16.0
964,901.7,288.3,10.8
966,390.4,246.9,17.7
968,403.4,248.2,17.2
970,559.5,262.1,14.8
972,426.0,265.8,16.0
974,696.8,222.1,9.5
976,531.2,329.4,10.8
978,403.9,394.4,10.4
980,522.3,293.4,9.8
982,389.7,303.0,8.2
984,729.3,274.4,11.2
986,363.4,265.5,13.5
988,516.2,286.6,13.3
990,516.4,284.1,9.9
992,454.8,298.9,19.1
994,273.5,340.0,9.2
996,516.2,263.2,15.7
998,463.9,265.0,14.3
1000,407.2,250.9,10.8
1002,839.3,247.4,14.4
1004,278.2,180.0,9.8
1006,722.3,347.8,7.6
1008,589.7,357.6,7.1
1010,976.1,140.9,20.8
1012,888.6,153.5,10.8
1014,743.7,159.3,14.9
1016,655.8,186.0,7.3
1018,1059.8,295.5,9.0
1020,777.2,349.0,8.2
1022,748.0,377.5,10.4
1024,484.9,257.4,13.2
1026,721.3,153.8,7.8
1028,735.8,425.2,13.4
1030,753.7,361.1,16.4
1032,738.1,348.5,14.9
1034,594.9,243.8,10.8
1036,653.0,246.2,10.2
1038,621.6,221.5,8.6
1040,639.5,258.0,18.0
1042,564.6,205.7,11.7
1044,1005.0,311.4,15.5
1046,844.0,127.6,9.4
1048,846.2,129.8,9.0
1050,650.2,264.4,8.5
1052,672.3,340.7,17.2
1054,650.2,264.4,8.5
1056,720.6,355.0,17.3
1058,948.0,323.3,12.4
1060,692.3,371.6,14.3
1062,661.5,376.1,23.4
1064,680.1,429.0,17.5
1066,630.7,379.1,12.4
1068,633.9,380.3,16.7
1070,635.1,379.8,16.9
1072,516.6,385.4,21.4
1074,639.1,373.1,13.6
1076,544.0,371.8,18.3
1078,649.5,258.9,7.1
1080,710.0,370.2,20.6
1082,591.5,362.3,18.4
1084,614.1,362.2,15.5
1086,625.7,387.2,8.0
1088,603.5,373.9,10.2
1090,695.0,376.2,14.4
1092,567.5,361.4,8.2
1094,964.8,275.3,16.5
1096,750.6,365.9,15.8
1098,1085.3,272.0,15.2
1100,1209.0,264.5,10.4
1102,552.0,490.7,7.6
1104,602.8,510.1,8.2
1106,571.5,526.5,14.4
1108,672.8,400.3,14.5
1110,507.9,508.8,9.8
1112,1071.6,202.0,11.7
1114,1086.4,231.4,9.5
1116,933.8,268.5,13.8
1118,791.4,242.2,13.4
1120,952.0,389.3,16.3
1122,1137.6,378.2,10.1
1124,584.6,264.3,7.1
1126,666.3,256.7,18.1
1128,692.2,251.9,13.3
1130,724.4,246.8,14.6
1132,776.8,247.4,15.2
1134,769.7,244.1,12.6
1136,493.7,328.1,14.1
1138,528.7,324.6,15.0
1140,551.1,321.3,13.9
1142,852.0,227.6,9.8
1144,1229.0,297.5,14.9
1146,1108.4,223.4,15.1
1148,539.2,454.7,8.3
1150,660.4,425.3,9.5
1152,524.2,359.8,8.9
1154,615.5,450.7,17.7
1156,1097.9,264.3,15.3
1158,1085.5,264.7,12.6
1160,1080.2,264.8,13.3
1162,1086.9,267.1,18.4
1166,1089.0,266.0,14.4
1168,1089.6,266.5,14.5
1170,1091.3,266.6,11.2
1172,1272.5,351.9,19.0
1174,689.4,436.2,7.6
1176,685.4,440.2,7.6
1178,1248.1,239.5,8.4
1180,448.9,429.2,10.8
1182,1141.9,229.6,13.9
1184,910.5,220.7,11.2
1186,892.0,225.1,8.2
1188,866.5,216.5,10.8
1190,490.7,398.1,11.1
1192,622.2,375.1,10.3
1194,623.0,342.8,7.6
1196,718.6,424.1,7.6
1198,618.7,437.5,15.3
1200,6.2,244.4,12.2
1204,1223.2,243.5,7.1
1248,1014.3,323.3,7.6
1262,974.2,333.7,17.9
1264,717.0,424.6,9.5
1266,976.4,400.6,7.6
1268,537.2,457.0,9.2
1270,473.6,443.1,8.1
1272,579.4,373.3,7.3
1274,1091.7,300.4,11.2
1276,750.5,256.6,16.8
1278,692.6,269.3,13.9
1280,598.5,326.5,9.2
1282,585.9,332.7,15.4
1284,902.3,119.5,14.3
1286,899.6,121.2,13.4
1288,695.8,282.5,18.4
1290,672.5,250.0,9.2
1292,730.7,322.6,12.4
1294,629.5,280.7,17.1
1296,646.1,279.6,15.2
1298,892.7,121.8,12.6
1300,885.7,122.8,14.8
1302,754.0,266.0,18.7
1304,876.6,116.5,12.4
1306,878.2,113.7,13.3
1308,667.3,243.2,10.8
1310,669.4,314.0,8.6
1312,910.7,418.0,12.5
1314,670.5,381.5,13.0
1316,595.4,359.0,8.1
1318,743.6,152.3,15.3
1320,738.6,152.2,13.6
1322,734.3,151.1,13.9
1324,734.0,146.5,13.0
1326,736.2,140.7,11.4
1328,742.8,133.3,10.3
1330,580.7,217.4,10.5
1332,607.7,213.3,8.2
1334,645.5,298.6,14.8
1336,975.0,317.3,11.2
1338,643.2,306.8,12.6
1340,581.9,218.1,13.0
1342,579.0,330.0,8.2
1344,923.6,302.1,14.7
1346,724.8,394.4,15.3
1348,741.3,379.4,16.6
1350,695.3,307.8,7.1
1352,596.2,268.4,14.4
1354,730.6,147.2,10.1
1356,759.1,153.2,14.9
1358,809.0,146.0,15.8
1360,881.5,133.2,12.7
1362,787.0,223.9,8.1
1364,731.2,313.0,8.5
1366,301.7,439.5,9.0
1368,611.4,513.9,12.6
1370,696.7,509.0,14.2
1372,453.2,246.4,15.4
1374,994.3,506.7,14.4
1376,570.1,261.1,12.0
1378,567.5,230.7,9.2
1380,469.9,276.4,13.0
1382,619.4,238.0,15.6
1384,611.5,260.9,12.1
1386,373.6,120.1,15.8
1388,708.1,245.9,18.4
1390,715.3,249.8,16.6
1392,451.1,311.7,13.0
1394,404.9,265.9,17.5
1396,717.5,445.1,16.4
1398,392.8,132.2,18.4
1400,378.4,129.9,15.9
1402,362.2,129.7,15.6
1404,350.7,130.0,14.8
1406,519.9,426.2,13.3
1408,546.4,293.4,11.7
1410,522.6,295.0,17.0
1412,378.6,134.2,14.3
1414,654.9,371.2,10.5
1416,580.0,359.5,9.0
1418,580.0,359.5,9.0
1420,615.2,365.6,10.4
1422,616.0,365.4,8.7
1424,580.0,359.5,9.0
1426,600.8,373.0,11.2
1428,616.1,364.6,8.2
1430,434.2,402.3,13.2
1432,455.4,148.1,13.9
1434,455.4,148.1,13.9
1436,455.4,148.1,13.9
1438,455.4,148.1,13.9
1440,454.6,148.2,14.1
1442,452.2,146.7,10.2
1444,450.2,146.5,11.0
1446,559.9,319.9,14.9
1448,558.2,318.9,15.2
1450,603.6,307.9,16.6
1452,603.4,307.9,15.2
1454,580.0,360.0,8.2
1456,580.0,360.0,8.2
1458,453.8,147.2,10.8
1460,456.4,148.4,11.7
1462,456.1,147.1,9.0
1464,534.3,129.1,13.3
1466,454.7,146.3,10.4
1468,453.8,146.0,8.2
1470,453.5,146.2,10.3
1472,456.2,147.4,13.0
1474,457.7,147.4,15.4
1476,459.1,147.7,14.5
1478,459.8,147.6,14.9
1480,459.8,147.6,14.9
1482,458.1,148.3,15.3
1484,458.5,148.0,16.4
1486,459.1,147.7,14.0
1488,517.9,535.6,10.4
1490,691.3,366.6,13.7
1492,694.6,381.3,9.2
1494,477.8,408.6,13.5
1496,476.1,404.7,16.7
1498,696.8,380.5,10.3
1500,770.0,394.8,15.1
1502,536.3,349.6,15.5
1504,769.2,392.2,10.0
1506,534.0,351.1,13.0
1508,787.6,395.9,10.0
1510,765.0,388.0,11.2
1512,449.6,150.5,7.0
1514,450.0,147.6,13.9
1516,449.4,145.2,11.0
1518,448.6,144.6,11.4
1520,692.5,374.5,9.0
1522,448.1,146.8,11.7
1524,446.4,147.2,12.6
1526,443.2,146.1,13.6
1528,439.3,145.9,14.8
1530,652.2,113.6,8.6
1532,659.3,547.1,7.8
1534,433.2,144.5,16.6
1536,973.3,290.3,7.6
1538,646.7,481.9,10.8
1540,424.3,142.3,7.4
1542,758.0,378.5,14.0
1544,392.0,135.8,8.2
1546,552.1,342.7,11.8
1548,682.2,249.4,15.0
1550,658.4,245.7,15.4
1552,608.3,238.8,10.3
1554,590.5,231.0,17.5
1556,561.1,222.1,13.0
1558,552.9,210.5,10.4
1560,560.0,206.0,13.6
1562,591.5,204.4,10.0
1564,529.3,393.7,10.8
1566,442.7,257.5,11.4
1568,412.0,397.0,8.2
1570,557.2,229.1,18.3
1572,569.5,225.4,11.0
1574,356.8,317.0,12.2
1576,685.4,223.8,7.1
1578,712.5,218.3,25.7
1580,727.6,344.9,12.0
1582,438.3,30.2,13.4
1584,539.6,306.2,17.3
1586,468.6,415.1,7.3
1588,351.4,294.5,7.3
1590,497.8,258.6,15.4
1592,331.8,308.9,12.6
1594,321.1,247.2,14.7
1596,315.9,199.0,15.6
1598,330.1,171.3,13.9
1600,760.1,310.2,15.6
1602,490.7,411.1,11.8
1604,1014.0,203.5,16.5
1606,884.3,186.4,18.0
1608,873.6,254.1,16.3
1610,904.8,120.8,15.0
1612,873.1,129.5,12.1
1614,867.2,129.8,11.5
1616,658.0,250.4,8.2
1618,731.8,304.0,8.2
1620,649.0,568.1,16.7
1622,694.6,279.1,15.0
1624,919.1,432.3,17.7
1626,657.1,266.1,13.5
1628,806.0,432.9,22.4
1630,576.3,272.7,13.0
1632,783.0,284.7,12.5
1634,674.6,391.9,14.8
1636,811.0,239.0,8.2
1638,751.0,315.7,18.4
1640,611.8,326.1,11.4
1642,830.8,370.0,11.0
1644,827.7,324.3,8.5
1646,679.4,173.1,7.3
1648,649.4,458.5,7.0
1650,722.1,373.1,14.1
1652,247.0,136.7,15.8
1654,382.1,179.4,12.3
1656,553.2,168.8,16.0
1658,455.7,237.6,15.8
1660,665.2,209.9,13.6
1662,963.4,300.4,14.1
1664,439.9,122.4,10.3
1666,512.5,277.9,14.9
1668,694.3,377.3,10.0
1670,420.1,126.4,9.5
1672,690.0,234.3,24.5
1674,408.5,119.6,16.2
1676,415.6,123.7,15.9
1678,426.9,128.1,13.2
1680,437.1,134.0,13.2
1682,443.4,137.9,14.1
1684,450.5,140.6,11.4
1686,454.6,139.4,13.4
1688,463.3,136.1,11.9
1690,481.5,133.9,11.0
1692,506.3,133.5,11.2
1694,524.2,134.7,12.1
1696,399.0,334.2,16.3
1698,631.9,364.3,13.7
1700,615.5,358.9,11.4
1702,454.9,296.3,15.5
1704,307.7,321.8,14.8
1706,536.1,344.5,12.4
1708,858.2,293.8,15.3
1710,690.6,247.3,11.4
1712,276.6,165.1,10.9
1714,358.1,213.6,13.0
1716,692.8,339.0,10.8
1718,663.0,459.1,18.3
1720,506.4,462.2,13.2
1722,581.5,403.4,8.2
1724,259.9,409.4,13.2
1726,575.5,201.9,8.5
1728,921.2,360.2,9.5
1730,905.3,211.5,7.1
1732,854.8,191.1,10.3
1734,1039.8,255.6,14.7
1736,736.8,190.8,8.3
1738,685.4,199.8,13.6
1740,672.3,202.3,12.6
1742,669.8,203.7,12.7
1744,730.3,363.7,14.1
1746,747.3,387.8,16.3
1748,741.9,215.7,8.2
1750,771.5,208.1,8.2
1752,737.6,210.3,8.1
1754,1143.2,278.6,15.2
1756,1068.1,253.7,10.4
1758,881.6,177.8,8.5
1760,966.7,171.5,7.6
1762,1041.6,186.2,25.1
1764,424.4,412.3,16.9
1766,580.2,397.8,13.6
1768,621.6,371.8,15.3
1770,724.3,370.1,14.0
1772,722.0,353.1,12.2
1774,416.6,194.0,13.6
1776,478.4,206.0,13.7
1778,174.0,158.9,15.8
1780,727.5,395.3,17.5
1782,687.0,244.7,10.4
1784,152.9,347.4,22.4
1786,714.8,237.4,8.1
1788,798.3,291.6,13.8
1790,817.0,301.9,11.9
1792,484.7,229.0,7.1
1794,505.9,240.1,12.0
1796,61.5,361.0,9.2
1798,390.8,298.5,9.5
1800,951.7,299.5,18.0
1802,696.3,284.3,7.4
1804,83.0,367.0,8.2
1806,722.5,309.2,8.0
1808,236.9,148.2,9.8
1810,557.1,294.6,12.5
1812,853.0,293.1,8.9
1814,855.5,297.2,7.3
1816,525.5,231.6,7.3
1818,537.8,220.1,11.7
1820,570.6,218.3,11.4
1822,629.5,511.3,18.5
1824,280.7,319.7,11.7
1826,582.8,276.3,14.0
1828,580.5,290.7,8.8
1830,435.0,324.0,12.2
1832,467.6,446.9,8.0
1834,710.1,324.5,19.1
1836,660.3,313.7,8.2
1838,752.8,373.2,14.1
1840,535.4,319.3,17.0
1842,604.2,240.9,20.2
1844,614.5,238.6,17.2
1846,515.1,344.8,14.0
1848,507.6,269.2,16.6
1850,612.6,355.2,9.5
1852,663.0,372.5,9.0
1854,673.6,312.2,11.0
1856,692.1,241.9,15.0
1858,694.2,238.8,15.1
1860,683.3,232.6,9.5
1862,657.5,223.2,9.4
1864,612.0,212.5,9.5
1866,586.5,204.8,16.2
1868,571.1,201.8,11.7
1870,536.9,211.5,14.6
1872,888.8,393.1,17.1
1874,761.2,312.2,9.2
1876,324.3,257.8,8.9
1878,540.0,210.6,17.3
1880,380.9,245.2,25.1
1882,904.2,302.4,8.5
1884,264.2,198.6,9.3
1886,270.0,244.7,8.5
1888,331.4,216.7,8.9
1890,1210.5,328.5,15.8
1892,3.2,117.8,10.0
1894,579.7,454.3,11.4
1896,37.1,111.1,13.9
1898,65.0,107.5,13.9
1900,92.4,106.9,16.1
1902,111.7,107.2,13.6
1904,847.7,31.6,7.3
1906,135.8,104.7,13.1
1908,168.8,105.9,13.0
1910,235.1,114.6,15.4
1912,297.2,125.8,15.0
1914,445.8,250.2,10.3
1916,376.2,327.0,13.3
1918,218.7,318.6,13.3
1920,400.5,276.8,14.9
1922,405.6,278.5,16.6
1924,627.8,247.1,14.8
1926,650.5,254.0,14.1
1928,637.5,249.5,14.6
1930,358.0,222.6,14.9
1932,520.1,216.4,14.5
1934,469.7,204.0,14.8
1936,469.4,167.2,14.4
1938,419.6,161.2,8.9
1940,340.4,158.9,15.4
1942,137.7,236.4,8.6
1944,94.0,91.8,13.1
1946,151.1,101.5,12.6
1948,286.7,211.8,14.3
1950,289.7,213.5,15.6
1952,161.0,105.4,13.0
1954,274.4,211.1,18.4
1956,151.4,103.9,14.2
1958,151.5,103.9,14.2
1960,150.6,103.7,13.2
1962,149.9,101.1,13.9
1964,921.7,27.8,12.6
1966,172.7,105.3,13.3
1968,186.2,107.1,12.7
1970,199.1,106.2,13.6
1972,205.4,103.6,13.5
1974,200.9,98.0,13.0
1976,504.4,199.3,14.9
1978,470.3,205.9,12.5
1980,473.2,203.5,11.2
1982,563.6,214.4,8.1
1984,631.8,382.2,14.1
1986,687.3,338.3,12.8
1988,486.7,404.2,14.8
1990,392.9,423.5,13.5
1992,1145.9,169.5,17.9
1994,367.8,367.0,12.3
1996,946.5,173.7,14.2
1998,825.5,157.4,15.0
2000,791.0,177.0,24.7
2002,852.4,202.4,11.4
2004,1047.4,262.6,7.6
2006,317.4,245.1,8.6
2008,990.3,335.6,15.0
2010,893.4,259.2,7.3
2012,1011.0,333.8,12.4
2014,698.6,537.5,12.5
2016,1020.3,129.5,16.6
2018,417.4,418.3,11.0
2020,931.8,344.6,10.4
2022,716.3,297.5,15.7
2024,806.1,371.2,8.5
2026,703.0,324.9,10.1
2028,708.5,321.1,10.4
2030,670.8,267.2,10.4
2032,735.3,243.7,14.8
2034,737.3,233.8,16.0
2036,700.1,232.8,15.2
2038,672.1,232.9,15.6
2040,228.1,71.0,13.9
2042,225.5,71.4,12.4
2044,232.6,67.7,14.3
2046,646.8,256.0,10.4
2048,645.8,256.2,12.7
2050,638.2,257.6,10.8
2052,721.1,345.4,19.3
2054,702.9,345.9,16.5
2056,583.2,363.6,13.2
2058,585.5,365.5,18.2
2060,586.8,366.4,16.3
2062,823.6,146.0,12.5
2064,823.5,145.7,12.7
2066,558.8,373.7,12.4
2068,764.0,467.4,13.2
2070,731.3,364.1,16.6
2072,822.0,145.1,14.5
2074,822.0,145.1,14.5
2076,822.0,145.1,14.5
2078,822.3,145.0,13.9
2080,823.1,145.3,15.3
2082,822.3,144.5,15.3
2084,822.4,144.5,15.4
2086,822.4,144.5,15.4
2088,823.3,144.8,15.4
2090,825.7,143.8,15.3
2092,583.5,364.9,14.0
2094,582.5,364.3,13.7
2096,582.8,364.6,13.9
2098,583.4,363.8,13.6
2100,826.0,142.7,16.7
2102,825.0,143.1,17.0
2104,823.8,143.6,17.0
2106,822.3,141.7,12.2
2108,820.3,141.6,10.1
2110,578.2,370.8,14.3
2112,829.7,377.8,10.8
2114,965.7,491.2,12.5
2116,738.8,546.7,10.5
2118,644.1,357.2,8.0
2120,660.3,427.5,13.9
2122,522.4,396.9,14.6
2124,669.4,306.5,7.3
2126,760.2,468.3,14.4
2128,595.1,292.8,7.6
2130,731.6,325.2,11.2
2132,530.6,390.9,8.0
2134,739.8,542.5,9.3
2136,824.3,511.5,7.6
2138,824.9,511.0,8.9
2140,587.7,365.6,16.1
2142,530.9,392.9,18.3
2144,531.8,391.8,17.1
2146,591.4,365.2,15.3
2148,590.1,366.1,14.4
2150,540.9,395.4,17.5
2152,443.8,487.8,8.5
2154,782.3,119.8,11.4
2156,820.1,145.0,8.0
2158,880.2,320.5,12.0
2160,827.6,137.5,8.2
2162,890.8,308.4,13.0
2164,678.1,354.2,11.9
2166,718.1,348.3,14.8
2168,959.0,316.7,10.4
2170,687.5,357.7,12.5
2172,835.4,312.9,13.1
2174,672.4,258.5,7.0
2176,664.5,354.1,12.0
2178,559.4,267.2,7.1
2180,501.9,504.1,8.9
2182,727.8,386.4,9.2
2184,573.4,369.8,16.3
2186,749.8,392.1,20.8
2188,708.5,559.0,8.0
2190,566.7,375.0,8.5
2192,787.3,448.0,15.1
2194,565.2,386.3,7.0
2198,588.2,367.9,8.0
2200,789.3,456.2,9.2
2202,834.0,322.6,21.8
2204,589.1,366.9,10.1
2206,589.6,365.0,10.8
2208,589.5,365.8,15.0
2210,590.0,366.6,16.3
2212,537.3,398.6,9.8
2214,592.0,364.4,15.1
2216,538.0,398.6,9.2
2218,592.3,373.4,21.4
2220,539.1,393.0,14.8
2222,597.5,393.0,12.4
2224,610.7,303.5,11.7
2226,584.0,286.7,12.6
2228,603.5,397.8,8.9
2230,730.5,408.1,14.3
2232,814.4,160.4,7.3
2234,577.2,290.4,21.2
2236,575.4,290.4,17.2
2238,596.1,296.3,12.1
2240,779.9,159.7,7.3
2242,766.1,160.2,7.3
2244,605.0,300.0,8.2
2246,735.3,162.4,12.1
2248,576.4,304.7,12.7
2250,721.2,164.0,11.0
2252,718.0,165.7,10.8
2254,715.1,166.6,11.2
2256,709.6,168.1,11.2
2258,704.0,169.3,12.1
2260,697.7,172.3,10.3
2262,687.3,175.6,14.0
2264,671.6,181.1,13.9
2266,655.9,185.0,16.0
2268,651.9,185.5,16.6
2270,668.2,178.5,13.0
2272,702.7,166.8,12.2
2274,735.0,156.5,10.2
2276,764.2,148.1,10.4
2278,585.8,260.3,10.4
2280,835.3,132.6,10.8
2282,887.8,124.7,10.8
2284,1057.0,294.0,8.2
2286,889.3,202.6,9.2
2288,648.5,352.5,14.1
2290,1067.3,162.1,8.5
2292,580.6,382.9,8.1
2294,553.0,325.2,9.5
2296,645.5,349.7,8.6
2298,719.6,347.2,8.9
2300,627.5,348.2,13.3
2302,292.9,174.3,9.3
2304,371.3,183.6,8.9
2306,145.8,286.2,15.2
2308,332.1,212.9,10.3
2310,282.5,218.6,8.5
2312,345.7,197.7,12.7
2314,734.7,357.0,22.6
2316,741.9,433.9,14.5
2318,295.3,151.3,8.6
2320,667.1,163.0,8.7
2322,900.3,169.1,8.9
2324,811.4,227.9,15.6
2326,659.7,205.8,12.6
2328,731.8,242.2,8.5
2330,583.8,214.9,7.6
2332,551.4,212.6,13.6
2334,630.6,252.6,13.8
2336,646.9,249.1,13.6
2338,595.9,255.2,22.1
2340,947.3,324.1,12.7
2342,584.0,308.0,10.0
2344,546.2,304.7,9.5
2346,545.8,306.7,8.1
2348,472.5,273.4,8.1
2350,884.2,352.6,11.0
2352,855.1,339.7,9.1
2354,626.5,270.5,7.3
2356,968.0,128.8,7.7
2358,755.9,216.7,10.8
2360,889.6,194.4,11.7
2362,1006.3,181.2,16.3
2364,1111.2,174.6,14.3
2366,461.1,373.3,14.5
2368,532.5,339.6,14.9
2370,780.2,418.3,13.9
2372,471.1,175.4,16.8
2374,550.1,140.0,15.1
2376,568.4,137.7,12.0
2378,623.0,143.8,10.4
2380,673.1,157.3,10.8
2382,452.4,162.0,8.3
2384,500.6,176.4,7.2
2386,574.8,178.4,17.1
2388,488.4,214.4,15.2
2390,643.8,194.1,10.0
2392,534.9,228.5,15.8
2394,566.6,235.8,10.8
2396,539.1,255.6,8.1
2398,410.8,291.3,11.2
2400,544.6,275.6,8.9
2402,443.2,298.8,13.9
2404,487.6,279.0,11.4
2406,656.6,232.8,9.8
2408,668.5,215.9,11.6
2410,663.4,214.9,11.3
2412,481.1,293.9,17.0
2414,528.8,299.9,17.5
2416,612.0,308.1,14.3
2418,455.7,136.8,10.3
2420,460.5,137.7,10.3
2422,468.0,300.1,13.3
2424,431.1,132.9,8.0
2426,726.1,241.4,8.9
2428,402.5,417.7,15.5
2430,550.0,279.4,18.4
2432,344.7,332.9,15.2
2434,611.3,542.8,16.1
2436,497.5,467.9,14.4
2438,397.0,341.9,13.0
2440,604.0,309.6,13.9
2442,455.8,149.7,12.5
2444,456.1,150.2,13.1
2446,456.0,149.8,13.6
2448,456.6,149.2,13.6
2450,456.6,149.2,13.6
2452,456.6,149.2,13.6
2454,456.6,149.2,13.6
2456,456.6,149.2,13.6
2458,454.7,149.1,12.2
2460,452.4,148.7,13.2
2462,448.6,146.6,13.3
2464,446.5,146.2,13.3
2466,445.1,146.4,13.3
2468,447.9,144.5,16.2
2470,449.1,144.5,16.4
2472,450.6,144.6,15.0
2474,451.5,144.8,15.8
2476,452.6,145.9,16.0
2478,456.5,419.0,15.3
2480,459.1,145.9,16.4
2482,460.0,147.0,15.8
2484,461.5,147.4,15.3
2486,461.8,147.2,16.6
2488,470.0,128.8,18.4
2490,461.4,147.2,15.0
2492,461.4,147.2,15.0
2494,461.4,147.2,15.0
2496,461.4,147.2,15.0
2498,458.9,148.7,13.9
2500,634.9,440.9,14.6
2502,459.4,148.3,12.6
2504,460.1,147.5,12.2
2506,850.6,618.4,15.4
2508,432.4,484.5,11.0
2510,481.6,499.3,17.7
2512,487.2,499.5,9.1
2514,843.9,336.0,12.6
2516,405.6,483.4,10.4
2518,467.6,485.0,16.3
2520,468.4,485.0,18.2
2522,468.3,485.9,15.4
2524,467.5,487.7,16.5
2526,494.7,494.2,14.0
2528,732.3,390.7,13.0
2530,495.4,490.3,16.0
2532,731.5,392.1,8.0
2534,512.1,474.8,14.1
2536,439.9,477.2,14.9
2538,809.9,429.9,12.7
2540,449.6,150.5,7.0
2542,397.9,476.2,11.0
2544,844.8,411.3,15.0
2546,440.2,478.4,13.2
2548,497.8,515.6,16.1
2550,451.9,148.4,11.7
2552,448.7,150.9,12.1
2554,443.2,149.0,10.2
2556,430.2,149.0,12.2
2558,408.9,146.2,11.4
2560,385.5,141.2,9.0
2562,661.7,266.2,7.1
2564,337.0,139.1,9.4
2566,468.5,296.6,9.3
2568,404.9,306.6,15.7
2570,203.0,345.5,9.0
2572,730.0,276.8,10.5
2574,274.5,137.3,8.3
2576,561.7,239.2,7.3
2578,772.8,461.1,14.3
2580,187.4,320.8,14.6
2582,122.0,339.8,12.2
2584,760.4,476.1,13.2
2586,794.6,488.0,10.5
2588,318.8,312.8,13.6
2590,705.4,400.6,10.8
2592,855.6,487.8,15.1
2594,509.9,292.5,16.1
2596,442.8,298.6,17.2
2598,312.5,130.5,12.1
2600,316.5,131.4,13.4
2602,653.6,268.7,9.5
2604,235.9,333.3,10.4
2606,927.4,327.0,10.8
2608,872.8,308.9,10.0
2610,102.6,87.9,9.6
2612,123.9,251.5,9.0
2614,708.9,245.7,9.0
2616,970.9,481.7,10.8
2618,423.4,200.4,21.8
2620,946.6,373.2,10.8
2622,309.2,165.8,10.3
2624,853.0,364.8,8.5
2626,297.8,264.2,11.7
2628,490.8,334.1,8.2
2630,517.7,454.5,14.8
2632,494.7,449.7,14.9
2634,475.0,311.6,9.4
2636,1123.7,149.8,16.1
2638,1079.0,137.2,12.5
2640,1081.2,150.7,14.8
2642,1046.3,155.1,13.6
2644,1002.0,169.2,14.3
2646,979.9,181.3,14.3
2648,900.1,187.1,18.4
2650,873.6,190.5,8.1
2652,938.1,242.5,18.1
2654,933.5,305.5,7.3
2656,1231.8,347.9,13.0
2658,858.3,245.8,10.2
2660,864.9,248.2,15.8
2662,610.8,457.5,7.3
2664,1158.0,342.0,12.2
2666,576.3,361.6,7.4
2668,597.4,465.7,9.5
2670,1165.8,358.0,15.8
2672,889.0,300.3,10.0
2674,576.5,453.0,7.0
2676,857.0,293.0,12.1
2678,1026.6,250.1,11.2
2680,619.6,400.9,8.5
2682,956.0,221.1,8.2
2684,602.9,408.2,7.4
2686,802.5,178.0,13.0
2688,786.8,219.1,8.6
2690,722.2,244.4,8.5
2692,682.0,243.0,12.2
2694,723.0,309.3,15.0
2696,751.3,159.7,13.4
2698,826.9,371.8,11.2
2700,550.4,299.3,11.3
2702,526.6,294.8,13.3
2704,526.3,293.5,13.3
2706,525.5,293.0,11.2
2708,526.1,291.5,15.7
2710,741.8,165.2,12.2
