frame_id,original_label,review_status
frame_003,ball,unreviewed
frame_004,ball,unreviewed
frame_005,ball,ball
frame_006,ball,ball
frame_007,ball,unreviewed
frame_008,ball,unreviewed
frame_009,ball,ball
frame_010,ball,unreviewed
frame_011,ball,unreviewed
frame_012,ball,ball
frame_013,ball,ball
frame_014,ball,not_ball
frame_015,ball,unreviewed
frame_016,ball,unreviewed
frame_017,ball,ball
frame_018,ball,unreviewed
frame_019,ball,unreviewed
frame_020,ball,not_ball
frame_021,ball,ball
frame_022,ball,ball
frame_023,ball,unreviewed
frame_024,ball,unreviewed
frame_025,ball,ball
frame_026,ball,unreviewed
frame_027,ball,ball
frame_028,ball,ball
frame_029,ball,unreviewed
frame_030,ball,unreviewed
frame_031,ball,ball
frame_032,ball,not_ball
frame_033,ball,unreviewed
frame_034,ball,ball
frame_035,ball,not_ball
frame_036,ball,ball
frame_037,ball,ball
frame_038,ball,ball
frame_039,ball,ball
frame_040,ball,ball
frame_041,ball,ball
frame_042,ball,ball
frame_043,ball,ball
frame_044,ball,ball
frame_045,ball,ball
frame_046,ball,unreviewed
frame_047,ball,unreviewed
frame_048,ball,unreviewed
frame_049,ball,unreviewed
frame_050,ball,unreviewed
frame_051,ball,ball
frame_052,ball,ball
frame_053,ball,unreviewed
frame_054,ball,ball
frame_055,ball,ball
frame_056,ball,unreviewed
frame_057,ball,unreviewed
frame_058,ball,unreviewed
frame_059,ball,unreviewed
frame_060,ball,unreviewed
frame_061,ball,unreviewed
frame_062,ball,unreviewed
frame_063,ball,unreviewed
frame_064,ball,unreviewed
frame_065,ball,unreviewed
frame_066,ball,ball
frame_067,ball,ball
frame_068,ball,ball
frame_069,ball,ball
frame_070,ball,ball
frame_071,ball,not_ball
frame_072,ball,ball
frame_073,ball,ball
frame_074,ball,ball
frame_075,ball,ball
frame_076,ball,ball
frame_077,ball,ball
frame_078,ball,unreviewed
frame_079,ball,not_ball
frame_080,ball,unreviewed
frame_081,ball,ball
frame_082,ball,ball
frame_083,ball,ball
frame_084,ball,ball
frame_085,ball,ball
frame_086,ball,ball
frame_087,ball,unreviewed
frame_088,ball,unreviewed
frame_089,ball,unreviewed
frame_090,ball,ball
frame_091,ball,unreviewed
frame_092,ball,ball
frame_093,ball,unreviewed
frame_094,ball,unreviewed
frame_095,ball,ball
frame_096,ball,ball
frame_097,ball,ball
frame_098,ball,ball
frame_099,ball,ball
frame_100,ball,not_ball
frame_101,ball,ball
frame_102,ball,unreviewed
frame_103,ball,unreviewed
frame_104,ball,unreviewed
frame_105,ball,ball
frame_106,ball,unreviewed
frame_107,ball,ball
frame_108,ball,ball
frame_109,ball,ball
frame_110,ball,unreviewed
