frame,hoop_x,hoop_y,rim_radius,ft_per_px,n_lines
0,771,420,19,0.0390625,36
2,631,442,19,0.0390625,41
4,253,442,19,0.0390625,30
6,575,442,19,0.0390625,44
8,870,419,19,0.0390625,45
10,323,442,19,0.0390625,42
12,866,419,19,0.0390625,57
14,869,419,19,0.0390625,54
16,453,442,19,0.0390625,54
18,366,422,19,0.0390625,53
20,847,420,19,0.0390625,59
22,557,421,19,0.0390625,46
24,861,419,19,0.0390625,56
26,873,420,19,0.0390625,44
28,644,302,19,0.0390625,26
30,341,416,19,0.0390625,34
32,887,403,19,0.0390625,11
34,220,414,19,0.0390625,10
36,224,493,19,0.0390625,59
38,367,508,19,0.0390625,39
40,1030,459,19,0.0390625,28
42,1046,306,19,0.0390625,37
44,598,358,19,0.0390625,24
46,572,377,19,0.0390625,12
48,297,460,19,0.0390625,33
50,148,233,19,0.0390625,49
52,153,231,19,0.0390625,27
54,193,495,19,0.0390625,55
56,1018,447,19,0.0390625,20
58,768,337,19,0.0390625,16
60,1399,238,19,0.0390625,35
62,711,532,19,0.0390625,18
64,1030,507,19,0.0390625,13
66,983,397,19,0.0390625,43
68,1071,417,19,0.0390625,31
70,477,505,19,0.0390625,42
72,838,421,19,0.0390625,38
74,1118,481,19,0.0390625,16
76,252,318,19,0.0390625,12
78,742,487,19,0.0390625,37
80,800,220,19,0.0390625,43
82,725,366,19,0.0390625,44
84,1122,241,19,0.0390625,26
86,313,197,19,0.0390625,42
88,321,203,19,0.0390625,50
90,323,209,19,0.0390625,53
92,328,212,19,0.0390625,63
94,1119,444,19,0.0390625,67
96,340,211,19,0.0390625,52
98,339,207,19,0.0390625,40
100,1121,434,19,0.0390625,43
102,324,201,19,0.0390625,29
104,1130,402,19,0.0390625,38
106,344,200,19,0.0390625,60
108,826,408,19,0.0390625,41
110,1157,251,19,0.0390625,21
112,1017,215,19,0.0390625,38
114,277,250,19,0.0390625,44
116,811,239,19,0.0390625,38
118,1127,235,19,0.0390625,27
120,1131,230,19,0.0390625,54
122,633,196,19,0.0390625,43
124,1092,486,19,0.0390625,54
126,1095,481,19,0.0390625,37
128,1043,459,19,0.0390625,36
130,934,425,19,0.0390625,37
132,909,408,19,0.0390625,46
134,795,371,19,0.0390625,29
136,789,416,19,0.0390625,33
138,752,388,19,0.0390625,23
140,320,330,19,0.0390625,17
142,238,346,19,0.0390625,23
144,988,327,19,0.0390625,46
146,955,304,19,0.0390625,89
148,269,355,19,0.0390625,79
150,268,360,19,0.0390625,76
152,497,390,19,0.0390625,95
154,149,352,19,0.0390625,32
156,408,372,19,0.0390625,26
158,988,486,19,0.0390625,52
160,316,410,19,0.0390625,35
162,994,296,19,0.0390625,24
164,278,433,19,0.0390625,26
166,291,442,19,0.0390625,20
168,274,461,19,0.0390625,19
170,255,478,19,0.0390625,39
172,932,221,19,0.0390625,26
174,201,243,19,0.0390625,23
176,201,244,19,0.0390625,34
178,308,495,19,0.0390625,34
180,222,497,19,0.0390625,24
182,275,463,19,0.0390625,48
184,360,425,19,0.0390625,26
186,982,511,19,0.0390625,69
188,421,434,19,0.0390625,43
190,139,481,19,0.0390625,59
192,808,388,19,0.0390625,72
194,122,459,19,0.0390625,67
196,57,476,19,0.0390625,26
198,976,436,19,0.0390625,27
200,119,373,19,0.0390625,33
202,120,370,19,0.0390625,49
204,360,388,19,0.0390625,66
206,63,382,19,0.0390625,59
208,164,360,19,0.0390625,48
210,134,358,19,0.0390625,70
212,77,415,19,0.0390625,116
214,122,395,19,0.0390625,57
216,152,383,19,0.0390625,46
218,143,376,19,0.0390625,89
220,183,368,19,0.0390625,75
222,369,393,19,0.0390625,64
224,213,362,19,0.0390625,79
226,261,353,19,0.0390625,77
228,912,352,19,0.0390625,78
230,685,409,19,0.0390625,59
232,492,382,19,0.0390625,65
234,270,358,19,0.0390625,49
236,216,373,19,0.0390625,48
238,162,389,19,0.0390625,69
240,177,346,19,0.0390625,75
242,162,390,19,0.0390625,64
244,715,325,19,0.0390625,86
246,687,402,19,0.0390625,97
248,705,386,19,0.0390625,94
250,400,323,19,0.0390625,89
252,340,355,19,0.0390625,66
254,636,331,19,0.0390625,102
256,555,328,19,0.0390625,41
258,542,325,19,0.0390625,64
260,454,310,19,0.0390625,32
262,276,333,19,0.0390625,40
264,184,316,19,0.0390625,63
266,610,418,19,0.0390625,37
268,372,436,19,0.0390625,46
270,531,322,19,0.0390625,57
272,1064,447,19,0.0390625,33
274,1020,414,19,0.0390625,27
276,1068,463,19,0.0390625,47
278,1078,471,19,0.0390625,34
280,1084,479,19,0.0390625,21
282,1094,485,19,0.0390625,39
284,1049,396,19,0.0390625,61
286,1099,490,19,0.0390625,33
288,1083,485,19,0.0390625,45
290,1108,491,19,0.0390625,46
292,1112,494,19,0.0390625,38
294,1111,405,19,0.0390625,66
296,1116,498,19,0.0390625,85
298,1107,499,19,0.0390625,71
300,1092,497,19,0.0390625,73
302,1072,497,19,0.0390625,70
304,1013,487,19,0.0390625,48
306,1038,499,19,0.0390625,35
308,1014,463,19,0.0390625,48
310,988,224,19,0.0390625,46
312,1079,252,19,0.0390625,62
314,330,260,19,0.0390625,56
316,1031,259,19,0.0390625,68
318,1047,268,19,0.0390625,72
320,911,265,19,0.0390625,66
322,922,268,19,0.0390625,60
324,938,275,19,0.0390625,44
326,242,258,19,0.0390625,76
328,1005,291,19,0.0390625,74
330,278,269,19,0.0390625,61
332,729,162,19,0.0390625,74
334,941,275,19,0.0390625,47
336,727,161,19,0.0390625,69
338,285,271,19,0.0390625,79
340,727,161,19,0.0390625,55
342,721,273,19,0.0390625,43
344,1052,271,19,0.0390625,42
346,846,247,19,0.0390625,38
348,999,239,19,0.0390625,32
350,721,488,19,0.0390625,35
352,933,486,19,0.0390625,36
354,966,402,19,0.0390625,35
356,558,462,19,0.0390625,45
358,608,465,19,0.0390625,58
360,961,389,19,0.0390625,50
362,541,434,19,0.0390625,56
364,430,471,19,0.0390625,36
366,596,429,19,0.0390625,62
368,4,433,19,0.0390625,20
370,320,343,19,0.0390625,24
372,834,333,19,0.0390625,48
374,983,376,19,0.0390625,50
376,821,382,19,0.0390625,48
378,213,447,19,0.0390625,24
380,971,457,19,0.0390625,28
382,479,389,19,0.0390625,27
384,337,421,19,0.0390625,50
386,325,424,19,0.0390625,22
388,313,426,19,0.0390625,15
390,237,441,19,0.0390625,19
392,231,445,19,0.0390625,22
394,253,444,19,0.0390625,39
396,245,453,19,0.0390625,42
398,297,366,19,0.0390625,61
400,171,489,19,0.0390625,34
402,217,483,19,0.0390625,33
404,220,485,19,0.0390625,55
406,258,472,19,0.0390625,35
408,330,449,19,0.0390625,23
410,373,439,19,0.0390625,49
412,314,450,19,0.0390625,29
414,310,450,19,0.0390625,45
416,302,454,19,0.0390625,21
418,687,454,19,0.0390625,17
420,232,483,19,0.0390625,20
422,191,220,19,0.0390625,29
424,154,241,19,0.0390625,51
426,143,252,19,0.0390625,50
428,134,257,19,0.0390625,29
430,142,260,19,0.0390625,38
432,139,265,19,0.0390625,44
434,144,267,19,0.0390625,38
436,148,271,19,0.0390625,60
438,233,452,19,0.0390625,33
440,896,258,19,0.0390625,24
442,181,263,19,0.0390625,39
444,188,260,19,0.0390625,24
446,185,260,19,0.0390625,29
448,251,444,19,0.0390625,43
450,247,446,19,0.0390625,50
452,329,245,19,0.0390625,75
454,223,256,19,0.0390625,51
456,605,445,19,0.0390625,76
458,82,423,19,0.0390625,71
460,927,264,19,0.0390625,60
462,746,371,19,0.0390625,62
464,232,279,19,0.0390625,37
466,676,555,19,0.0390625,72
468,715,384,19,0.0390625,59
470,455,293,19,0.0390625,66
472,570,460,19,0.0390625,96
474,240,281,19,0.0390625,69
476,586,458,19,0.0390625,89
478,555,463,19,0.0390625,59
480,-65,460,19,0.0390625,53
482,-68,460,19,0.0390625,73
484,250,461,19,0.0390625,65
486,-69,460,19,0.0390625,59
488,569,461,19,0.0390625,40
490,-66,460,19,0.0390625,33
492,572,460,19,0.0390625,59
494,-62,459,19,0.0390625,69
496,-84,463,19,0.0390625,67
498,-69,460,19,0.0390625,70
500,-81,463,19,0.0390625,59
502,625,449,19,0.0390625,76
504,-69,460,19,0.0390625,76
506,-133,473,19,0.0390625,68
508,-136,473,19,0.0390625,78
510,-89,463,19,0.0390625,88
512,-80,461,19,0.0390625,82
514,610,451,19,0.0390625,74
516,632,446,19,0.0390625,95
518,-40,452,19,0.0390625,82
520,-78,461,19,0.0390625,69
522,-78,461,19,0.0390625,61
524,-30,452,19,0.0390625,79
526,-34,454,19,0.0390625,62
528,620,450,19,0.0390625,73
530,589,456,19,0.0390625,59
532,-35,453,19,0.0390625,75
534,-33,453,19,0.0390625,73
536,913,270,19,0.0390625,74
538,-40,454,19,0.0390625,60
540,602,453,19,0.0390625,66
542,601,454,19,0.0390625,87
544,624,449,19,0.0390625,79
546,651,444,19,0.0390625,84
548,633,448,19,0.0390625,96
550,605,453,19,0.0390625,91
552,599,455,19,0.0390625,90
554,540,466,19,0.0390625,78
556,601,454,19,0.0390625,69
558,-40,454,19,0.0390625,49
560,-54,457,19,0.0390625,76
562,-36,453,19,0.0390625,79
564,603,453,19,0.0390625,77
566,-29,451,19,0.0390625,78
568,-29,451,19,0.0390625,66
570,-30,450,19,0.0390625,105
572,-24,450,19,0.0390625,129
574,-24,451,19,0.0390625,83
576,-19,449,19,0.0390625,78
578,-10,446,19,0.0390625,76
580,162,272,19,0.0390625,38
582,284,436,19,0.0390625,69
584,613,497,19,0.0390625,61
586,201,498,19,0.0390625,19
588,203,481,19,0.0390625,30
590,583,453,19,0.0390625,45
592,165,461,19,0.0390625,39
594,278,421,19,0.0390625,17
596,741,368,19,0.0390625,28
598,236,312,19,0.0390625,12
600,221,367,19,0.0390625,43
602,884,317,19,0.0390625,53
604,773,348,19,0.0390625,21
606,626,360,19,0.0390625,25
608,712,396,19,0.0390625,30
610,275,446,19,0.0390625,14
612,799,390,19,0.0390625,40
614,849,377,19,0.0390625,28
616,763,251,19,0.0390625,50
618,1059,486,19,0.0390625,59
620,1014,402,19,0.0390625,27
622,1095,492,19,0.0390625,41
624,633,251,19,0.0390625,68
626,714,287,19,0.0390625,56
628,1092,292,19,0.0390625,45
630,1117,299,19,0.0390625,38
632,695,578,19,0.0390625,62
634,539,181,19,0.0390625,75
636,281,176,19,0.0390625,31
638,813,304,19,0.0390625,32
640,1135,304,19,0.0390625,33
642,540,181,19,0.0390625,76
644,514,176,19,0.0390625,40
646,1093,290,19,0.0390625,64
648,623,274,19,0.0390625,32
650,1089,285,19,0.0390625,61
652,117,162,19,0.0390625,82
654,770,287,19,0.0390625,78
656,1067,281,19,0.0390625,30
658,1100,291,19,0.0390625,69
660,1105,294,19,0.0390625,43
662,972,287,19,0.0390625,38
664,807,174,19,0.0390625,53
666,1062,478,19,0.0390625,48
668,744,478,19,0.0390625,55
670,1068,477,19,0.0390625,71
672,750,476,19,0.0390625,66
674,757,477,19,0.0390625,43
676,764,476,19,0.0390625,50
678,1033,281,19,0.0390625,62
680,773,475,19,0.0390625,38
682,887,184,19,0.0390625,37
684,246,184,19,0.0390625,49
686,722,461,19,0.0390625,52
688,811,481,19,0.0390625,43
690,184,539,19,0.0390625,47
692,1085,472,19,0.0390625,45
694,1123,284,19,0.0390625,38
696,529,185,19,0.0390625,51
698,1100,271,19,0.0390625,61
700,1083,259,19,0.0390625,36
702,1063,242,19,0.0390625,43
704,1038,500,19,0.0390625,32
706,1013,477,19,0.0390625,33
708,1005,461,19,0.0390625,34
710,1078,464,19,0.0390625,37
712,998,437,19,0.0390625,108
714,1017,373,19,0.0390625,74
716,902,399,19,0.0390625,72
718,1302,409,19,0.0390625,76
720,1163,380,19,0.0390625,55
722,1013,420,19,0.0390625,30
724,959,423,19,0.0390625,50
726,1000,447,19,0.0390625,69
728,1009,473,19,0.0390625,30
730,590,478,19,0.0390625,65
732,1024,226,19,0.0390625,46
734,995,237,19,0.0390625,63
736,638,243,19,0.0390625,57
738,1088,224,19,0.0390625,43
740,712,254,19,0.0390625,53
742,712,242,19,0.0390625,69
744,1080,242,19,0.0390625,41
746,1036,495,19,0.0390625,31
748,609,459,19,0.0390625,36
750,1049,476,19,0.0390625,38
752,1055,474,19,0.0390625,65
754,1058,472,19,0.0390625,78
756,1059,474,19,0.0390625,43
758,1050,472,19,0.0390625,61
760,1040,466,19,0.0390625,53
762,1033,456,19,0.0390625,54
764,1031,451,19,0.0390625,34
766,1031,446,19,0.0390625,86
768,1033,445,19,0.0390625,52
770,1034,449,19,0.0390625,57
772,1033,454,19,0.0390625,50
774,1031,463,19,0.0390625,48
776,1031,471,19,0.0390625,49
778,714,484,19,0.0390625,66
780,1005,489,19,0.0390625,67
782,1007,493,19,0.0390625,99
784,717,224,19,0.0390625,63
786,722,228,19,0.0390625,43
788,712,227,19,0.0390625,51
790,1054,231,19,0.0390625,46
792,590,492,19,0.0390625,58
794,1042,225,19,0.0390625,48
796,720,225,19,0.0390625,50
798,1040,225,19,0.0390625,69
800,720,224,19,0.0390625,48
802,720,224,19,0.0390625,62
804,1045,230,19,0.0390625,91
806,1042,235,19,0.0390625,56
808,742,245,19,0.0390625,59
810,749,254,19,0.0390625,73
812,758,264,19,0.0390625,67
814,759,269,19,0.0390625,69
816,928,263,19,0.0390625,63
818,1070,275,19,0.0390625,83
820,1049,272,19,0.0390625,69
822,957,444,19,0.0390625,86
824,1044,269,19,0.0390625,69
826,1039,266,19,0.0390625,70
828,1028,256,19,0.0390625,59
830,991,234,19,0.0390625,41
832,947,491,19,0.0390625,45
834,889,465,19,0.0390625,45
836,844,447,19,0.0390625,47
838,844,436,19,0.0390625,41
840,346,498,19,0.0390625,52
842,409,485,19,0.0390625,46
844,326,455,19,0.0390625,26
846,310,443,19,0.0390625,51
848,796,343,19,0.0390625,22
850,832,397,19,0.0390625,52
852,309,454,19,0.0390625,83
854,825,349,19,0.0390625,33
856,551,346,19,0.0390625,44
858,56,398,19,0.0390625,32
860,326,421,19,0.0390625,15
862,373,417,19,0.0390625,14
864,652,428,19,0.0390625,29
866,381,417,19,0.0390625,46
868,427,408,19,0.0390625,38
870,766,404,19,0.0390625,41
872,740,410,19,0.0390625,57
874,716,416,19,0.0390625,46
876,284,437,19,0.0390625,51
878,397,417,19,0.0390625,34
880,695,421,19,0.0390625,82
882,282,437,19,0.0390625,42
884,687,422,19,0.0390625,31
886,302,436,19,0.0390625,25
888,285,443,19,0.0390625,27
890,286,448,19,0.0390625,18
892,245,463,19,0.0390625,21
894,247,466,19,0.0390625,15
896,555,472,19,0.0390625,34
898,253,471,19,0.0390625,21
900,251,472,19,0.0390625,37
902,230,476,19,0.0390625,21
904,239,473,19,0.0390625,26
906,253,471,19,0.0390625,48
908,241,477,19,0.0390625,34
910,544,487,19,0.0390625,63
912,546,499,19,0.0390625,16
914,166,247,19,0.0390625,22
916,11,292,19,0.0390625,40
918,925,388,19,0.0390625,29
920,857,452,19,0.0390625,11
922,581,377,19,0.0390625,37
924,131,257,19,0.0390625,27
926,559,368,19,0.0390625,30
928,169,238,19,0.0390625,27
930,564,357,19,0.0390625,45
932,613,341,19,0.0390625,20
934,961,448,19,0.0390625,37
936,721,424,19,0.0390625,34
938,816,398,19,0.0390625,50
940,175,395,19,0.0390625,31
942,474,460,19,0.0390625,84
944,760,338,19,0.0390625,54
946,889,344,19,0.0390625,28
948,-7,415,19,0.0390625,16
950,766,491,19,0.0390625,40
952,505,486,19,0.0390625,55
954,325,233,19,0.0390625,27
956,940,422,19,0.0390625,30
958,962,472,19,0.0390625,25
960,1069,498,19,0.0390625,28
962,609,465,19,0.0390625,25
964,1029,483,19,0.0390625,33
966,1088,493,19,0.0390625,35
968,1047,486,19,0.0390625,28
970,1049,487,19,0.0390625,41
972,1008,485,19,0.0390625,36
974,1050,221,19,0.0390625,57
976,1081,232,19,0.0390625,42
978,1078,236,19,0.0390625,29
980,1084,244,19,0.0390625,59
982,1088,252,19,0.0390625,43
984,1093,256,19,0.0390625,47
986,748,453,19,0.0390625,55
988,749,427,19,0.0390625,74
990,791,382,19,0.0390625,41
992,772,250,19,0.0390625,65
994,1090,246,19,0.0390625,44
996,756,232,19,0.0390625,50
998,725,500,19,0.0390625,38
1000,715,483,19,0.0390625,37
1002,661,450,19,0.0390625,52
1004,811,393,19,0.0390625,35
1006,323,419,19,0.0390625,20
1008,267,465,19,0.0390625,59
1010,797,391,19,0.0390625,36
1012,984,463,19,0.0390625,12
1014,782,390,19,0.0390625,22
1016,989,290,19,0.0390625,13
1018,1003,343,19,0.0390625,8
1020,490,223,19,0.0390625,65
1022,586,411,19,0.0390625,25
1024,477,245,19,0.0390625,41
1026,516,375,19,0.0390625,45
1028,150,244,19,0.0390625,39
1030,153,240,19,0.0390625,24
1032,158,233,19,0.0390625,16
1034,490,227,19,0.0390625,17
1036,180,222,19,0.0390625,26
1038,197,426,19,0.0390625,22
1040,164,228,19,0.0390625,25
1042,207,222,19,0.0390625,11
1044,225,227,19,0.0390625,46
1046,193,242,19,0.0390625,67
1048,175,252,19,0.0390625,35
1050,294,238,19,0.0390625,58
1052,527,252,19,0.0390625,53
1054,910,257,19,0.0390625,50
1056,207,261,19,0.0390625,29
1058,193,267,19,0.0390625,48
1060,179,274,19,0.0390625,60
1062,253,456,19,0.0390625,53
1064,558,461,19,0.0390625,56
1066,455,291,19,0.0390625,56
1068,572,461,19,0.0390625,71
1070,939,263,19,0.0390625,71
1072,341,442,19,0.0390625,49
1074,740,424,19,0.0390625,61
1076,144,478,19,0.0390625,55
1078,745,382,19,0.0390625,46
1080,921,262,19,0.0390625,55
1082,176,272,19,0.0390625,67
1084,323,266,19,0.0390625,54
1086,1003,267,19,0.0390625,22
1088,1178,547,19,0.0390625,10
1090,279,285,19,0.0390625,23
1092,224,304,19,0.0390625,24
1094,571,295,19,0.0390625,23
1096,765,277,19,0.0390625,26
1098,721,270,19,0.0390625,23
1100,1102,494,19,0.0390625,37
1102,789,478,19,0.0390625,65
1104,794,466,19,0.0390625,44
1106,957,444,19,0.0390625,46
1108,923,434,19,0.0390625,55
1110,220,451,19,0.0390625,49
1112,968,512,19,0.0390625,50
1114,969,495,19,0.0390625,56
1116,1004,296,19,0.0390625,15
1118,731,226,19,0.0390625,9
1120,243,258,19,0.0390625,36
1122,962,259,19,0.0390625,46
1124,625,265,19,0.0390625,46
1126,1135,540,19,0.0390625,61
1128,296,440,19,0.0390625,60
1130,521,264,19,0.0390625,55
1132,1032,249,19,0.0390625,44
1134,1038,256,19,0.0390625,28
1136,1057,257,19,0.0390625,36
1138,248,265,19,0.0390625,25
1140,581,262,19,0.0390625,25
1142,702,225,19,0.0390625,48
1144,730,490,19,0.0390625,41
1146,681,509,19,0.0390625,44
1148,1281,507,19,0.0390625,35
1150,946,497,19,0.0390625,45
1152,966,418,19,0.0390625,5
1154,1189,478,19,0.0390625,3
1156,935,420,19,0.0390625,2
1158,926,418,19,0.0390625,10
1160,911,419,19,0.0390625,49
1162,1212,419,19,0.0390625,57
1164,892,420,19,0.0390625,49
1166,904,418,19,0.0390625,56
1168,364,422,19,0.0390625,66
1170,891,420,19,0.0390625,66
1172,442,421,19,0.0390625,61
1174,279,422,19,0.0390625,4
1176,923,416,19,0.0390625,9
1178,1182,565,19,0.0390625,5
1180,1340,439,19,0.0390625,58
1182,481,513,19,0.0390625,89
1184,714,479,19,0.0390625,36
1186,699,246,19,0.0390625,30
1188,553,443,19,0.0390625,72
1190,784,464,19,0.0390625,53
1192,1050,437,19,0.0390625,22
1194,887,413,19,0.0390625,4
1196,1176,473,19,0.0390625,3
1198,942,419,19,0.0390625,9
1200,1171,474,19,0.0390625,6
1202,334,423,19,0.0390625,41
1204,349,422,19,0.0390625,47
1206,942,420,19,0.0390625,62
1208,942,420,19,0.0390625,37
1210,943,420,19,0.0390625,56
1212,886,420,19,0.0390625,41
1214,886,420,19,0.0390625,45
1216,886,418,19,0.0390625,34
1218,886,419,19,0.0390625,40
1220,886,418,19,0.0390625,49
1222,887,419,19,0.0390625,43
1224,888,419,19,0.0390625,42
1226,893,419,19,0.0390625,49
1228,898,419,19,0.0390625,58
1230,903,419,19,0.0390625,49
1232,871,419,19,0.0390625,41
1234,902,419,19,0.0390625,49
1236,893,419,19,0.0390625,41
1238,933,421,19,0.0390625,41
1240,380,422,19,0.0390625,26
1242,930,418,19,0.0390625,43
1244,845,418,19,0.0390625,36
1246,1184,419,19,0.0390625,35
1248,857,418,19,0.0390625,45
1250,828,420,19,0.0390625,46
1252,845,419,19,0.0390625,43
1254,879,420,19,0.0390625,46
1256,1200,419,19,0.0390625,47
1258,862,420,19,0.0390625,52
1260,1076,437,19,0.0390625,44
1262,1180,474,19,0.0390625,4
1264,266,422,19,0.0390625,6
1266,933,413,19,0.0390625,5
1268,986,459,19,0.0390625,60
1270,911,463,19,0.0390625,47
1272,121,462,19,0.0390625,63
1274,770,477,19,0.0390625,15
1276,372,500,19,0.0390625,16
1278,218,248,19,0.0390625,70
1280,249,243,19,0.0390625,28
1282,236,245,19,0.0390625,67
1284,205,252,19,0.0390625,34
1286,203,254,19,0.0390625,46
1288,778,357,19,0.0390625,34
1290,530,254,19,0.0390625,89
1292,185,428,19,0.0390625,43
1294,180,260,19,0.0390625,44
1296,142,267,19,0.0390625,66
1298,531,249,19,0.0390625,41
1300,194,251,19,0.0390625,63
1302,534,240,19,0.0390625,41
1304,335,417,19,0.0390625,46
1306,193,238,19,0.0390625,57
1308,193,238,19,0.0390625,33
1310,287,423,19,0.0390625,37
1312,188,248,19,0.0390625,34
1314,829,258,19,0.0390625,40
1316,145,266,19,0.0390625,40
1318,318,450,19,0.0390625,51
1320,1010,464,19,0.0390625,22
1322,697,459,19,0.0390625,56
1324,924,377,19,0.0390625,32
1326,255,426,19,0.0390625,21
1328,179,435,19,0.0390625,32
1330,173,496,19,0.0390625,40
1332,179,486,19,0.0390625,88
1334,185,477,19,0.0390625,65
1336,198,475,19,0.0390625,47
1338,160,489,19,0.0390625,50
1340,188,487,19,0.0390625,49
1342,527,487,19,0.0390625,58
1344,211,488,19,0.0390625,49
1346,150,230,19,0.0390625,44
1348,159,442,19,0.0390625,42
1350,138,245,19,0.0390625,29
1352,142,460,19,0.0390625,30
1354,542,464,19,0.0390625,40
1356,197,253,19,0.0390625,45
1358,172,258,19,0.0390625,49
1360,639,430,19,0.0390625,37
1362,239,232,19,0.0390625,41
1364,1056,289,19,0.0390625,14
1366,707,520,19,0.0390625,43
1368,1150,564,19,0.0390625,17
1370,323,388,19,0.0390625,14
1372,215,528,19,0.0390625,53
1374,160,300,19,0.0390625,36
1376,996,471,19,0.0390625,10
1378,1004,241,19,0.0390625,54
1380,1032,246,19,0.0390625,49
1382,1059,251,19,0.0390625,40
1384,752,256,19,0.0390625,52
1386,764,258,19,0.0390625,49
1388,772,262,19,0.0390625,41
1390,496,170,19,0.0390625,43
1392,1070,434,19,0.0390625,38
1394,1108,274,19,0.0390625,34
1396,183,172,19,0.0390625,45
1398,1108,280,19,0.0390625,51
1400,477,170,19,0.0390625,75
1402,1096,281,19,0.0390625,56
1404,771,281,19,0.0390625,74
1406,1090,282,19,0.0390625,74
1408,125,169,19,0.0390625,66
1410,140,169,19,0.0390625,75
1412,730,469,19,0.0390625,92
1414,194,174,19,0.0390625,77
1416,821,298,19,0.0390625,51
1418,235,184,19,0.0390625,54
1420,246,184,19,0.0390625,40
1422,1353,466,19,0.0390625,76
1424,1354,466,19,0.0390625,33
1426,1364,468,19,0.0390625,34
1428,1364,468,19,0.0390625,40
1430,1039,467,19,0.0390625,36
1432,723,468,19,0.0390625,49
1434,726,469,19,0.0390625,48
1436,1043,469,19,0.0390625,34
1438,724,468,19,0.0390625,41
1440,724,468,19,0.0390625,44
1442,567,186,19,0.0390625,47
1444,722,467,19,0.0390625,48
1446,368,275,19,0.0390625,55
1448,374,277,19,0.0390625,48
1450,719,466,19,0.0390625,51
1452,702,463,19,0.0390625,58
1454,1039,466,19,0.0390625,75
1456,1042,467,19,0.0390625,65
1458,722,467,19,0.0390625,63
1460,723,467,19,0.0390625,38
1462,1045,469,19,0.0390625,57
1464,771,478,19,0.0390625,40
1466,247,185,19,0.0390625,54
1468,1094,478,19,0.0390625,47
1470,1032,465,19,0.0390625,47
1472,1034,465,19,0.0390625,60
1474,1357,467,19,0.0390625,66
1476,712,465,19,0.0390625,74
1478,709,465,19,0.0390625,41
1480,1029,465,19,0.0390625,40
1482,717,466,19,0.0390625,62
1484,727,469,19,0.0390625,46
1486,714,466,19,0.0390625,57
1488,887,185,19,0.0390625,38
1490,1035,466,19,0.0390625,35
1492,1036,466,19,0.0390625,44
1494,1044,468,19,0.0390625,44
1496,1354,467,19,0.0390625,57
1498,1044,468,19,0.0390625,56
1500,707,465,19,0.0390625,55
1502,713,466,19,0.0390625,49
1504,1352,466,19,0.0390625,61
1506,1355,467,19,0.0390625,32
1508,1032,466,19,0.0390625,45
1510,1012,461,19,0.0390625,35
1512,244,184,19,0.0390625,42
1514,1016,272,19,0.0390625,67
1516,238,184,19,0.0390625,41
1518,239,185,19,0.0390625,34
1520,376,274,19,0.0390625,53
1522,989,457,19,0.0390625,49
1524,982,457,19,0.0390625,46
1526,988,459,19,0.0390625,34
1528,551,183,19,0.0390625,43
1530,222,184,19,0.0390625,71
1532,1279,458,19,0.0390625,84
1534,525,188,19,0.0390625,68
1536,1125,300,19,0.0390625,53
1538,472,565,19,0.0390625,28
1540,201,184,19,0.0390625,46
1542,681,274,19,0.0390625,54
1544,1107,281,19,0.0390625,37
1546,986,266,19,0.0390625,34
1548,1072,264,19,0.0390625,30
1550,579,240,19,0.0390625,27
1552,711,247,19,0.0390625,38
1554,1053,248,19,0.0390625,35
1556,1076,243,19,0.0390625,47
1558,1000,498,19,0.0390625,42
1560,916,478,19,0.0390625,36
1562,1013,488,19,0.0390625,31
1564,1032,490,19,0.0390625,51
1566,1076,497,19,0.0390625,29
1568,1058,486,19,0.0390625,32
1570,1061,488,19,0.0390625,37
1572,1065,486,19,0.0390625,70
1574,1066,488,19,0.0390625,61
1576,1071,494,19,0.0390625,89
1578,758,500,19,0.0390625,44
1580,762,225,19,0.0390625,53
1582,1084,228,19,0.0390625,39
1584,1087,228,19,0.0390625,39
1586,1082,223,19,0.0390625,31
1588,1076,497,19,0.0390625,50
1590,1062,487,19,0.0390625,42
1592,1038,469,19,0.0390625,34
1594,1004,448,19,0.0390625,17
1596,952,421,19,0.0390625,36
1598,885,499,19,0.0390625,24
1600,264,421,19,0.0390625,12
1602,270,485,19,0.0390625,43
1604,729,225,19,0.0390625,15
1606,987,235,19,0.0390625,10
1608,376,469,19,0.0390625,30
1610,1010,483,19,0.0390625,31
1612,739,351,19,0.0390625,24
1614,508,254,19,0.0390625,66
1616,498,260,19,0.0390625,64
1618,495,264,19,0.0390625,36
1620,595,445,19,0.0390625,52
1622,274,448,19,0.0390625,55
1624,279,449,19,0.0390625,41
1626,571,455,19,0.0390625,57
1628,-34,453,19,0.0390625,42
1630,226,466,19,0.0390625,48
1632,988,267,19,0.0390625,42
1634,212,273,19,0.0390625,33
1636,449,238,19,0.0390625,24
1638,1190,494,19,0.0390625,16
1640,537,453,19,0.0390625,24
1642,250,469,19,0.0390625,42
1644,1053,538,19,0.0390625,18
1646,928,387,19,0.0390625,34
1648,-4,385,19,0.0390625,50
1650,328,480,19,0.0390625,40
1652,35,442,19,0.0390625,35
1654,840,409,19,0.0390625,41
1656,946,404,19,0.0390625,13
1658,715,437,19,0.0390625,26
1660,1062,492,19,0.0390625,61
1662,1073,223,19,0.0390625,18
1664,1076,233,19,0.0390625,30
1666,751,235,19,0.0390625,31
1668,519,180,19,0.0390625,23
1670,1058,234,19,0.0390625,33
1672,1087,242,19,0.0390625,38
1674,1408,244,19,0.0390625,24
1676,773,248,19,0.0390625,37
1678,1101,258,19,0.0390625,53
1680,536,181,19,0.0390625,35
1682,224,184,19,0.0390625,39
1684,1155,234,19,0.0390625,44
1686,1108,262,19,0.0390625,39
1688,790,260,19,0.0390625,27
1690,1117,254,19,0.0390625,32
1692,595,185,19,0.0390625,34
1694,937,186,19,0.0390625,31
1696,934,187,19,0.0390625,33
1698,1118,253,19,0.0390625,33
1700,1104,251,19,0.0390625,34
1702,1085,252,19,0.0390625,46
1704,1048,242,19,0.0390625,29
1706,1113,255,19,0.0390625,30
1708,1035,425,19,0.0390625,32
1710,474,273,19,0.0390625,30
1712,328,521,19,0.0390625,21
1714,-33,526,19,0.0390625,32
1716,144,530,19,0.0390625,18
1718,971,517,19,0.0390625,39
1720,954,490,19,0.0390625,41
1722,890,478,19,0.0390625,62
1724,857,471,19,0.0390625,49
1726,491,424,19,0.0390625,53
1728,1171,431,19,0.0390625,26
1730,1152,436,19,0.0390625,24
1732,298,464,19,0.0390625,37
1734,779,447,19,0.0390625,25
1736,652,466,19,0.0390625,48
1738,258,483,19,0.0390625,49
1740,570,487,19,0.0390625,43
1742,407,463,19,0.0390625,34
1744,568,491,19,0.0390625,59
1746,98,387,19,0.0390625,56
1748,571,491,19,0.0390625,50
1750,1025,474,19,0.0390625,54
1752,275,484,19,0.0390625,23
1754,292,478,19,0.0390625,47
1756,338,468,19,0.0390625,15
1758,338,464,19,0.0390625,30
1760,442,444,19,0.0390625,34
1762,668,510,19,0.0390625,37
1764,995,528,19,0.0390625,39
1766,675,548,19,0.0390625,33
1768,976,398,19,0.0390625,23
1770,1047,403,19,0.0390625,46
1772,-16,551,19,0.0390625,71
1774,329,538,19,0.0390625,32
1776,356,528,19,0.0390625,39
1778,351,510,19,0.0390625,71
1780,25,505,19,0.0390625,78
1782,352,502,19,0.0390625,66
1784,715,435,19,0.0390625,93
1786,1028,498,19,0.0390625,70
1788,959,499,19,0.0390625,42
1790,969,225,19,0.0390625,46
1792,972,236,19,0.0390625,50
1794,1030,250,19,0.0390625,25
1796,634,240,19,0.0390625,54
1798,799,228,19,0.0390625,45
1800,455,222,19,0.0390625,50
1802,807,231,19,0.0390625,41
1804,983,249,19,0.0390625,61
1806,989,252,19,0.0390625,58
1808,988,251,19,0.0390625,40
1810,987,249,19,0.0390625,55
1812,627,237,19,0.0390625,67
1814,1033,454,19,0.0390625,45
1816,477,491,19,0.0390625,38
1818,643,220,19,0.0390625,46
1820,1008,225,19,0.0390625,43
1822,987,413,19,0.0390625,51
1824,639,500,19,0.0390625,51
1826,1061,242,19,0.0390625,38
1828,1112,260,19,0.0390625,46
1830,1118,265,19,0.0390625,39
1832,795,270,19,0.0390625,53
1834,1109,269,19,0.0390625,36
1836,1083,266,19,0.0390625,30
1838,638,239,19,0.0390625,47
1840,1053,252,19,0.0390625,47
1842,574,223,19,0.0390625,41
1844,1033,243,19,0.0390625,37
1846,1289,232,19,0.0390625,50
1848,695,242,19,0.0390625,77
1850,741,254,19,0.0390625,57
1852,1069,254,19,0.0390625,56
1854,754,251,19,0.0390625,57
1856,1077,250,19,0.0390625,49
1858,1004,241,19,0.0390625,67
1860,1090,246,19,0.0390625,50
1862,760,238,19,0.0390625,61
1864,1035,222,19,0.0390625,35
1866,1019,493,19,0.0390625,45
1868,992,486,19,0.0390625,39
1870,1090,222,19,0.0390625,34
1872,1002,486,19,0.0390625,34
1874,997,488,19,0.0390625,68
1876,961,483,19,0.0390625,62
1878,674,495,19,0.0390625,67
1880,203,485,19,0.0390625,59
1882,903,482,19,0.0390625,64
1884,566,481,19,0.0390625,48
1886,508,283,19,0.0390625,64
1888,992,362,19,0.0390625,62
1890,295,355,19,0.0390625,58
1892,578,466,19,0.0390625,76
1894,735,462,19,0.0390625,78
1896,757,470,19,0.0390625,57
1898,827,482,19,0.0390625,48
1900,897,219,19,0.0390625,40
1902,951,231,19,0.0390625,52
1904,945,232,19,0.0390625,56
1906,986,439,19,0.0390625,59
1908,995,248,19,0.0390625,63
1910,1033,265,19,0.0390625,48
1912,1077,283,19,0.0390625,45
1914,990,458,19,0.0390625,45
1916,980,455,19,0.0390625,46
1918,1050,268,19,0.0390625,42
1920,1039,264,19,0.0390625,47
1922,1044,267,19,0.0390625,49
1924,1009,456,19,0.0390625,50
1926,974,451,19,0.0390625,49
1928,963,447,19,0.0390625,55
1930,981,444,19,0.0390625,37
1932,959,427,19,0.0390625,42
1934,953,223,19,0.0390625,38
1936,779,450,19,0.0390625,32
1938,683,355,19,0.0390625,53
1940,616,350,19,0.0390625,35
1942,772,456,19,0.0390625,8
1944,960,220,19,0.0390625,46
1946,990,236,19,0.0390625,39
1948,1003,246,19,0.0390625,29
1950,994,247,19,0.0390625,38
1952,966,242,19,0.0390625,33
1954,1001,248,19,0.0390625,37
1956,920,427,19,0.0390625,37
1958,999,246,19,0.0390625,45
1960,909,425,19,0.0390625,38
1962,897,423,19,0.0390625,37
1964,902,424,19,0.0390625,36
1966,887,421,19,0.0390625,33
1968,901,423,19,0.0390625,35
1970,998,240,19,0.0390625,29
1972,997,234,19,0.0390625,41
1974,999,223,19,0.0390625,30
1976,985,495,19,0.0390625,39
1978,941,471,19,0.0390625,41
1980,804,431,19,0.0390625,35
1982,614,394,19,0.0390625,44
1984,265,521,19,0.0390625,29
1986,1304,381,19,0.0390625,28
1988,549,377,19,0.0390625,35
1990,1001,452,19,0.0390625,43
1992,893,435,19,0.0390625,67
1994,919,418,19,0.0390625,37
1996,1075,484,19,0.0390625,29
1998,1032,492,19,0.0390625,31
2000,393,427,19,0.0390625,24
2002,1082,442,19,0.0390625,34
2004,245,487,19,0.0390625,19
2006,288,486,19,0.0390625,33
2008,307,489,19,0.0390625,24
2010,1079,485,19,0.0390625,16
2012,1096,488,19,0.0390625,47
2014,274,232,19,0.0390625,30
2016,262,245,19,0.0390625,24
2018,711,432,19,0.0390625,42
2020,939,276,19,0.0390625,53
2022,952,279,19,0.0390625,41
2024,166,295,19,0.0390625,61
2026,165,293,19,0.0390625,62
2028,168,291,19,0.0390625,66
2030,278,457,19,0.0390625,66
2032,186,279,19,0.0390625,53
2034,626,446,19,0.0390625,59
2036,567,454,19,0.0390625,76
2038,956,264,19,0.0390625,52
2040,201,465,19,0.0390625,53
2042,587,452,19,0.0390625,64
2044,748,386,19,0.0390625,26
2046,484,275,19,0.0390625,51
2048,963,253,19,0.0390625,42
2050,746,380,19,0.0390625,53
2052,226,459,19,0.0390625,46
2054,723,374,19,0.0390625,37
2056,165,476,19,0.0390625,56
2058,905,269,19,0.0390625,55
2060,145,291,19,0.0390625,61
2062,250,460,19,0.0390625,91
2064,-72,459,19,0.0390625,65
2066,302,449,19,0.0390625,33
2068,-3,447,19,0.0390625,47
2070,-177,292,19,0.0390625,37
2072,-2,446,19,0.0390625,37
2074,299,263,19,0.0390625,52
2076,-83,463,19,0.0390625,41
2078,937,262,19,0.0390625,62
2080,904,541,19,0.0390625,71
2082,8,444,19,0.0390625,65
2084,264,270,19,0.0390625,68
2086,654,443,19,0.0390625,73
2088,878,280,19,0.0390625,66
2090,271,273,19,0.0390625,73
2092,881,277,19,0.0390625,86
2094,662,441,19,0.0390625,55
2096,265,271,19,0.0390625,77
2098,-172,289,19,0.0390625,86
2100,20,442,19,0.0390625,97
2102,267,271,19,0.0390625,79
2104,657,442,19,0.0390625,98
2106,50,435,19,0.0390625,67
2108,656,442,19,0.0390625,73
2110,659,441,19,0.0390625,56
2112,-69,460,19,0.0390625,88
2114,22,440,19,0.0390625,75
2116,571,460,19,0.0390625,71
2118,939,263,19,0.0390625,93
2120,-69,460,19,0.0390625,62
2122,625,449,19,0.0390625,67
2124,-105,467,19,0.0390625,50
2126,587,457,19,0.0390625,68
2128,331,444,19,0.0390625,57
2130,888,281,19,0.0390625,73
2132,662,442,19,0.0390625,121
2134,875,277,19,0.0390625,98
2136,666,440,19,0.0390625,83
2138,244,274,19,0.0390625,76
2140,699,434,19,0.0390625,87
2142,662,440,19,0.0390625,86
2144,903,271,19,0.0390625,79
2146,901,274,19,0.0390625,79
2148,25,441,19,0.0390625,84
2150,720,415,19,0.0390625,92
2152,726,393,19,0.0390625,85
2154,720,390,19,0.0390625,57
2156,719,404,19,0.0390625,64
2158,158,274,19,0.0390625,43
2160,77,420,19,0.0390625,41
2162,557,447,19,0.0390625,56
2164,164,261,19,0.0390625,50
2166,488,259,19,0.0390625,55
2168,501,255,19,0.0390625,65
2170,500,255,19,0.0390625,59
2172,186,256,19,0.0390625,49
2174,507,256,19,0.0390625,72
2176,505,263,19,0.0390625,54
2178,96,417,19,0.0390625,49
2180,530,462,19,0.0390625,68
2182,719,370,19,0.0390625,49
2184,-111,468,19,0.0390625,65
2186,956,259,19,0.0390625,87
2188,915,271,19,0.0390625,64
2190,23,443,19,0.0390625,88
2192,22,441,19,0.0390625,85
2194,663,441,19,0.0390625,65
2196,662,441,19,0.0390625,64
2198,660,442,19,0.0390625,76
2200,664,442,19,0.0390625,90
2202,342,442,19,0.0390625,96
2204,145,291,19,0.0390625,78
2206,342,441,19,0.0390625,86
2208,664,441,19,0.0390625,77
2210,900,277,19,0.0390625,82
2212,28,440,19,0.0390625,79
2214,670,439,19,0.0390625,100
2216,670,441,19,0.0390625,65
2218,410,561,19,0.0390625,58
2220,668,442,19,0.0390625,59
2222,27,444,19,0.0390625,64
2224,453,299,19,0.0390625,90
2226,537,576,19,0.0390625,59
2228,656,453,19,0.0390625,46
2230,13,454,19,0.0390625,67
2232,655,411,19,0.0390625,54
2234,524,577,19,0.0390625,41
2236,518,574,19,0.0390625,79
2238,999,563,19,0.0390625,65
2240,171,303,19,0.0390625,70
2242,558,466,19,0.0390625,62
2244,630,389,19,0.0390625,54
2246,627,417,19,0.0390625,53
2248,560,343,19,0.0390625,62
2250,598,454,19,0.0390625,56
2252,512,473,19,0.0390625,68
2254,510,474,19,0.0390625,33
2256,202,472,19,0.0390625,64
2258,205,474,19,0.0390625,51
2260,195,478,19,0.0390625,27
2262,188,483,19,0.0390625,25
2264,180,487,19,0.0390625,31
2266,674,359,19,0.0390625,64
2268,589,338,19,0.0390625,15
2270,259,467,19,0.0390625,39
2272,211,470,19,0.0390625,38
2274,613,376,19,0.0390625,48
2276,675,385,19,0.0390625,33
2278,252,445,19,0.0390625,14
2280,300,429,19,0.0390625,30
2282,225,441,19,0.0390625,28
2284,254,499,19,0.0390625,37
2286,1135,457,19,0.0390625,20
2288,516,426,19,0.0390625,51
2290,532,487,19,0.0390625,70
2292,976,462,19,0.0390625,47
2294,1199,372,19,0.0390625,48
2296,1181,374,19,0.0390625,22
2298,848,375,19,0.0390625,38
2300,627,445,19,0.0390625,46
2302,759,376,19,0.0390625,71
2304,839,395,19,0.0390625,39
2306,804,395,19,0.0390625,42
2308,978,374,19,0.0390625,68
2310,610,433,19,0.0390625,45
2312,513,412,19,0.0390625,41
2314,653,419,19,0.0390625,56
2316,147,443,19,0.0390625,5
2318,1144,470,19,0.0390625,13
2320,938,453,19,0.0390625,70
2322,1032,544,19,0.0390625,18
2324,854,382,19,0.0390625,42
2326,1006,466,19,0.0390625,35
2328,967,474,19,0.0390625,22
2330,1108,398,19,0.0390625,9
2332,184,497,19,0.0390625,26
2334,161,223,19,0.0390625,20
2336,120,235,19,0.0390625,16
2338,545,305,19,0.0390625,37
2340,575,340,19,0.0390625,33
2342,903,368,19,0.0390625,24
2344,209,450,19,0.0390625,31
2346,927,371,19,0.0390625,43
2348,599,400,19,0.0390625,44
2350,244,465,19,0.0390625,38
2352,409,432,19,0.0390625,70
2354,249,459,19,0.0390625,44
2356,340,434,19,0.0390625,49
2358,312,226,19,0.0390625,14
2360,595,474,19,0.0390625,17
2362,1064,520,19,0.0390625,34
2364,1022,523,19,0.0390625,41
2366,1324,512,19,0.0390625,45
2368,186,397,19,0.0390625,21
2370,188,454,19,0.0390625,23
2372,868,445,19,0.0390625,44
2374,250,431,19,0.0390625,62
2376,570,418,19,0.0390625,37
2378,547,454,19,0.0390625,41
2380,801,375,19,0.0390625,49
2382,329,471,19,0.0390625,42
2384,947,429,19,0.0390625,89
2386,643,442,19,0.0390625,59
2388,876,427,19,0.0390625,25
2390,1033,470,19,0.0390625,35
2392,1082,485,19,0.0390625,34
2394,751,491,19,0.0390625,38
2396,705,487,19,0.0390625,43
2398,1071,222,19,0.0390625,30
2400,1071,229,19,0.0390625,28
2402,1031,222,19,0.0390625,46
2404,329,486,19,0.0390625,40
2406,1070,226,19,0.0390625,38
2408,1060,222,19,0.0390625,45
2410,577,471,19,0.0390625,56
2412,1066,228,19,0.0390625,52
2414,1079,238,19,0.0390625,30
2416,1100,252,19,0.0390625,39
2418,1111,260,19,0.0390625,49
2420,1117,263,19,0.0390625,38
2422,761,254,19,0.0390625,50
2424,773,254,19,0.0390625,51
2426,199,173,19,0.0390625,55
2428,1096,256,19,0.0390625,53
2430,1098,258,19,0.0390625,40
2432,783,266,19,0.0390625,49
2434,207,177,19,0.0390625,36
2436,226,181,19,0.0390625,47
2438,234,187,19,0.0390625,43
2440,245,186,19,0.0390625,44
2442,563,187,19,0.0390625,44
2444,232,188,19,0.0390625,36
2446,885,185,19,0.0390625,60
2448,1342,464,19,0.0390625,29
2450,1358,467,19,0.0390625,57
2452,1358,467,19,0.0390625,52
2454,1346,465,19,0.0390625,59
2456,712,466,19,0.0390625,41
2458,888,184,19,0.0390625,49
2460,1409,478,19,0.0390625,48
2462,1030,465,19,0.0390625,47
2464,874,182,19,0.0390625,71
2466,373,274,19,0.0390625,48
2468,226,183,19,0.0390625,50
2470,1356,465,19,0.0390625,54
2472,766,476,19,0.0390625,44
2474,700,461,19,0.0390625,48
2476,1002,458,19,0.0390625,42
2478,1346,464,19,0.0390625,58
2480,1363,467,19,0.0390625,70
2482,1362,467,19,0.0390625,48
2484,566,185,19,0.0390625,59
2486,249,185,19,0.0390625,51
2488,1343,464,19,0.0390625,89
2490,1347,465,19,0.0390625,60
2492,1351,466,19,0.0390625,68
2494,1029,465,19,0.0390625,47
2496,1026,465,19,0.0390625,41
2498,708,465,19,0.0390625,54
2500,709,465,19,0.0390625,56
2502,724,468,19,0.0390625,75
2504,724,469,19,0.0390625,64
2506,724,468,19,0.0390625,54
2508,1354,466,19,0.0390625,61
2510,710,466,19,0.0390625,51
2512,1025,278,19,0.0390625,62
2514,1351,466,19,0.0390625,54
2516,712,466,19,0.0390625,55
2518,711,466,19,0.0390625,86
2520,724,469,19,0.0390625,53
2522,709,465,19,0.0390625,59
2524,1350,465,19,0.0390625,98
2526,248,185,19,0.0390625,61
2528,673,457,19,0.0390625,50
2530,1299,455,19,0.0390625,68
2532,1356,467,19,0.0390625,47
2534,775,478,19,0.0390625,56
2536,1025,278,19,0.0390625,86
2538,234,184,19,0.0390625,95
2540,883,183,19,0.0390625,56
2542,1352,465,19,0.0390625,86
2544,1354,465,19,0.0390625,75
2546,239,184,19,0.0390625,62
2548,1356,467,19,0.0390625,71
2550,1345,465,19,0.0390625,74
2552,1356,469,19,0.0390625,60
2554,1358,471,19,0.0390625,73
2556,1354,470,19,0.0390625,67
2558,200,182,19,0.0390625,63
2560,781,292,19,0.0390625,63
2562,625,276,19,0.0390625,41
2564,655,282,19,0.0390625,50
2566,1071,282,19,0.0390625,51
2568,565,259,19,0.0390625,47
2570,774,234,19,0.0390625,44
2572,1038,268,19,0.0390625,59
2574,709,499,19,0.0390625,48
2576,668,253,19,0.0390625,38
2578,680,252,19,0.0390625,38
2580,675,249,19,0.0390625,47
2582,1071,267,19,0.0390625,42
2584,675,257,19,0.0390625,51
2586,1021,265,19,0.0390625,59
2588,1038,270,19,0.0390625,57
2590,765,231,19,0.0390625,45
2592,909,266,19,0.0390625,62
2594,951,280,19,0.0390625,51
2596,751,281,19,0.0390625,56
2598,607,275,19,0.0390625,45
2600,615,279,19,0.0390625,49
2602,1080,286,19,0.0390625,39
2604,1052,270,19,0.0390625,41
2606,1030,258,19,0.0390625,42
2608,1006,242,19,0.0390625,30
2610,945,493,19,0.0390625,37
2612,912,475,19,0.0390625,37
2614,827,446,19,0.0390625,47
2616,734,423,19,0.0390625,69
2618,261,532,19,0.0390625,44
2620,531,389,19,0.0390625,48
2622,1090,399,19,0.0390625,55
2624,333,380,19,0.0390625,47
2626,323,384,19,0.0390625,42
2628,580,384,19,0.0390625,45
2630,246,394,19,0.0390625,52
2632,269,527,19,0.0390625,48
2634,939,424,19,0.0390625,78
2636,1226,409,19,0.0390625,85
2638,906,390,19,0.0390625,64
2640,186,355,19,0.0390625,64
2642,1067,408,19,0.0390625,67
2644,788,411,19,0.0390625,53
2646,804,420,19,0.0390625,53
2648,1056,223,19,0.0390625,41
2650,1004,251,19,0.0390625,39
2652,698,271,19,0.0390625,40
2654,338,223,19,0.0390625,31
2656,767,493,19,0.0390625,30
2658,313,241,19,0.0390625,50
2660,323,240,19,0.0390625,45
2662,703,230,19,0.0390625,27
2664,306,243,19,0.0390625,42
2666,311,242,19,0.0390625,40
2668,257,251,19,0.0390625,24
2670,401,221,19,0.0390625,20
2672,358,500,19,0.0390625,36
2674,375,485,19,0.0390625,28
2676,315,481,19,0.0390625,28
2678,217,484,19,0.0390625,26
2680,291,456,19,0.0390625,101
2682,286,444,19,0.0390625,48
2684,232,447,19,0.0390625,44
2686,288,438,19,0.0390625,21
2688,162,478,19,0.0390625,18
2690,235,478,19,0.0390625,11
2692,186,229,19,0.0390625,37
2694,154,256,19,0.0390625,13
2696,130,280,19,0.0390625,25
2698,622,407,19,0.0390625,48
2700,631,354,19,0.0390625,45
2702,635,403,19,0.0390625,38
2704,531,472,19,0.0390625,66
2706,636,403,19,0.0390625,35
2708,631,396,19,0.0390625,42
2710,175,481,19,0.0390625,72
