frame,x,y,conf,w,h
24,620.1552734375,286.902099609375,0.5242617130279541,12.3935546875,22.8529052734375
32,563.7970581054688,578.300048828125,0.6361905932426453,14.7056884765625,26.803466796875
36,1074.96240234375,508.92547607421875,0.6776113510131836,18.537109375,37.1435546875
38,854.843505859375,284.3807373046875,0.6794886589050293,13.9583740234375,24.22955322265625
40,682.888916015625,303.0391845703125,0.40441223978996277,15.0771484375,18.970703125
44,857.5697021484375,447.0582580566406,0.28062376379966736,11.23388671875,20.29644775390625
48,683.2999267578125,330.034912109375,0.6343515515327454,11.291259765625,26.090576171875
50,649.9866333007812,287.3507080078125,0.6537907123565674,19.4049072265625,24.54730224609375
56,746.8837890625,302.8779296875,0.4549656808376312,12.1494140625,24.27685546875
58,650.33984375,226.53858947753906,0.5551095008850098,13.5361328125,17.656707763671875
66,778.622802734375,161.84283447265625,0.5694711804389954,15.120361328125,23.889984130859375
70,389.529541015625,211.7742919921875,0.22190552949905396,9.783203125,20.18096923828125
74,696.317138671875,349.9825439453125,0.556257963180542,12.093505859375,24.7159423828125
78,467.43585205078125,340.00482177734375,0.46309128403663635,13.88690185546875,20.7325439453125
80,908.2938842773438,316.91278076171875,0.5860904455184937,11.9473876953125,22.79852294921875
82,816.692138671875,432.35888671875,0.25799185037612915,18.7109375,30.3013916015625
84,646.6383056640625,447.3304443359375,0.49714842438697815,18.537109375,31.989501953125
90,531.30224609375,324.28759765625,0.2882494628429413,12.199462890625,21.8082275390625
94,506.4420166015625,390.54217529296875,0.5737404227256775,13.5274658203125,18.32794189453125
98,492.2481689453125,383.7044677734375,0.22841858863830566,16.55474853515625,23.32080078125
100,439.98260498046875,347.44049072265625,0.35845711827278137,12.5059814453125,24.33984375
102,532.865478515625,475.6014709472656,0.25673943758010864,17.08154296875,27.44793701171875
104,695.9058227539062,319.32232666015625,0.277192085981369,11.7379150390625,17.5914306640625
106,233.8336944580078,319.0509338378906,0.5873186588287354,10.640838623046875,18.38116455078125
108,487.5245056152344,371.3603210449219,0.4047996699810028,12.4197998046875,23.79815673828125
110,872.3733520507812,409.8201599121094,0.7197511792182922,11.2615966796875,20.23602294921875
112,855.4705810546875,513.8511352539062,0.22160391509532928,11.427001953125,25.9224853515625
116,1271.85595703125,544.241943359375,0.33939215540885925,13.4736328125,36.5894775390625
118,982.9042358398438,629.3963623046875,0.42222461104393005,15.5279541015625,33.838623046875
120,1192.12109375,413.07281494140625,0.3366625905036926,17.236328125,25.32574462890625
126,248.666748046875,384.5175476074219,0.7997084856033325,17.060546875,26.3602294921875
128,257.5357666015625,483.2423095703125,0.5889880657196045,16.86004638671875,24.4241943359375
130,247.4578857421875,433.705810546875,0.7945101261138916,14.67596435546875,25.20159912109375
132,352.1959228515625,494.67498779296875,0.6729108691215515,19.7332763671875,30.3251953125
134,392.69012451171875,446.88128662109375,0.7474861741065979,16.885009765625,24.90130615234375
136,441.1468811035156,529.1925659179688,0.49727383255958557,20.38311767578125,29.9764404296875
144,1143.665771484375,322.0506591796875,0.2763601839542389,12.677001953125,21.4642333984375
150,968.0616455078125,433.38299560546875,0.3609631657600403,12.48681640625,21.8504638671875
152,893.7152099609375,427.73199462890625,0.25016194581985474,16.1973876953125,21.0648193359375
156,856.8660888671875,352.1299133300781,0.5692252516746521,10.3056640625,20.15887451171875
158,1139.2353515625,365.35406494140625,0.20666135847568512,12.331787109375,20.31512451171875
164,766.8680419921875,230.5300750732422,0.3843294382095337,16.645263671875,29.543670654296875
166,823.7955322265625,188.675537109375,0.49264734983444214,14.010498046875,24.65594482421875
168,764.9402465820312,245.01898193359375,0.3360954523086548,12.0738525390625,19.4744873046875
172,889.0142211914062,128.17254638671875,0.4844266474246979,16.0850830078125,25.229095458984375
174,885.66796875,260.555908203125,0.6170387268066406,10.908447265625,20.1383056640625
178,871.4450073242188,350.1539306640625,0.6529958248138428,18.346435546875,30.49822998046875
182,1100.226318359375,378.4431457519531,0.604468822479248,14.555908203125,21.75506591796875
184,1011.63037109375,284.056884765625,0.46954092383384705,21.046630859375,26.387939453125
186,810.0352783203125,380.20611572265625,0.712311863899231,16.9708251953125,30.0958251953125
190,598.4862060546875,158.61410522460938,0.21706819534301758,10.055419921875,18.72564697265625
192,519.6909332275391,345.92529296875,0.46296218037605286,18.922088623046875,27.1240234375
194,533.4151000976562,283.93133544921875,0.220343679189682,10.7889404296875,23.646240234375
200,755.554443359375,285.119140625,0.3606101870536804,10.87841796875,20.261474609375
202,759.3853149414062,301.14556884765625,0.2185407429933548,12.0706787109375,20.67376708984375
206,681.299072265625,480.25714111328125,0.6824414730072021,11.5333251953125,25.62744140625
216,854.74658203125,481.6114807128906,0.8696553707122803,18.557861328125,31.50653076171875
218,858.9732666015625,410.3253479003906,0.5949591398239136,21.737548828125,35.49920654296875
220,1021.8035278320312,270.20489501953125,0.40679869055747986,22.7408447265625,31.68707275390625
222,1103.4478759765625,346.2553405761719,0.5706614255905151,19.479736328125,27.39520263671875
226,1117.734130859375,334.13995361328125,0.6213650107383728,16.2666015625,26.8397216796875
228,1140.28515625,350.02496337890625,0.3635708689689636,15.1298828125,24.3343505859375
236,102.68368530273438,612.4172973632812,0.5148211121559143,14.536895751953125,28.866943359375
242,1043.691650390625,364.95196533203125,0.5698893070220947,18.820068359375,27.4241943359375
246,878.7556762695312,338.5662536621094,0.35149645805358887,14.5596923828125,19.6055908203125
248,793.0521240234375,385.74505615234375,0.6045359373092651,14.41015625,21.94091796875
250,760.0692138671875,320.40289306640625,0.7135383486747742,13.55322265625,20.36590576171875
252,706.8997192382812,315.09954833984375,0.5591334700584412,17.00732421875,23.9691162109375
256,575.8411865234375,348.268310546875,0.3838246762752533,18.87158203125,29.825927734375
258,499.05615234375,338.704833984375,0.5056173801422119,14.2752685546875,21.22216796875
260,406.422607421875,333.5896911621094,0.5494372248649597,12.203369140625,20.6138916015625
262,345.05755615234375,293.22161865234375,0.3701034486293793,13.26123046875,19.99371337890625
264,342.32171630859375,319.1101989746094,0.33229243755340576,13.2049560546875,18.7740478515625
266,337.65887451171875,321.17626953125,0.3220595419406891,11.7080078125,31.3277587890625
272,264.7062683105469,292.939453125,0.6402612328529358,14.146728515625,23.66796875
274,571.9506225585938,318.74658203125,0.35568350553512573,10.5142822265625,20.1075439453125
278,650.5745849609375,377.03509521484375,0.4660228490829468,11.881103515625,28.2225341796875
280,631.6405029296875,303.1744079589844,0.2783072590827942,13.54150390625,22.38885498046875
282,361.74444580078125,348.9754333496094,0.32704588770866394,14.46026611328125,22.15985107421875
292,413.99200439453125,444.7186584472656,0.535347044467926,13.9246826171875,26.15289306640625
298,748.423828125,326.50067138671875,0.357679158449173,14.58740234375,20.7977294921875
300,596.5037841796875,284.3415832519531,0.36840856075286865,11.802734375,20.4307861328125
302,539.512451171875,396.7985534667969,0.41348835825920105,13.237060546875,24.63018798828125
306,647.2489013671875,371.8286437988281,0.3071080446243286,12.341796875,21.41583251953125
308,963.1121826171875,274.0311279296875,0.8418503999710083,14.83056640625,25.08544921875
310,716.5722045898438,383.36151123046875,0.232305645942688,12.3211669921875,20.579345703125
312,845.507080078125,373.888427734375,0.5404499769210815,16.769775390625,34.28350830078125
314,820.2257080078125,320.0433349609375,0.4318681061267853,18.906005859375,29.16650390625
318,903.9149169921875,343.450927734375,0.25581231713294983,25.426025390625,41.48974609375
320,938.8726196289062,287.10504150390625,0.6279062032699585,15.1923828125,21.9490966796875
336,599.8397827148438,469.0924072265625,0.5544184446334839,17.710693359375,29.970947265625
348,792.5718994140625,220.22024536132812,0.30971968173980713,12.67578125,22.62335205078125
360,712.5126953125,208.28060913085938,0.24256901443004608,13.1435546875,22.8861083984375
364,966.844970703125,377.314453125,0.27079129219055176,16.988525390625,29.47662353515625
366,316.1773681640625,346.8280029296875,0.7644450664520264,17.341796875,28.83038330078125
368,291.55108642578125,402.9076232910156,0.46189093589782715,18.073486328125,24.99774169921875
370,366.95721435546875,520.239013671875,0.2668810188770294,26.15966796875,37.3499755859375
380,472.81097412109375,372.28485107421875,0.5446110367774963,14.6068115234375,20.6768798828125
382,429.59210205078125,408.2641906738281,0.5344740748405457,17.0902099609375,27.9083251953125
384,661.3313598632812,387.77069091796875,0.7590340971946716,16.83935546875,25.9801025390625
386,523.5776977539062,227.30809020996094,0.570767343044281,11.3424072265625,19.886260986328125
390,1001.1416015625,462.56561279296875,0.43326911330223083,17.1748046875,28.362548828125
392,948.5758056640625,415.0638427734375,0.3996888995170593,11.26806640625,20.3267822265625
396,854.9447021484375,497.55296325683594,0.344770610332489,14.427001953125,26.887481689453125
398,617.9822998046875,338.089111328125,0.329354852437973,9.949462890625,24.58154296875
400,793.1536865234375,464.33734130859375,0.6515286564826965,20.47216796875,33.5067138671875
402,373.54486083984375,299.20172119140625,0.48733824491500854,14.09344482421875,22.3387451171875
406,812.56640625,554.7484741210938,0.21446897089481354,20.13671875,35.5203857421875
408,552.0534057617188,300.5290222167969,0.7314311861991882,16.9033203125,28.72918701171875
414,729.713623046875,241.58863067626953,0.2882181704044342,9.7510986328125,19.411727905273438
418,805.457763671875,523.302490234375,0.47553810477256775,14.85107421875,26.53271484375
424,781.2353515625,322.2174987792969,0.2395460307598114,15.9100341796875,25.29339599609375
426,944.3753662109375,368.5651550292969,0.3181625306606293,18.784912109375,25.45452880859375
432,630.546630859375,290.96441650390625,0.5545042753219604,14.0523681640625,24.9764404296875
436,819.9310302734375,300.98046875,0.2514611482620239,13.95751953125,21.4844970703125
442,931.5362548828125,251.32394409179688,0.5585322976112366,12.9464111328125,22.25189208984375
446,858.12158203125,235.33041381835938,0.6804189085960388,15.062744140625,22.475341796875
448,823.994873046875,238.636474609375,0.6311158537864685,13.4783935546875,20.39007568359375
450,773.24462890625,241.60440063476562,0.754780113697052,13.269775390625,24.48968505859375
452,727.4833984375,255.08761596679688,0.6181187033653259,14.018310546875,23.8458251953125
454,857.1717529296875,405.5013122558594,0.48170968890190125,14.939697265625,26.42999267578125
458,820.653076171875,411.5704345703125,0.2036619782447815,13.86767578125,26.6453857421875
460,249.61050415039062,397.913818359375,0.22788412868976593,15.1602783203125,22.0074462890625
462,805.6467895507812,425.8163757324219,0.3342142403125763,15.565185546875,22.96417236328125
472,747.2107543945312,354.91571044921875,0.22044846415519714,14.7471923828125,25.0263671875
474,777.697021484375,285.275390625,0.4991171360015869,12.79345703125,27.01708984375
480,47.71689224243164,577.43310546875,0.6807085871696472,18.458961486816406,34.666259765625
482,701.4248046875,540.6031494140625,0.23061080276966095,13.802001953125,26.0732421875
484,793.1260375976562,425.4996032714844,0.3002431392669678,15.6075439453125,30.6922607421875
486,701.385986328125,539.7291870117188,0.2139786183834076,13.984130859375,25.5733642578125
490,94.2435073852539,325.1349182128906,0.3027873635292053,13.934555053710938,21.514892578125
492,701.0823974609375,543.9176025390625,0.36069926619529724,14.5364990234375,27.045654296875
494,5.839457035064697,659.0634765625,0.5153301358222961,11.678914070129395,32.2763671875
504,619.144287109375,436.62518310546875,0.7557098269462585,19.21923828125,24.80517578125
508,473.866943359375,451.10064697265625,0.7786435484886169,17.9725341796875,29.767822265625
510,475.5853576660156,451.3802490234375,0.5834118723869324,15.202880859375,25.064208984375
512,467.4696044921875,451.4095458984375,0.8356622457504272,21.9344482421875,38.31884765625
514,472.7471618652344,485.0285339355469,0.7577534914016724,16.81024169921875,26.83123779296875
516,711.9232177734375,542.279541015625,0.21132221817970276,14.677001953125,22.541015625
518,480.63006591796875,530.0130615234375,0.442766398191452,19.26806640625,30.2464599609375
520,475.2212219238281,463.9314880371094,0.7815787196159363,18.8372802734375,32.38385009765625
522,708.5263671875,544.2301025390625,0.49853435158729553,13.978271484375,21.366455078125
530,602.4166870117188,192.62759399414062,0.7708821296691895,16.7159423828125,26.345550537109375
532,459.5722961425781,476.736083984375,0.7654460072517395,19.4959716796875,27.50390625
534,710.3817749023438,539.7562866210938,0.5226053595542908,16.4146728515625,27.7503662109375
536,711.1046142578125,540.4964599609375,0.47449541091918945,15.292724609375,26.51904296875
538,712.90869140625,540.5585327148438,0.3704456686973572,14.14697265625,26.142578125
540,711.003662109375,539.9384155273438,0.3919278681278229,14.580078125,23.4169921875
542,747.0291748046875,373.3738708496094,0.5459068417549133,19.02490234375,25.150146484375
544,722.3526611328125,382.85595703125,0.7650827765464783,17.35546875,28.13055419921875
548,680.4825439453125,495.4217529296875,0.8641902804374695,18.548095703125,29.893310546875
550,720.7547607421875,398.2943115234375,0.2761499583721161,17.97900390625,32.5765380859375
552,703.699462890625,364.7461853027344,0.48050224781036377,16.877197265625,30.4620361328125
554,693.1608276367188,356.214599609375,0.6461597681045532,15.888916015625,24.22900390625
556,692.0422973632812,353.0305480957031,0.7420026063919067,14.419189453125,23.60394287109375
558,451.57061767578125,473.69012451171875,0.28601089119911194,13.66259765625,26.8690185546875
560,22.280019760131836,316.06719970703125,0.45923420786857605,14.268302917480469,23.2322998046875
562,579.7595825195312,451.47076416015625,0.38870832324028015,22.1663818359375,27.0494384765625
564,728.8895263671875,539.2042236328125,0.2812761068344116,14.558837890625,24.746826171875
566,473.275634765625,471.2978515625,0.686441957950592,18.2021484375,29.688232421875
568,474.17449951171875,502.4991455078125,0.7795536518096924,18.56451416015625,25.711181640625
570,472.734130859375,433.87603759765625,0.5240063667297363,14.22265625,24.81719970703125
572,476.0248107910156,528.1099853515625,0.7826364040374756,20.25079345703125,33.261962890625
574,477.652099609375,458.83526611328125,0.6841033101081848,17.32916259765625,27.79931640625
576,487.9991455078125,434.390869140625,0.7178168296813965,16.49072265625,27.212158203125
582,455.32720947265625,378.2828063964844,0.5592725276947021,12.40496826171875,20.11016845703125
586,1034.849609375,276.7239990234375,0.5847626328468323,14.035400390625,25.059326171875
588,1112.623779296875,335.744873046875,0.4706462025642395,11.083740234375,15.0244140625
592,995.8335571289062,369.48663330078125,0.717717170715332,15.77392578125,25.5013427734375
594,987.54736328125,261.07635498046875,0.4894614815711975,11.0718994140625,18.572021484375
596,953.4061279296875,507.7718505859375,0.6193807721138,14.814697265625,24.29248046875
598,957.2266845703125,323.09783935546875,0.6313607096672058,14.010009765625,23.5068359375
604,49.2328987121582,436.8746337890625,0.3392193913459778,15.265602111816406,24.4312744140625
608,645.7463989257812,316.47613525390625,0.5599860548973083,10.013427734375,25.03350830078125
610,547.4570922851562,222.32492065429688,0.851799488067627,18.7152099609375,29.45062255859375
612,507.3817443847656,381.4122314453125,0.49390819668769836,17.03094482421875,25.7794189453125
614,621.510498046875,384.77276611328125,0.3231191337108612,15.10791015625,21.406005859375
618,884.6573486328125,287.4830017089844,0.24495050311088562,12.45458984375,20.77423095703125
620,617.7392578125,263.87939453125,0.2717549502849579,14.151123046875,25.56817626953125
622,533.6239013671875,257.90594482421875,0.7658349871635437,12.516357421875,22.38427734375
628,470.11761474609375,433.9393310546875,0.30748268961906433,24.240478515625,37.015869140625
630,446.5042724609375,464.1484375,0.6153905987739563,19.35699462890625,37.07513427734375
636,742.9176025390625,402.44989013671875,0.3617011308670044,9.6072998046875,20.8232421875
640,601.6956787109375,401.36163330078125,0.27197206020355225,15.8525390625,24.3953857421875
642,534.4046630859375,370.65985107421875,0.2744177281856537,17.28271484375,26.86761474609375
644,615.3907470703125,348.9363098144531,0.3498636782169342,15.656005859375,23.72918701171875
646,519.0032958984375,336.2320861816406,0.36974912881851196,13.4549560546875,20.0523681640625
648,823.3930053710938,403.55133056640625,0.24036139249801636,11.863037109375,19.232177734375
650,524.6900634765625,257.7449951171875,0.6854683756828308,14.1942138671875,24.8951416015625
656,531.0662841796875,244.63299560546875,0.2801641821861267,12.583740234375,21.7982177734375
660,804.9569091796875,387.7195129394531,0.21099618077278137,12.349609375,32.1236572265625
662,673.6915283203125,452.87872314453125,0.418598473072052,19.1138916015625,26.4569091796875
666,602.8179931640625,420.35076904296875,0.26510414481163025,21.9405517578125,50.7113037109375
668,773.403076171875,438.16400146484375,0.6221757531166077,15.88134765625,32.2449951171875
670,680.2086181640625,393.210205078125,0.24442245066165924,12.163330078125,25.8262939453125
672,807.96826171875,366.65789794921875,0.24179774522781372,14.85791015625,26.8697509765625
680,1138.7880859375,301.28863525390625,0.2134564071893692,14.32666015625,26.8121337890625
682,503.688232421875,217.81155395507812,0.6778156757354736,11.40087890625,19.28778076171875
684,483.82940673828125,235.94708251953125,0.6273275017738342,12.33819580078125,18.54376220703125
688,808.3272705078125,410.00225830078125,0.4809021055698395,19.728759765625,28.1630859375
694,696.0802001953125,400.9480895996094,0.22880364954471588,14.721435546875,22.794189453125
698,803.8804321289062,301.7228698730469,0.44261038303375244,11.431640625,19.12677001953125
700,827.6677856445312,273.7746887207031,0.5375616550445557,14.218994140625,20.6986083984375
704,1005.9969482421875,289.8768310546875,0.6023333668708801,15.7861328125,20.670166015625
706,308.764892578125,335.352783203125,0.6130258440971375,12.92529296875,19.9102783203125
708,698.0275268554688,310.7756042480469,0.6088029146194458,15.49072265625,21.50909423828125
710,557.84423828125,402.33514404296875,0.6031613349914551,17.589599609375,26.99658203125
712,619.7445068359375,416.40570068359375,0.7729141712188721,16.967041015625,28.6488037109375
714,555.0838623046875,318.0307312011719,0.5720824003219604,11.926513671875,20.0146484375
716,470.4154052734375,397.2541809082031,0.2178027331829071,14.7332763671875,23.951416015625
720,589.8265380859375,400.83428955078125,0.38119855523109436,15.96533203125,23.15087890625
722,731.2908935546875,384.458984375,0.22289079427719116,15.5703125,26.86181640625
726,835.8795166015625,305.789306640625,0.3920532464981079,12.33447265625,20.78045654296875
728,874.4996948242188,302.34405517578125,0.5456411838531494,8.7188720703125,23.42926025390625
732,764.1141357421875,296.3669128417969,0.5697426199913025,11.7080078125,21.27984619140625
734,878.056396484375,347.0904846191406,0.4825877249240875,13.266357421875,20.938720703125
736,919.8012084960938,357.7214660644531,0.5291953086853027,13.83154296875,20.83544921875
738,938.702880859375,359.88818359375,0.5703809857368469,13.160400390625,22.19671630859375
740,931.6644287109375,340.5484313964844,0.6496660113334656,17.1953125,24.8616943359375
744,843.6631469726562,355.88458251953125,0.4170454144477844,16.4796142578125,33.11798095703125
746,612.634033203125,301.5346984863281,0.553474485874176,12.462646484375,19.77685546875
764,476.19134521484375,298.9629211425781,0.4017064571380615,14.17645263671875,23.04925537109375
768,646.3736572265625,362.5810546875,0.3036739230155945,10.060791015625,19.8660888671875
774,489.97265625,334.56488037109375,0.5593772530555725,10.710205078125,23.0294189453125
776,394.14013671875,380.17572021484375,0.5830360054969788,11.3167724609375,26.299560546875
778,504.02362060546875,367.66729736328125,0.22883754968643188,12.00634765625,21.51763916015625
780,484.7663269042969,360.60845947265625,0.5464913845062256,13.7633056640625,21.3974609375
782,511.04486083984375,300.53082275390625,0.7097685933113098,20.0657958984375,30.56201171875
790,968.751953125,434.59661865234375,0.6745001077651978,13.696533203125,28.80926513671875
792,461.7960205078125,225.5302734375,0.5146856904029846,14.07763671875,26.31634521484375
794,530.02978515625,296.7840576171875,0.22138389945030212,14.6524658203125,29.74609375
796,425.6435241699219,212.8651123046875,0.5821738243103027,13.4564208984375,22.66552734375
798,422.7452392578125,208.55941772460938,0.6921560168266296,13.04742431640625,23.2926025390625
800,425.22900390625,204.77212524414062,0.6324307322502136,12.7900390625,21.091094970703125
802,674.6650390625,445.2293395996094,0.4855172634124756,14.303466796875,26.33807373046875
804,453.7074279785156,204.19265747070312,0.6047501564025879,12.5950927734375,20.6002197265625
806,464.16436767578125,211.5211181640625,0.42033588886260986,12.69464111328125,16.121734619140625
808,728.8563842773438,269.43768310546875,0.2858628034591675,10.7225341796875,22.292724609375
810,483.64324951171875,215.61135864257812,0.516259491443634,12.944580078125,21.62493896484375
814,462.65484619140625,218.39031982421875,0.5455443263053894,11.8128662109375,18.202392578125
820,349.8040771484375,217.0020751953125,0.3765343725681305,15.3182373046875,20.61871337890625
822,309.64581298828125,212.82427978515625,0.5240797400474548,12.9940185546875,20.16802978515625
826,554.19384765625,284.7952880859375,0.6354537606239319,13.09326171875,21.8768310546875
834,585.2573852539062,183.01400756835938,0.5828571915626526,11.302490234375,22.31182861328125
838,454.6106262207031,225.090576171875,0.6016430258750916,14.17608642578125,20.8675537109375
840,400.88323974609375,240.16299438476562,0.29358166456222534,16.2606201171875,27.17681884765625
842,405.84222412109375,312.14910888671875,0.39689674973487854,16.2783203125,29.0650634765625
846,1048.8795166015625,242.77508544921875,0.5480901002883911,12.19287109375,24.7244873046875
850,409.93707275390625,536.240966796875,0.5773861408233643,17.90594482421875,27.261962890625
852,417.6687927246094,552.36669921875,0.32185879349708557,22.261474609375,34.60400390625
854,869.4827270507812,310.06561279296875,0.2480897754430771,12.4580078125,22.42626953125
856,647.685302734375,531.7139892578125,0.8315147757530212,20.041259765625,39.114990234375
858,733.8826293945312,413.7294921875,0.21849972009658813,15.4285888671875,27.63623046875
864,580.44189453125,365.3655700683594,0.4803088307380676,11.60009765625,21.12078857421875
866,586.1171875,298.7203674316406,0.22705423831939697,12.865478515625,28.7314453125
872,701.1046752929688,163.67308044433594,0.21979564428329468,13.8681640625,25.032958984375
874,524.0360107421875,211.8699951171875,0.5481851696968079,13.8662109375,24.41778564453125
876,515.9169921875,216.8114471435547,0.29718491435050964,11.5699462890625,19.8619384765625
880,1129.80908203125,415.11138916015625,0.2901584208011627,11.8662109375,20.556396484375
882,742.6363525390625,246.66036987304688,0.21173784136772156,13.791259765625,28.3094482421875
884,516.0,281.8887023925781,0.6140091419219971,13.5628662109375,20.770751953125
886,571.7564086914062,361.8381042480469,0.7418431639671326,16.17724609375,25.626953125
894,678.635498046875,426.0932312011719,0.4423025846481323,15.072509765625,26.895751953125
900,673.3662109375,365.9150695800781,0.32621997594833374,16.375732421875,26.08685302734375
902,698.587890625,345.16754150390625,0.6423394083976746,12.881103515625,21.4676513671875
904,610.0383911132812,367.998291015625,0.5271257758140564,15.672607421875,21.494140625
908,553.6336059570312,327.3861389160156,0.6323313117027283,13.6552734375,26.98797607421875
912,636.8431396484375,364.535400390625,0.5608199834823608,15.415771484375,23.42864990234375
916,771.3749389648438,244.78631591796875,0.4457584023475647,13.1510009765625,20.9100341796875
918,693.0421142578125,364.1233825683594,0.3206469714641571,16.0623779296875,30.28912353515625
922,167.74038696289062,301.6884765625,0.530266284942627,13.86859130859375,23.2625732421875
928,761.7006225585938,355.4958801269531,0.6871064901351929,10.95263671875,21.08111572265625
930,818.30615234375,325.89398193359375,0.32182830572128296,13.266845703125,19.729248046875
932,806.1978149414062,374.9368591308594,0.5681660175323486,15.0208740234375,21.57733154296875
938,677.6876220703125,404.61090087890625,0.547276496887207,16.1519775390625,22.4384765625
940,676.9837036132812,335.8188171386719,0.7494959831237793,13.9639892578125,23.2000732421875
942,6.3090715408325195,339.89678955078125,0.5630746483802795,12.618143081665039,35.52197265625
944,101.25010681152344,417.197509765625,0.5678237080574036,19.780242919921875,30.474853515625
950,887.0426025390625,203.29779052734375,0.5088719129562378,16.19482421875,22.34259033203125
952,105.71466064453125,331.8939208984375,0.39254239201545715,12.879486083984375,22.090576171875
954,952.5703125,250.80563354492188,0.4378288984298706,15.24853515625,20.9354248046875
964,797.638916015625,343.5716552734375,0.5019285678863525,14.003662109375,18.325927734375
974,954.7659912109375,305.43243408203125,0.6606682538986206,13.895263671875,22.6591796875
976,454.09613037109375,270.7901916503906,0.3529951870441437,14.112548828125,22.36651611328125
980,540.8602294921875,400.25457763671875,0.44421136379241943,17.45556640625,33.21337890625
986,1106.359130859375,274.48779296875,0.3395559787750244,15.059814453125,26.53802490234375
990,262.7853088378906,261.86578369140625,0.28524965047836304,12.36541748046875,19.407958984375
994,233.71875,394.520751953125,0.7593455910682678,14.35931396484375,22.430908203125
996,257.40753173828125,378.4362487792969,0.46371710300445557,18.05999755859375,24.20458984375
998,216.09384155273438,394.9067077636719,0.5576344132423401,15.727569580078125,25.465576171875
1002,139.8130645751953,354.79461669921875,0.5791587829589844,19.492828369140625,28.45263671875
1004,500.1331787109375,428.12860107421875,0.5757156610488892,18.642578125,30.2908935546875
1006,820.693115234375,599.2484130859375,0.6661144495010376,26.8448486328125,43.0791015625
1008,345.31103515625,529.4180908203125,0.20239238440990448,14.9210205078125,27.669677734375
1010,757.2706298828125,520.1382446289062,0.6505752205848694,19.7293701171875,30.6220703125
1016,982.4288330078125,353.4222717285156,0.26939016580581665,11.974853515625,20.99713134765625
1024,678.05029296875,273.93511962890625,0.3085615634918213,8.1494140625,16.2279052734375
1026,697.2039184570312,267.1906433105469,0.4322584569454193,12.963623046875,20.1419677734375
1030,648.7685546875,238.44967651367188,0.5516408085823059,12.9549560546875,22.05572509765625
1040,460.45013427734375,264.6634521484375,0.3699286878108978,11.9775390625,24.3350830078125
1042,701.96240234375,414.4044189453125,0.21752680838108063,14.084228515625,29.16064453125
1044,549.3902587890625,320.86602783203125,0.4995977580547333,14.450927734375,22.7843017578125
1046,838.48095703125,455.79461669921875,0.37959063053131104,18.084716796875,30.142333984375
1048,642.3613891601562,332.16253662109375,0.7967002391815186,17.6270751953125,28.173583984375
1050,705.9651489257812,343.4713134765625,0.7243611216545105,15.480224609375,25.2806396484375
1052,724.9530029296875,353.7891845703125,0.7704389095306396,15.25634765625,23.165771484375
1054,716.9261474609375,360.3094482421875,0.5135335326194763,16.609375,22.9486083984375
1058,663.5247802734375,373.8771057128906,0.7481799125671387,15.2314453125,23.692626953125
1060,643.299072265625,381.41888427734375,0.6077335476875305,15.020263671875,23.72998046875
1066,717.92333984375,442.45281982421875,0.366961270570755,14.26123046875,28.2113037109375
1068,790.5910034179688,507.130615234375,0.6551598906517029,20.45263671875,38.43359375
1072,681.2855224609375,373.0773010253906,0.4435322880744934,14.989501953125,23.771484375
1074,700.8374633789062,370.7658996582031,0.7838636040687561,15.9207763671875,23.4014892578125
1076,708.193115234375,364.3736572265625,0.5503756403923035,16.922607421875,25.06298828125
1078,710.484619140625,359.67694091796875,0.6332874298095703,16.30322265625,26.92529296875
1080,694.4884033203125,358.8412780761719,0.8054157495498657,20.349365234375,31.2803955078125
1082,689.5946655273438,365.61474609375,0.8119543194770813,21.76123046875,30.86456298828125
1084,691.9010009765625,369.1070556640625,0.7788161635398865,16.929931640625,28.65185546875
1086,694.360595703125,368.782470703125,0.8566141128540039,19.974365234375,30.4906005859375
1088,696.62158203125,370.06390380859375,0.8888624906539917,18.0732421875,30.0408935546875
1090,723.27685546875,369.2238464355469,0.5666773319244385,14.802978515625,27.4295654296875
1092,754.7291870117188,360.91278076171875,0.5228271484375,17.1807861328125,30.360107421875
1098,1083.2322998046875,309.06884765625,0.5719232559204102,15.312255859375,25.361328125
1100,1194.6817626953125,313.58026123046875,0.5149293541908264,16.2109375,24.15057373046875
1116,956.3199462890625,388.8394775390625,0.7883201837539673,16.3671875,25.1539306640625
1124,200.94900512695312,291.97808837890625,0.21572217345237732,12.0177001953125,16.276123046875
1126,236.9354248046875,285.3577880859375,0.2778097093105316,12.806304931640625,16.8541259765625
1128,926.3031005859375,430.47894287109375,0.44738155603408813,19.531005859375,32.2506103515625
1130,878.9034423828125,429.290771484375,0.5708896517753601,21.882568359375,33.973388671875
1132,834.1494140625,437.84063720703125,0.8365709185600281,20.8212890625,33.0926513671875
1134,796.8719482421875,433.70294189453125,0.37057334184646606,21.988525390625,32.630859375
1136,782.4091796875,432.0470886230469,0.521996259689331,22.5302734375,36.56268310546875
1138,786.1055908203125,405.1446838378906,0.8467305898666382,20.31494140625,31.123291015625
1140,822.094970703125,379.74267578125,0.7781508564949036,17.162109375,28.37451171875
1148,1214.139892578125,369.7021484375,0.2842515707015991,15.884765625,27.7918701171875
1150,1204.4677734375,369.8627014160156,0.8048109412193298,16.6748046875,26.8338623046875
1152,1176.7955322265625,366.09686279296875,0.7023068070411682,15.75830078125,25.65985107421875
1154,1164.09912109375,363.0574645996094,0.5906784534454346,14.68603515625,24.6771240234375
1164,1197.421875,343.09527587890625,0.5154222249984741,13.67529296875,20.4757080078125
1166,1227.1904296875,345.77862548828125,0.7480186223983765,14.78955078125,21.767333984375
1168,1271.5390625,350.94879150390625,0.46195757389068604,13.61376953125,21.87237548828125
1176,1064.103271484375,326.98193359375,0.21951743960380554,7.79736328125,21.19329833984375
1214,1093.522216796875,226.40354919433594,0.6144728660583496,12.609130859375,21.283355712890625
1238,967.010498046875,288.8829345703125,0.2691839337348938,14.56396484375,18.17681884765625
1248,725.4085693359375,386.18902587890625,0.32788199186325073,13.771240234375,25.33758544921875
1264,950.7647705078125,303.7434997558594,0.30678123235702515,11.016845703125,19.0726318359375
1270,1061.83154296875,280.6664123535156,0.5215418338775635,11.7412109375,21.72625732421875
1274,920.6798706054688,289.22821044921875,0.27764520049095154,11.6690673828125,21.373779296875
1276,873.3295288085938,282.6236877441406,0.31762292981147766,16.7113037109375,21.9962158203125
1280,774.866943359375,281.789306640625,0.29046642780303955,11.984375,20.13720703125
1284,1014.7593994140625,322.93292236328125,0.3982408344745636,8.6083984375,22.9293212890625
1286,646.9700927734375,280.7650146484375,0.46640971302986145,16.29931640625,22.20953369140625
1288,629.4515380859375,278.4058837890625,0.6655250787734985,12.770751953125,21.2625732421875
1290,632.2822265625,277.0069580078125,0.26657360792160034,9.9873046875,17.6563720703125
1292,859.0531616210938,317.54180908203125,0.39119869470596313,11.1932373046875,20.7904052734375
1298,775.01171875,259.4332580566406,0.7995383739471436,13.7852783203125,22.65545654296875
1300,922.0078125,394.743408203125,0.7704997062683105,17.06982421875,35.73828125
1304,934.5776977539062,405.7616882324219,0.30802127718925476,13.4053955078125,23.95941162109375
1308,888.242431640625,346.22735595703125,0.2687399089336395,11.667724609375,22.56329345703125
1314,1063.77099609375,319.2856750488281,0.42964282631874084,15.734375,21.65838623046875
1328,1207.198974609375,559.6605224609375,0.20472724735736847,16.856689453125,24.872802734375
1338,835.016845703125,366.96795654296875,0.21622125804424286,11.15478515625,19.1693115234375
1342,646.054931640625,328.444580078125,0.36670857667922974,13.94189453125,27.1873779296875
1348,667.1187744140625,385.6736145019531,0.3229511082172394,17.541748046875,27.864013671875
1352,632.9859619140625,348.1943359375,0.49443942308425903,12.906005859375,26.00048828125
1354,666.4962158203125,335.89459228515625,0.3276401460170746,17.50390625,25.658935546875
1360,765.1761474609375,393.84893798828125,0.2527344822883606,16.29443359375,29.90313720703125
1364,696.803466796875,525.4466552734375,0.4355568587779999,16.887939453125,28.66943359375
1370,586.7485961914062,416.4627685546875,0.6085845232009888,18.667236328125,31.4749755859375
1374,460.8731994628906,322.2579345703125,0.551973283290863,16.41314697265625,29.447509765625
1378,396.68951416015625,279.167724609375,0.24560889601707458,15.55328369140625,25.47283935546875
1382,617.8475341796875,299.3756103515625,0.4067130982875824,12.553466796875,22.6654052734375
1384,438.8385925292969,265.70953369140625,0.4575769305229187,11.80413818359375,21.20849609375
1386,569.079345703125,401.710205078125,0.2336384654045105,15.71484375,22.88641357421875
1388,618.2755126953125,318.40802001953125,0.2867151200771332,11.28125,19.1802978515625
1392,371.4429931640625,441.6922607421875,0.26225852966308594,16.925048828125,26.6611328125
1394,387.56024169921875,241.4385986328125,0.29195988178253174,13.0284423828125,25.70697021484375
1398,359.1298828125,316.2384033203125,0.2011067122220993,15.82208251953125,21.5537109375
1400,822.2213134765625,402.6081237792969,0.20164474844932556,17.8995361328125,33.68408203125
1402,357.678955078125,310.771484375,0.4508289694786072,12.2703857421875,21.30633544921875
1404,360.123046875,303.9305114746094,0.6213427782058716,12.553466796875,21.5645751953125
1406,376.5344543457031,303.6266784667969,0.7332241535186768,12.470703125,22.28533935546875
1408,406.22015380859375,307.0959167480469,0.778748095035553,13.2296142578125,23.54791259765625
1412,460.3682861328125,310.389892578125,0.33666735887527466,16.0186767578125,24.71307373046875
1414,469.8260498046875,310.93829345703125,0.6969733238220215,12.353759765625,21.8594970703125
1416,473.06298828125,309.1266174316406,0.24798323214054108,15.58172607421875,27.0721435546875
1418,471.67230224609375,306.7728271484375,0.5544337034225464,15.3138427734375,26.887939453125
1420,471.97021484375,306.41070556640625,0.7010025382041931,15.0859375,25.2120361328125
1422,477.6238708496094,310.03961181640625,0.5747630596160889,15.59619140625,24.74755859375
1424,498.73077392578125,314.0069274902344,0.49570274353027344,13.1529541015625,22.25335693359375
1426,510.38140869140625,315.8970947265625,0.6359283924102783,15.161376953125,24.146728515625
1428,1004.638916015625,689.5018310546875,0.6496586203575134,14.6328125,30.838134765625
1430,1012.3421630859375,688.40087890625,0.8081762790679932,18.190185546875,31.24853515625
1432,559.4803466796875,313.0997314453125,0.7190121412277222,12.2608642578125,22.2249755859375
1434,566.8033447265625,315.3211364746094,0.6963724493980408,13.479736328125,23.82891845703125
1436,1075.56640625,621.973876953125,0.8604063391685486,15.9462890625,27.12451171875
1438,752.2666015625,443.109130859375,0.8493321537971497,23.207763671875,29.302978515625
1440,581.983154296875,463.24652099609375,0.6180264949798584,12.56396484375,24.8287353515625
1442,802.163330078125,458.95806884765625,0.8211574554443359,20.859130859375,32.649169921875
1444,800.008056640625,449.6088562011719,0.7356836795806885,19.8955078125,27.5595703125
1446,801.4358520507812,450.51177978515625,0.8310171365737915,22.925048828125,33.28277587890625
1448,1085.1162109375,599.8945922851562,0.752619743347168,14.70263671875,26.6630859375
1450,1084.330078125,598.2689208984375,0.7853323221206665,14.41552734375,25.1021728515625
1452,1086.138671875,598.77978515625,0.6724478602409363,14.6650390625,25.986083984375
1454,1091.7432861328125,602.5745239257812,0.6549233198165894,15.672119140625,24.4560546875
1456,1094.7952880859375,604.008056640625,0.7042310237884521,15.558837890625,25.0595703125
1458,1094.06396484375,606.65869140625,0.6481578946113586,15.5869140625,26.60595703125
1460,832.6708984375,516.0458374023438,0.6684138178825378,17.48681640625,30.1282958984375
1462,1092.389892578125,609.1091918945312,0.7783237099647522,16.219482421875,26.188232421875
1464,1093.6239013671875,609.2572021484375,0.34300005435943604,15.419677734375,23.04345703125
1466,714.72998046875,405.01092529296875,0.8259913325309753,17.69775390625,25.370849609375
1468,834.177001953125,516.7305908203125,0.6217746734619141,20.4033203125,32.744140625
1470,432.55657958984375,346.4377136230469,0.4756728708744049,20.4039306640625,26.17034912109375
1472,1107.4892578125,623.6630859375,0.4170806407928467,16.71728515625,25.831298828125
1476,1108.5626220703125,615.3292236328125,0.26591330766677856,13.20166015625,22.818115234375
1478,1274.8140258789062,325.2247314453125,0.2624549865722656,10.3719482421875,28.008056640625
1480,474.70281982421875,405.0824890136719,0.5568161606788635,13.72772216796875,25.43121337890625
1482,1109.1712646484375,620.7154541015625,0.5274085998535156,13.343505859375,21.733154296875
1484,522.3554077148438,305.32366943359375,0.3872649073600769,11.4248046875,25.3828125
1486,1110.2532958984375,625.2852783203125,0.41213536262512207,15.39453125,24.268798828125
1488,1110.45751953125,625.4093627929688,0.4448935389518738,15.56201171875,23.9959716796875
1490,1111.395751953125,619.7369384765625,0.6808096170425415,14.85986328125,23.80126953125
1492,1111.58251953125,616.2749633789062,0.5174198746681213,13.62158203125,22.7322998046875
1494,1274.801025390625,324.4868469238281,0.4458642303943634,10.39794921875,29.28167724609375
1496,429.4649658203125,402.770751953125,0.5010766983032227,15.301025390625,21.870361328125
1498,585.4511108398438,469.08160400390625,0.5473034977912903,13.5455322265625,28.442626953125
1500,526.0814208984375,355.57183837890625,0.5959100127220154,15.6865234375,25.80712890625
1502,538.051025390625,353.09552001953125,0.39597088098526,15.37548828125,22.7230224609375
1504,1108.6640625,613.3822631835938,0.5955924987792969,14.28857421875,23.4112548828125
1506,663.0018310546875,435.9642333984375,0.8490036725997925,18.0191650390625,24.7052001953125
1510,1098.8543701171875,604.5098876953125,0.48145797848701477,15.31005859375,26.327392578125
1512,788.5257568359375,491.67071533203125,0.499935507774353,19.135009765625,30.54443359375
1514,797.1679077148438,451.6392822265625,0.8615965843200684,20.2646484375,29.2955322265625
1516,807.4161987304688,455.212646484375,0.7861973643302917,18.5687255859375,28.646728515625
1518,1092.5947265625,608.6284790039062,0.4863426983356476,17.072998046875,26.9864501953125
1520,808.03369140625,453.83148193359375,0.8115721940994263,17.4798583984375,25.3719482421875
1522,799.3847045898438,454.6085205078125,0.38429638743400574,18.9715576171875,25.7801513671875
1524,730.9636840820312,250.50604248046875,0.26209038496017456,17.2906494140625,23.8638916015625
1526,666.3578491210938,430.0434265136719,0.584592878818512,20.684814453125,43.49322509765625
1528,780.9191284179688,484.5735168457031,0.2804486155509949,15.500244140625,25.33123779296875
1532,456.06707763671875,216.95489501953125,0.25754955410957336,22.399169921875,25.77215576171875
1536,329.5129089355469,253.34002685546875,0.25352606177330017,15.43267822265625,25.6234130859375
1538,342.56146240234375,423.26593017578125,0.24674181640148163,13.870361328125,21.66607666015625
1540,732.8004150390625,422.2957763671875,0.33190372586250305,18.6884765625,24.1319580078125
1542,860.7584228515625,356.16094970703125,0.4025256037712097,15.5291748046875,24.9888916015625
1544,902.778076171875,297.229736328125,0.4439455270767212,14.455810546875,22.0369873046875
1546,865.6549072265625,348.4477844238281,0.31736883521080017,17.932861328125,27.172607421875
1550,792.3444213867188,365.23529052734375,0.614639401435852,16.85693359375,30.29937744140625
1552,426.01959228515625,379.71124267578125,0.4867846369743347,19.7471923828125,32.64111328125
1554,879.3488159179688,470.41510009765625,0.5722252726554871,17.7109375,31.5528564453125
1556,573.448486328125,489.14874267578125,0.591264545917511,17.5205078125,28.0621337890625
1558,369.57366943359375,477.3734130859375,0.4478721022605896,19.93701171875,29.7625732421875
1560,249.30096435546875,426.9093017578125,0.8448899984359741,17.86767578125,28.203369140625
1562,178.1982879638672,380.49310302734375,0.5209189057350159,24.74560546875,31.8250732421875
1564,226.09323120117188,422.30047607421875,0.4534037709236145,17.366943359375,27.0926513671875
1566,491.4290771484375,516.8837890625,0.8132050037384033,19.3878173828125,26.79638671875
1568,648.8245849609375,373.2854919433594,0.27158427238464355,15.802978515625,37.05108642578125
1570,375.402587890625,491.67919921875,0.6605643033981323,16.521240234375,23.8765869140625
1572,376.6114501953125,378.3100280761719,0.7938703298568726,14.929443359375,27.5067138671875
1578,636.1781005859375,290.8121337890625,0.6414198279380798,11.8118896484375,22.438720703125
1580,475.84893798828125,326.1341857910156,0.3834957480430603,13.02734375,22.24932861328125
1582,390.25927734375,283.24237060546875,0.2132221907377243,14.7244873046875,21.8330078125
1584,343.81121826171875,186.39208984375,0.7306462526321411,14.4534912109375,23.5308837890625
1588,301.3843078613281,475.20867919921875,0.6888580322265625,15.70941162109375,27.6580810546875
1590,382.238525390625,513.242919921875,0.3206026256084442,18.08135986328125,31.124755859375
1594,683.94677734375,559.6253662109375,0.522966206073761,20.696533203125,33.865478515625
1596,813.9814453125,549.95849609375,0.821600615978241,24.05859375,33.074462890625
1598,921.115966796875,460.8550109863281,0.7266566753387451,17.0966796875,26.62213134765625
1604,9.041470527648926,305.3538818359375,0.25447630882263184,14.672369003295898,22.902587890625
1608,487.35821533203125,481.86083984375,0.25108760595321655,13.1778564453125,24.6046142578125
1614,768.4098510742188,237.00289916992188,0.7007482051849365,18.0277099609375,27.49664306640625
1616,668.4549560546875,348.07159423828125,0.7205780148506165,17.64599609375,25.404541015625
1618,600.4200439453125,238.30343627929688,0.763234555721283,13.29833984375,25.32476806640625
1620,542.356689453125,249.04827880859375,0.29063862562179565,13.7373046875,21.4747314453125
1628,626.5802612304688,257.7024841308594,0.5576246380805969,13.70947265625,23.8914794921875
1630,670.87890625,253.2421875,0.64944988489151,15.4759521484375,21.2725830078125
1632,756.238037109375,313.58868408203125,0.23097573220729828,15.01513671875,22.1356201171875
1636,631.94384765625,277.5933837890625,0.6790267825126648,11.354248046875,19.576904296875
1638,834.74951171875,324.3985595703125,0.35211390256881714,17.997314453125,25.6290283203125
1640,778.91650390625,365.8403625488281,0.8382322788238525,16.94921875,27.9755859375
1644,219.54376220703125,257.7576599121094,0.5953074097633362,10.9395751953125,22.8720703125
1646,748.8284301757812,361.0264892578125,0.47864747047424316,15.8067626953125,26.0306396484375
1648,749.1300659179688,395.68505859375,0.8126240968704224,15.38671875,26.666748046875
1652,764.67333984375,288.27105712890625,0.550471305847168,14.9736328125,21.975830078125
1654,672.9349365234375,456.0113525390625,0.21362723410129547,18.529052734375,29.454833984375
1656,633.9124145507812,339.9102478027344,0.22425338625907898,12.2332763671875,24.0189208984375
1660,329.391357421875,302.350341796875,0.6276403665542603,13.114990234375,21.9935302734375
1668,362.1942443847656,389.2581481933594,0.598484992980957,19.08819580078125,42.57989501953125
1670,436.819580078125,427.9560546875,0.44511327147483826,13.2567138671875,20.3548583984375
1686,665.220947265625,398.5722351074219,0.7450833916664124,13.4560546875,21.626953125
1688,634.65234375,338.20794677734375,0.28580090403556824,12.668212890625,22.9344482421875
1690,742.2765502929688,364.92852783203125,0.2007625699043274,13.3521728515625,26.005126953125
1694,567.04052734375,430.9317626953125,0.3445994555950165,13.1845703125,19.253173828125
1696,677.6090087890625,451.2315673828125,0.5497300028800964,12.312255859375,22.1859130859375
1698,888.2662353515625,270.588623046875,0.5796453356742859,11.459228515625,20.8416748046875
1700,441.03857421875,335.90057373046875,0.6055240035057068,13.94580078125,26.5914306640625
1702,453.022216796875,410.3948974609375,0.6258016228675842,16.5084228515625,23.897216796875
1704,517.545166015625,260.4698791503906,0.2657221853733063,12.0096435546875,20.89434814453125
1706,1017.439697265625,332.0257568359375,0.6805238723754883,17.288818359375,34.740478515625
1708,544.517578125,445.31658935546875,0.8224533200263977,23.571044921875,33.120361328125
1714,643.40869140625,413.6263427734375,0.2771255373954773,15.0166015625,26.4093017578125
1716,1044.189697265625,307.8112487792969,0.5193936228752136,14.791015625,27.54742431640625
1726,812.0423583984375,387.20654296875,0.36078545451164246,17.115478515625,28.600830078125
1730,731.3184204101562,261.44757080078125,0.2973121106624603,10.4169921875,15.861572265625
1732,647.046630859375,243.20989990234375,0.26364901661872864,11.44921875,19.455078125
1734,654.1265869140625,328.1690368652344,0.4326619803905487,15.4273681640625,22.66766357421875
1736,634.5933227539062,381.727783203125,0.41258034110069275,13.102294921875,20.854248046875
1740,803.8589477539062,338.99993896484375,0.20052191615104675,14.51123046875,26.743408203125
1742,741.3250732421875,355.3076477050781,0.2236170470714569,17.241455078125,31.28924560546875
1744,275.6665344238281,414.71295166015625,0.20698849856853485,13.7060546875,26.3743896484375
1746,306.6778564453125,503.19313049316406,0.5917761325836182,18.2265625,32.163543701171875
1748,273.16412353515625,500.5203857421875,0.4101245403289795,20.4757080078125,34.004638671875
1750,808.239013671875,377.3480224609375,0.6375172138214111,16.66796875,28.97027587890625
1752,723.237548828125,195.75216674804688,0.35927873849868774,13.51123046875,26.759765625
1756,666.6830444335938,218.3612518310547,0.5279576778411865,12.91748046875,20.131011962890625
1760,679.2747802734375,254.56890869140625,0.48473674058914185,13.764892578125,21.4681396484375
1762,934.49951171875,348.5365295410156,0.37526580691337585,15.259765625,22.582275390625
1764,970.27490234375,387.32305908203125,0.8488792777061462,18.371337890625,29.2037353515625
1766,775.2505493164062,164.96832275390625,0.5578431487083435,12.96630859375,23.9158935546875
1774,757.8116455078125,244.17474365234375,0.4133242666721344,12.63232421875,21.4012451171875
1776,894.1884765625,254.5814208984375,0.28615471720695496,15.905517578125,23.2955322265625
1778,151.47576904296875,337.1214294433594,0.21913452446460724,13.9088134765625,18.1029052734375
1780,949.65478515625,308.7921142578125,0.38286256790161133,14.77978515625,21.5318603515625
1786,364.9095153808594,303.557373046875,0.29871878027915955,13.88739013671875,25.14501953125
1790,903.4752197265625,269.9097900390625,0.5005806684494019,12.739501953125,19.9554443359375
1792,537.2261962890625,400.5611877441406,0.495863139629364,10.48388671875,22.953857421875
1794,952.4013061523438,302.4008483886719,0.7094812393188477,11.45703125,19.4239501953125
1798,920.92919921875,318.66546630859375,0.308750718832016,10.7412109375,17.51416015625
1804,938.0204467773438,303.3612060546875,0.6409944891929626,14.4512939453125,22.529541015625
1810,941.3243408203125,316.8170471191406,0.31171539425849915,14.294921875,24.41796875
1812,860.5614013671875,285.75927734375,0.2943874001502991,14.428955078125,26.6136474609375
1814,842.0360107421875,486.7469482421875,0.673095166683197,19.36669921875,35.1026611328125
1816,627.510498046875,513.30126953125,0.5043818950653076,16.14697265625,25.544189453125
1822,362.5062255859375,335.9460754394531,0.7309145331382751,15.5118408203125,20.69207763671875
1824,810.9800415039062,410.61932373046875,0.3016107976436615,15.90771484375,27.0703125
1828,390.8915100097656,361.7789611816406,0.30473941564559937,14.42669677734375,22.39642333984375
1830,538.5794677734375,482.82379150390625,0.41513246297836304,12.11474609375,23.72021484375
1832,296.74639892578125,391.34765625,0.23118934035301208,13.90478515625,25.72235107421875
1836,401.4853515625,348.112060546875,0.42730745673179626,14.40771484375,18.156494140625
1846,498.899169921875,256.78399658203125,0.24419312179088593,13.7183837890625,26.16845703125
1852,377.879638671875,462.97149658203125,0.2821267545223236,13.793212890625,26.6744384765625
1854,1225.91845703125,416.30950927734375,0.3005208969116211,14.3837890625,25.1956787109375
1862,856.4300537109375,214.12594604492188,0.2499716579914093,13.1505126953125,18.32757568359375
1870,1127.1026611328125,260.4209289550781,0.5025345683097839,14.300537109375,21.38348388671875
1872,1126.95458984375,383.22393798828125,0.32323622703552246,17.18994140625,30.655517578125
1874,357.1398010253906,204.52723693847656,0.6546374559402466,13.1593017578125,19.708770751953125
1876,403.58514404296875,429.34130859375,0.5485277771949768,13.8837890625,25.6639404296875
1878,1179.797607421875,355.5736083984375,0.5137526392936707,13.863525390625,24.1761474609375
1882,643.7208251953125,300.28277587890625,0.49418216943740845,12.4212646484375,24.98455810546875
1884,90.19361114501953,201.41726684570312,0.30643704533576965,14.9576416015625,18.4937744140625
1886,982.107421875,290.0238037109375,0.6195361614227295,14.253662109375,21.05963134765625
1892,1111.5272216796875,298.22235107421875,0.4503820538520813,12.728515625,20.83837890625
1894,213.07980346679688,203.358642578125,0.40433448553085327,12.98980712890625,18.13006591796875
1896,1243.393310546875,474.2705078125,0.7018738389015198,18.0947265625,38.20703125
1902,322.16864013671875,217.02850341796875,0.4627360999584198,14.9737548828125,19.716827392578125
1904,380.55670166015625,230.47576904296875,0.6213286519050598,15.0750732421875,22.1322021484375
1918,395.22161865234375,232.7264404296875,0.23163050413131714,15.8302001953125,26.41192626953125
1920,407.097412109375,236.66907501220703,0.22048820555210114,14.1898193359375,22.956161499023438
1930,105.16836547851562,188.42080688476562,0.2061227709054947,15.2586669921875,28.57586669921875
1932,861.4564208984375,195.05274963378906,0.4641776978969574,13.517822265625,23.374603271484375
1936,170.03152465820312,184.88775634765625,0.2443898767232895,15.30517578125,25.078369140625
1938,246.49981689453125,198.6773681640625,0.231485515832901,13.65228271484375,24.95941162109375
1948,855.8855590820312,237.50643920898438,0.6397010087966919,14.3585205078125,25.1138916015625
1950,283.55328369140625,215.32415771484375,0.5134264230728149,13.30999755859375,22.00738525390625
1962,246.0487823486328,234.986083984375,0.6989337205886841,12.982391357421875,22.6361083984375
1968,411.72625732421875,332.47723388671875,0.7260579466819763,14.9642333984375,24.5667724609375
1972,462.8416748046875,370.43597412109375,0.44606122374534607,16.4007568359375,27.0689697265625
1974,410.82208251953125,345.86566162109375,0.6188742518424988,14.2218017578125,25.4603271484375
1978,425.44158935546875,408.428466796875,0.20653584599494934,14.64990234375,24.963623046875
1982,518.3965454101562,396.16046142578125,0.6589228510856628,16.5823974609375,27.617919921875
1986,503.4638366699219,434.41644287109375,0.4238404929637909,15.58770751953125,25.3848876953125
1990,763.2610473632812,143.8315887451172,0.26034998893737793,12.63525390625,15.793060302734375
1994,663.8719482421875,161.42205810546875,0.3478084206581116,13.672119140625,20.8240966796875
1996,683.4573974609375,310.480224609375,0.3289574980735779,16.095947265625,24.864501953125
2000,973.0931396484375,336.1690979003906,0.36335012316703796,12.4459228515625,19.47259521484375
2008,726.178466796875,275.2803955078125,0.38345614075660706,8.9642333984375,24.2327880859375
2010,629.545654296875,377.42828369140625,0.21898016333580017,20.55859375,41.35382080078125
2012,426.2742614746094,468.4594421386719,0.5993999242782593,16.803466796875,29.85333251953125
2014,437.69805908203125,377.0438232421875,0.21366088092327118,14.40972900390625,27.1966552734375
2016,617.1338500976562,315.7889404296875,0.4664446711540222,12.3634033203125,23.0413818359375
2020,734.984375,370.89013671875,0.6545836329460144,15.72314453125,25.31048583984375
2022,710.1068115234375,368.54705810546875,0.4077579975128174,14.2158203125,23.028564453125
2024,725.7515869140625,244.58026123046875,0.8433229327201843,15.2242431640625,25.6837158203125
2026,738.8690185546875,240.95263671875,0.7046232223510742,14.624755859375,24.83056640625
2028,721.9976806640625,234.33914184570312,0.7669891119003296,17.43798828125,26.01092529296875
2030,672.5032958984375,234.48110961914062,0.5174168348312378,15.8154296875,22.1165771484375
2034,582.1968383789062,470.6289978027344,0.5942806601524353,18.07177734375,34.34820556640625
2036,763.4932861328125,380.61590576171875,0.249490886926651,11.7567138671875,28.2459716796875
2038,756.1381225585938,324.00244140625,0.7350440621376038,12.5916748046875,22.4505615234375
2040,742.2561645507812,325.9144287109375,0.7446526288986206,15.2147216796875,22.961181640625
2042,735.4410400390625,334.0938415527344,0.7560349106788635,17.86083984375,27.6473388671875
2044,723.694091796875,340.320068359375,0.6810773015022278,15.130615234375,24.1563720703125
2046,709.4177856445312,347.6204528808594,0.7499206066131592,18.302734375,28.44061279296875
2048,709.7164306640625,345.9398193359375,0.7628118395805359,17.6298828125,27.8399658203125
2052,743.6646728515625,356.7691650390625,0.44478803873062134,15.761474609375,23.183837890625
2054,7.282417297363281,560.1510009765625,0.7072633504867554,14.564834594726562,33.134521484375
2056,755.2325439453125,357.9081115722656,0.4789932668209076,14.8682861328125,25.6431884765625
2060,744.0732421875,357.7842102050781,0.3755687177181244,19.000732421875,23.64501953125
2062,738.500732421875,360.61181640625,0.3266066014766693,20.6256103515625,31.16015625
2064,739.0889892578125,366.4232177734375,0.5968234539031982,18.63671875,27.4998779296875
2066,742.9535522460938,368.2764892578125,0.5321242213249207,21.7244873046875,27.662353515625
2068,743.3853759765625,370.39044189453125,0.7592809200286865,16.400390625,25.236328125
2070,743.773681640625,371.8067626953125,0.7615606188774109,16.072021484375,25.14459228515625
2072,747.700927734375,369.9754333496094,0.8394209742546082,17.510498046875,26.3116455078125
2074,743.2255859375,350.61676025390625,0.7698761820793152,14.611083984375,25.1397705078125
2080,560.1973876953125,445.3175354003906,0.8113560676574707,24.3443603515625,32.5184326171875
2082,903.5419921875,388.51513671875,0.2703028917312622,13.254150390625,21.9453125
2086,471.34576416015625,520.188720703125,0.3314531147480011,18.6842041015625,34.228759765625
2088,469.5109558105469,445.43212890625,0.8327818512916565,16.9931640625,27.8408203125
2090,903.3187255859375,388.70208740234375,0.35948073863983154,10.83642578125,20.30712890625
2094,904.0743408203125,388.02545166015625,0.27385708689689636,10.884521484375,19.67657470703125
2104,442.4830322265625,385.17608642578125,0.5359915494918823,12.93133544921875,21.84130859375
2106,707.7445068359375,461.4148864746094,0.4245256781578064,13.226806640625,25.74755859375
2108,856.07763671875,389.85162353515625,0.2690371572971344,13.9130859375,23.86541748046875
2110,696.5919189453125,390.8619079589844,0.7774418592453003,15.21337890625,23.88739013671875
2112,709.7556762695312,462.5203857421875,0.31218189001083374,12.2923583984375,21.425537109375
2114,691.6376953125,375.8111572265625,0.2794100046157837,12.867431640625,26.0035400390625
2116,678.5753173828125,381.7095947265625,0.7671526074409485,15.9521484375,28.7327880859375
2118,733.616943359375,353.39044189453125,0.4488570988178253,13.803955078125,25.4793701171875
2120,749.7774658203125,352.9980773925781,0.5915483832359314,14.6728515625,23.637939453125
2126,612.76220703125,489.63970947265625,0.7117453813552856,22.7998046875,33.01806640625
2128,510.7243347167969,412.9404602050781,0.43410587310791016,25.49530029296875,40.49127197265625
2130,903.95166015625,385.23797607421875,0.3366156220436096,14.250732421875,25.7664794921875
2134,476.209716796875,457.73553466796875,0.749837338924408,18.910400390625,29.3377685546875
2138,892.4967041015625,384.81158447265625,0.22388644516468048,14.63134765625,22.2357177734375
2140,473.88836669921875,443.75177001953125,0.5643643736839294,13.5579833984375,24.158935546875
2148,516.5915374755859,366.46783447265625,0.47676339745521545,12.477813720703125,20.2939453125
2150,598.43994140625,420.326416015625,0.6439054608345032,15.5286865234375,24.843994140625
2154,632.40087890625,350.1513671875,0.6549959182739258,15.08544921875,25.4193115234375
2156,675.3583984375,351.43359375,0.7679903507232666,15.195556640625,26.6630859375
2158,824.536376953125,300.81256103515625,0.26671355962753296,14.740234375,25.0230712890625
2160,791.6597900390625,351.47125244140625,0.3827391266822815,15.908935546875,29.7926025390625
2166,836.1820068359375,335.30853271484375,0.22956961393356323,15.82275390625,22.9774169921875
2168,804.0489501953125,339.6377868652344,0.43304359912872314,13.994873046875,24.492919921875
2172,598.343505859375,285.0076904296875,0.230076864361763,11.47509765625,18.9462890625
2174,220.3465576171875,430.33770751953125,0.3102158308029175,17.82550048828125,27.3194580078125
2176,761.97705078125,368.3049621582031,0.8384544253349304,18.664306640625,31.14019775390625
2186,227.56100463867188,591.1592407226562,0.2525189518928528,21.4781494140625,41.0721435546875
2188,791.5194091796875,445.5680847167969,0.5634875297546387,14.7254638671875,27.56182861328125
2190,793.0799560546875,441.851806640625,0.42402416467666626,13.740966796875,26.6351318359375
2192,792.511474609375,444.1017150878906,0.43126243352890015,15.33740234375,29.1380615234375
2198,599.0712890625,455.5705261230469,0.7099145650863647,20.69189453125,27.87139892578125
2202,246.56573486328125,593.05810546875,0.2830503582954407,15.462005615234375,26.56787109375
2204,245.92169189453125,593.31884765625,0.25295957922935486,15.61279296875,26.17578125
2206,492.58551025390625,515.9082641601562,0.8260624408721924,19.3643798828125,29.771240234375
2212,263.6964416503906,449.7352294921875,0.21219559013843536,17.05010986328125,28.0528564453125
2214,553.57958984375,174.22972106933594,0.8394390940666199,17.2386474609375,26.737884521484375
2216,264.42340087890625,449.83587646484375,0.36810195446014404,12.764404296875,26.4410400390625
2218,796.7451171875,247.87799072265625,0.4328555762767792,17.0673828125,20.3800048828125
2220,267.51690673828125,511.993408203125,0.3292224705219269,14.64813232421875,24.088134765625
2226,840.7437133789062,262.9599304199219,0.5692524909973145,13.246826171875,26.72772216796875
2234,599.828369140625,381.508544921875,0.31429365277290344,17.242919921875,21.030029296875
2238,1063.16455078125,337.019775390625,0.7942477464675903,15.45361328125,25.58599853515625
2244,1063.109619140625,347.63818359375,0.3138848841190338,19.1474609375,25.40771484375
2250,1088.75146484375,348.8710632324219,0.29882416129112244,18.57861328125,25.59820556640625
2254,1097.7552490234375,359.5198974609375,0.3003857135772705,16.451416015625,25.482666015625
2258,1066.992431640625,368.0895080566406,0.4962044358253479,16.35986328125,24.65716552734375
2284,679.498779296875,298.49652099609375,0.48082324862480164,13.846923828125,23.2020263671875
2290,614.39697265625,413.28387451171875,0.5580176115036011,16.4833984375,27.6993408203125
2292,296.3726501464844,299.8715515136719,0.4594600200653076,13.2789306640625,23.397705078125
2294,654.1748046875,356.39288330078125,0.49233564734458923,14.024658203125,22.323974609375
2296,187.7821044921875,414.7450866699219,0.5573405623435974,23.253662109375,43.21807861328125
2304,417.9233703613281,349.5872802734375,0.20796851813793182,14.22357177734375,18.762939453125
2306,735.9918212890625,351.87158203125,0.7895205616950989,18.9873046875,32.356689453125
2308,396.9001770019531,162.58535766601562,0.5409113168716431,14.18017578125,22.33203125
2310,843.072021484375,429.75714111328125,0.6951922178268433,17.97802734375,29.0361328125
2312,947.3837280273438,367.36260986328125,0.460978627204895,21.36767578125,31.18017578125
2314,955.1292114257812,381.38800048828125,0.4437923729419708,15.322998046875,27.5677490234375
2316,582.163818359375,302.6588134765625,0.28422966599464417,10.419921875,18.6422119140625
2320,522.8597412109375,251.08941650390625,0.22251133620738983,12.64013671875,25.082275390625
2322,789.7557373046875,241.07867431640625,0.23897476494312286,11.79931640625,18.0885009765625
2324,557.0485229492188,254.91989135742188,0.4759933650493622,12.307861328125,21.80572509765625
2326,630.801025390625,301.723388671875,0.2256065160036087,10.089599609375,22.1915283203125
2330,453.39556884765625,394.0074768066406,0.25365838408470154,9.665283203125,20.2611083984375
2340,729.7547607421875,213.69729614257812,0.3479125201702118,13.580810546875,19.9759521484375
2346,513.1064300537109,252.71832275390625,0.3579472601413727,16.950225830078125,26.60009765625
2348,542.6748657226562,299.8399658203125,0.3885211646556854,14.7371826171875,22.68939208984375
2352,568.805419921875,260.55950927734375,0.5661854147911072,12.140869140625,21.1568603515625
2354,583.7208251953125,212.36497497558594,0.5864676833152771,12.1070556640625,21.474609375
2356,595.1109619140625,197.63433837890625,0.48392972350120544,13.427490234375,19.49969482421875
2364,632.9097290039062,295.0476379394531,0.7793908715248108,12.47314453125,20.362060546875
2366,361.4677734375,194.14898681640625,0.3670700490474701,11.7452392578125,24.102447509765625
2368,571.253173828125,263.64068603515625,0.5203599333763123,13.283447265625,20.4622802734375
2370,748.408447265625,385.96746826171875,0.4801196753978729,14.699462890625,24.388671875
2372,470.5892639160156,303.2747802734375,0.4695988595485687,12.09234619140625,19.4447021484375
2374,535.25244140625,271.78564453125,0.36506620049476624,12.107666015625,18.22503662109375
2378,311.19146728515625,365.72503662109375,0.3907757103443146,11.4393310546875,16.36627197265625
2380,643.548095703125,293.54180908203125,0.35506975650787354,11.56884765625,18.039306640625
2382,886.0362548828125,237.62957763671875,0.3125580847263336,10.662841796875,12.53472900390625
2384,421.56854248046875,477.6430969238281,0.5513961315155029,18.756103515625,30.96343994140625
2386,339.40032958984375,454.065185546875,0.24380135536193848,16.85888671875,24.0040283203125
2388,284.00592041015625,404.60546875,0.2529600262641907,15.99578857421875,20.3043212890625
2390,363.9879150390625,372.96197509765625,0.23643451929092407,15.1533203125,22.6868896484375
2394,443.9167175292969,300.7840576171875,0.20262411236763,15.57269287109375,23.814697265625
2406,541.3809814453125,301.8101806640625,0.38776877522468567,13.1787109375,17.857666015625
2408,629.4513549804688,328.802490234375,0.38888251781463623,11.9285888671875,22.73779296875
2410,650.9238891601562,318.2767333984375,0.5630218386650085,12.82177734375,20.8724365234375
2416,440.998046875,352.89453125,0.27646270394325256,19.85430908203125,24.2523193359375
2418,697.24267578125,341.77703857421875,0.29978248476982117,14.3699951171875,26.47735595703125
2420,938.682861328125,353.07275390625,0.6087868213653564,15.74755859375,27.3433837890625
2422,617.5720825195312,329.9111633300781,0.2173273116350174,15.0726318359375,22.19110107421875
2424,548.515869140625,518.0050048828125,0.7943584322929382,20.782958984375,37.2232666015625
2426,580.8443603515625,529.3954467773438,0.5506276488304138,15.984619140625,31.1241455078125
2430,662.47119140625,518.8642578125,0.21186107397079468,13.98046875,24.267578125
2432,431.28363037109375,395.7528076171875,0.2959039509296417,20.1597900390625,28.647705078125
2434,876.0377807617188,428.08905029296875,0.21816696226596832,18.6219482421875,34.4293212890625
2436,888.54345703125,340.2431640625,0.6766924262046814,12.208740234375,24.526123046875
2440,474.6150207519531,511.2176513671875,0.3543202579021454,17.3519287109375,24.734130859375
2442,1076.85302734375,541.6763916015625,0.6367672681808472,17.48583984375,30.509521484375
2444,505.0577392578125,361.3275146484375,0.6616917252540588,14.9586181640625,23.5418701171875
2446,1066.8431396484375,545.3606567382812,0.7999969720840454,17.197998046875,32.6944580078125
2448,418.25054931640625,428.77386474609375,0.20650935173034668,18.5118408203125,28.03656005859375
2450,1033.6641845703125,531.3795166015625,0.5674551725387573,21.443359375,35.0947265625
2452,755.1008911132812,444.77252197265625,0.7968201041221619,24.742431640625,33.96563720703125
2454,805.797607421875,464.987060546875,0.5640054941177368,18.55078125,27.826904296875
2456,817.669189453125,447.0610656738281,0.3240973949432373,19.123046875,28.23150634765625
2458,555.3402099609375,485.5679931640625,0.20789861679077148,19.951904296875,32.33984375
2460,798.53173828125,464.02935791015625,0.791084349155426,19.277099609375,35.04833984375
2462,793.7928466796875,455.90777587890625,0.8181272745132446,21.7330322265625,31.0267333984375
2464,793.4341430664062,453.59649658203125,0.5121039152145386,23.2294921875,29.98016357421875
2466,1070.535888671875,517.5625,0.3797289729118347,15.5322265625,30.35791015625
2468,203.97442626953125,288.9861145019531,0.3220570981502533,15.50531005859375,24.53326416015625
2470,959.2244873046875,577.1461181640625,0.7119723558425903,17.2763671875,33.655517578125
2472,1265.84228515625,333.0099792480469,0.26808539032936096,20.23876953125,26.19036865234375
2474,728.4835205078125,239.66824340820312,0.5357399582862854,15.02734375,25.0435791015625
2480,821.8311767578125,517.6607055664062,0.4938145875930786,16.3128662109375,28.7486572265625
2482,1048.14013671875,519.5736083984375,0.567297637462616,14.223388671875,25.876220703125
2484,536.5660400390625,321.74267578125,0.5333528518676758,18.3583984375,29.6929931640625
2486,940.2661743164062,381.811767578125,0.20863793790340424,16.981201171875,31.734375
2488,521.785888671875,429.2823486328125,0.29388150572776794,16.1058349609375,26.73486328125
2494,854.80419921875,362.41693115234375,0.3614662289619446,14.971435546875,23.863037109375
2500,1086.969970703125,542.1669921875,0.6169227957725525,16.642578125,34.04638671875
2504,844.7332763671875,340.8669128417969,0.31400689482688904,11.895751953125,20.7569580078125
2520,513.3931732177734,373.494384765625,0.42743030190467834,16.649932861328125,25.0799560546875
2522,552.300048828125,351.5881652832031,0.2926250994205475,16.531494140625,26.41864013671875
2526,738.8385009765625,460.09503173828125,0.5161046981811523,24.001708984375,31.4449462890625
2528,755.5479736328125,387.54730224609375,0.33106768131256104,13.503173828125,19.11279296875
2530,699.353759765625,373.8778381347656,0.48114174604415894,12.86865234375,22.02691650390625
2532,698.6756591796875,373.629150390625,0.3564032316207886,12.95947265625,21.3358154296875
2534,791.54638671875,463.5738525390625,0.80560302734375,21.314208984375,30.066650390625
2536,782.726318359375,524.33935546875,0.8338845372200012,18.4405517578125,29.067626953125
2538,801.0677490234375,464.0127868652344,0.6343234777450562,19.69091796875,31.85552978515625
2540,811.46533203125,457.9512939453125,0.7600928544998169,16.97900390625,24.47235107421875
2544,782.00048828125,427.7850341796875,0.6156576871871948,16.022216796875,25.689453125
2546,456.4945983886719,429.6744384765625,0.3968617022037506,23.12689208984375,38.514892578125
2550,139.59466552734375,288.9244689941406,0.43337297439575195,16.30914306640625,28.26422119140625
2552,451.475341796875,408.08673095703125,0.4516317546367645,20.3990478515625,38.18017578125
2554,525.77685546875,334.29376220703125,0.7235543131828308,20.540283203125,34.438232421875
2558,567.937744140625,343.00933837890625,0.30356526374816895,16.110107421875,27.2830810546875
2560,870.1726684570312,285.859619140625,0.21249514818191528,15.551513671875,22.908203125
2570,1128.29931640625,231.5677947998047,0.2623627185821533,12.1640625,20.558685302734375
2572,412.07318115234375,427.43359375,0.4230986535549164,11.4998779296875,22.4552001953125
2574,908.3079833984375,323.9469299316406,0.3070884644985199,13.6951904296875,20.665283203125
2582,547.5183715820312,432.86163330078125,0.2027113139629364,17.0845947265625,28.1544189453125
2586,1184.6888427734375,537.9624633789062,0.6532909274101257,30.94140625,49.5577392578125
2616,301.11431884765625,275.9368591308594,0.5545353889465332,14.939697265625,22.04534912109375
2618,313.5402526855469,312.3504638671875,0.5158328413963318,15.50946044921875,24.5089111328125
2622,1133.797119140625,270.1961975097656,0.6597521901130676,13.979248046875,24.90167236328125
2624,417.5997009277344,337.7503662109375,0.39737626910209656,15.16748046875,22.619873046875
2626,1096.8856201171875,293.5182189941406,0.5961499810218811,15.947265625,21.70330810546875
2628,407.72332763671875,382.9659118652344,0.731795608997345,16.2564697265625,28.69110107421875
2634,1004.3656005859375,374.4532470703125,0.5719158053398132,11.607177734375,24.039306640625
2636,858.0653686523438,268.9077453613281,0.2998795807361603,14.748779296875,25.5218505859375
2638,418.31231689453125,351.43096923828125,0.6036261320114136,14.59356689453125,25.2672119140625
2640,838.9658203125,468.40545654296875,0.3965868055820465,14.090087890625,26.8436279296875
2646,775.1619873046875,447.7816467285156,0.7455359697341919,15.2952880859375,26.671630859375
2648,1015.341552734375,424.8209533691406,0.31545892357826233,14.885498046875,28.65118408203125
2650,557.8946533203125,232.08757781982422,0.2301095873117447,13.225341796875,22.427505493164062
2654,922.3464965820312,383.109375,0.2764449715614319,14.4541015625,27.911865234375
2656,699.0667724609375,350.466796875,0.22353410720825195,10.8033447265625,21.97760009765625
2658,565.8175048828125,270.6427917480469,0.30755600333213806,15.61181640625,21.450927734375
2660,632.03369140625,259.9754333496094,0.429780513048172,12.8250732421875,20.25048828125
2662,615.4520263671875,370.717529296875,0.4856232702732086,11.40087890625,20.60821533203125
2664,856.0481567382812,339.80126953125,0.5070825815200806,12.0830078125,18.5234375
2666,792.1094970703125,449.88726806640625,0.37624120712280273,15.198974609375,19.38555908203125
2670,510.0232238769531,385.1504211425781,0.3082379102706909,13.22576904296875,20.2314453125
2672,645.2794799804688,434.3411560058594,0.5152543187141418,16.5289306640625,30.45941162109375
2676,889.596435546875,412.7076416015625,0.6938269734382629,16.1126708984375,27.119140625
2680,937.306884765625,283.9446105957031,0.40352851152420044,11.116455078125,22.801513671875
2682,840.452880859375,322.3065490722656,0.4433201253414154,18.185791015625,27.6114501953125
2686,713.34228515625,304.49462890625,0.2496960312128067,14.817138671875,19.4267578125
2692,727.141357421875,328.3514404296875,0.28401753306388855,12.349609375,24.2664794921875
2694,166.51937866210938,414.33001708984375,0.6970938444137573,15.477386474609375,24.37750244140625
2696,753.75537109375,330.0198059082031,0.6381995677947998,17.693359375,25.91241455078125
2698,826.6272583007812,308.33740234375,0.658557116985321,14.17724609375,24.253173828125
