frame,cx,cy,w,h,yolo_conf,color_match,conf
24,619.0,286.0,13.0,23.0,0.524,0.469,0.502
25,615.0,215.0,13.0,19.0,0.587,0.802,0.673
29,568.0,293.0,12.0,17.0,0.331,0.827,0.529
32,563.0,577.0,15.0,27.0,0.636,0.51,0.586
36,724.0,357.0,14.0,21.0,0.172,0.694,0.381
37,837.0,414.0,14.0,26.0,0.47,1.0,0.682
38,854.0,284.0,14.0,24.0,0.679,1.0,0.808
38,859.0,380.0,15.0,21.0,0.341,0.568,0.431
38,1133.0,389.0,14.0,23.0,0.252,0.938,0.526
39,1139.0,332.0,13.0,22.0,0.164,0.506,0.301
39,816.0,497.0,19.0,28.0,0.148,1.0,0.489
47,802.0,274.0,11.0,20.0,0.305,0.481,0.376
47,681.0,346.0,17.0,23.0,0.164,0.506,0.301
48,682.0,329.0,11.0,27.0,0.634,0.852,0.721
49,680.0,332.0,16.0,27.0,0.375,0.864,0.571
50,649.0,287.0,19.0,24.0,0.654,1.0,0.792
50,650.0,279.0,20.0,40.0,0.261,0.889,0.512
51,803.0,299.0,15.0,28.0,0.165,0.42,0.267
53,627.0,287.0,11.0,18.0,0.197,0.571,0.347
54,501.0,348.0,11.0,19.0,0.134,0.506,0.283
56,746.0,302.0,12.0,25.0,0.455,0.51,0.477
58,650.0,226.0,14.0,18.0,0.555,0.802,0.654
58,689.0,299.0,15.0,25.0,0.327,0.571,0.425
59,651.0,237.0,12.0,16.0,0.484,0.778,0.601
61,762.0,300.0,13.0,29.0,0.473,0.901,0.644
61,775.0,211.0,10.0,19.0,0.111,0.593,0.303
61,661.0,215.0,13.0,20.0,0.103,1.0,0.462
63,970.0,254.0,13.0,24.0,0.101,0.449,0.24
64,308.0,255.0,12.0,14.0,0.102,0.679,0.333
66,724.0,182.0,13.0,21.0,0.493,0.642,0.552
69,647.0,355.0,16.0,26.0,0.556,0.79,0.649
69,133.0,273.0,13.0,28.0,0.125,0.694,0.352
70,389.0,211.0,10.0,20.0,0.222,0.432,0.306
71,663.0,357.0,13.0,21.0,0.225,1.0,0.535
71,404.0,209.0,11.0,20.0,0.157,0.963,0.48
74,696.0,349.0,12.0,25.0,0.556,0.49,0.53
74,845.0,313.0,13.0,22.0,0.129,0.951,0.457
75,555.0,212.0,10.0,23.0,0.247,1.0,0.548
77,938.0,241.0,13.0,19.0,0.314,0.667,0.455
78,668.0,353.0,16.0,29.0,0.461,0.571,0.505
78,919.0,315.0,12.0,21.0,0.305,0.531,0.396
78,919.0,311.0,13.0,21.0,0.116,0.63,0.321
79,949.0,285.0,13.0,24.0,0.36,0.408,0.38
79,669.0,274.0,18.0,20.0,0.141,0.571,0.313
82,1005.0,416.0,16.0,25.0,0.167,1.0,0.5
82,1010.0,414.0,16.0,21.0,0.107,1.0,0.464
84,646.0,447.0,18.0,32.0,0.497,1.0,0.698
84,466.0,405.0,13.0,21.0,0.399,0.877,0.59
84,721.0,193.0,21.0,27.0,0.114,0.444,0.246
85,677.0,429.0,14.0,30.0,0.235,0.633,0.394
85,475.0,369.0,18.0,31.0,0.219,0.654,0.393
85,870.0,354.0,10.0,20.0,0.154,0.653,0.354
85,735.0,451.0,17.0,24.0,0.106,0.407,0.227
87,626.0,339.0,13.0,23.0,0.347,0.765,0.514
88,765.0,334.0,12.0,23.0,0.129,0.63,0.329
89,518.0,334.0,12.0,18.0,0.182,0.519,0.317
90,531.0,324.0,12.0,22.0,0.288,0.444,0.351
93,564.0,332.0,16.0,30.0,0.628,0.408,0.54
94,506.0,390.0,14.0,18.0,0.574,0.494,0.542
94,518.0,443.0,12.0,26.0,0.276,0.753,0.467
96,444.0,353.0,15.0,20.0,0.151,0.753,0.392
97,536.0,432.0,16.0,35.0,0.117,0.704,0.352
98,491.0,383.0,17.0,23.0,0.228,0.543,0.354
99,490.0,427.0,17.0,28.0,0.695,0.556,0.639
100,439.0,347.0,13.0,24.0,0.358,1.0,0.615
101,460.0,375.0,16.0,31.0,0.29,0.802,0.495
102,532.0,475.0,17.0,28.0,0.257,1.0,0.554
102,434.0,332.0,14.0,22.0,0.133,0.926,0.45
103,475.0,405.0,16.0,34.0,0.436,0.642,0.518
103,566.0,394.0,12.0,21.0,0.228,0.852,0.477
104,695.0,319.0,11.0,18.0,0.277,0.753,0.468
104,579.0,352.0,17.0,27.0,0.253,0.691,0.428
104,660.0,369.0,18.0,31.0,0.165,0.753,0.4
104,597.0,409.0,14.0,20.0,0.151,1.0,0.491
105,536.0,303.0,12.0,22.0,0.435,0.716,0.547
106,359.0,351.0,14.0,20.0,0.438,0.716,0.549
106,646.0,362.0,13.0,19.0,0.328,0.444,0.374
108,487.0,371.0,12.0,24.0,0.405,0.432,0.416
108,948.0,503.0,12.0,23.0,0.293,0.571,0.404
108,628.0,406.0,14.0,21.0,0.198,1.0,0.519
110,602.0,408.0,11.0,19.0,0.129,0.571,0.306
111,1012.0,386.0,13.0,23.0,0.147,0.519,0.296
111,788.0,447.0,15.0,23.0,0.112,0.988,0.462
113,882.0,471.0,15.0,28.0,0.596,0.938,0.733
113,935.0,501.0,17.0,34.0,0.214,0.568,0.356
113,775.0,380.0,12.0,25.0,0.184,0.654,0.372
113,1079.0,510.0,16.0,23.0,0.114,0.51,0.273
115,819.0,307.0,11.0,17.0,0.131,0.975,0.469
116,1271.0,543.0,13.0,37.0,0.339,0.444,0.381
116,1269.0,543.0,18.0,39.0,0.103,0.714,0.347
119,1143.0,431.0,14.0,28.0,0.658,0.802,0.716
120,1191.0,412.0,17.0,25.0,0.337,0.457,0.385
126,248.0,384.0,17.0,26.0,0.8,0.914,0.845
127,248.0,396.0,16.0,25.0,0.787,0.667,0.739
128,257.0,483.0,16.0,24.0,0.589,0.704,0.635
129,238.0,433.0,16.0,25.0,0.751,0.42,0.618
129,240.0,429.0,24.0,36.0,0.11,0.444,0.244
130,247.0,433.0,14.0,25.0,0.795,0.852,0.817
130,137.0,322.0,11.0,23.0,0.381,0.901,0.589
131,302.0,457.0,17.0,26.0,0.632,0.432,0.552
132,352.0,494.0,20.0,30.0,0.673,0.667,0.67
133,365.0,435.0,16.0,24.0,0.489,0.857,0.636
133,588.0,304.0,18.0,30.0,0.173,0.469,0.291
134,392.0,446.0,17.0,25.0,0.747,0.857,0.791
135,427.0,500.0,20.0,30.0,0.813,0.877,0.839
136,440.0,529.0,21.0,30.0,0.497,0.735,0.592
139,520.0,452.0,15.0,21.0,0.429,0.605,0.499
141,506.0,372.0,15.0,26.0,0.227,0.728,0.428
145,1139.0,240.0,13.0,18.0,0.277,0.653,0.427
150,967.0,433.0,13.0,22.0,0.361,0.605,0.459
151,981.0,358.0,12.0,25.0,0.333,0.457,0.383
152,893.0,427.0,16.0,21.0,0.25,0.551,0.371
153,1111.0,273.0,18.0,22.0,0.211,0.593,0.364
155,1052.0,392.0,17.0,24.0,0.702,1.0,0.821
156,856.0,352.0,11.0,20.0,0.569,0.568,0.569
156,1117.0,393.0,14.0,27.0,0.113,0.63,0.32
157,1000.0,441.0,13.0,28.0,0.156,1.0,0.493
157,951.0,367.0,15.0,24.0,0.116,0.975,0.46
158,1139.0,365.0,12.0,20.0,0.207,0.551,0.344
158,825.0,290.0,13.0,22.0,0.116,0.51,0.274
161,1053.0,432.0,14.0,25.0,0.319,0.444,0.369
162,918.0,266.0,14.0,22.0,0.117,0.765,0.376
164,766.0,230.0,17.0,30.0,0.384,0.694,0.508
164,799.0,402.0,18.0,23.0,0.226,0.975,0.526
164,933.0,491.0,24.0,34.0,0.169,0.469,0.289
164,919.0,453.0,14.0,25.0,0.154,0.49,0.289
165,777.0,349.0,17.0,28.0,0.556,0.408,0.497
166,823.0,188.0,14.0,25.0,0.493,0.444,0.473
167,779.0,251.0,14.0,24.0,0.471,0.556,0.505
168,764.0,244.0,12.0,19.0,0.336,0.938,0.577
168,901.0,351.0,13.0,24.0,0.147,1.0,0.488
173,822.0,363.0,15.0,29.0,0.133,0.778,0.391
174,821.0,362.0,18.0,30.0,0.414,0.889,0.604
175,810.0,362.0,16.0,23.0,0.304,1.0,0.582
177,776.0,366.0,13.0,22.0,0.192,1.0,0.515
178,918.0,300.0,12.0,19.0,0.564,0.543,0.556
182,1099.0,378.0,15.0,22.0,0.604,0.556,0.585
183,835.0,349.0,14.0,26.0,0.601,0.755,0.663
183,1111.0,331.0,13.0,26.0,0.585,1.0,0.751
183,729.0,285.0,12.0,20.0,0.331,0.901,0.559
184,1011.0,283.0,21.0,27.0,0.47,1.0,0.682
184,1143.0,298.0,11.0,21.0,0.185,0.728,0.402
185,874.0,304.0,15.0,27.0,0.677,0.469,0.594
186,809.0,380.0,17.0,30.0,0.712,0.673,0.697
186,755.0,322.0,17.0,28.0,0.113,0.49,0.264
186,824.0,227.0,8.0,21.0,0.101,0.827,0.392
190,598.0,158.0,10.0,18.0,0.217,0.617,0.377
194,533.0,283.0,10.0,23.0,0.22,0.408,0.295
196,778.0,589.0,24.0,39.0,0.137,0.975,0.472
200,755.0,284.0,10.0,21.0,0.361,0.728,0.508
200,699.0,321.0,12.0,30.0,0.232,0.531,0.352
206,681.0,480.0,12.0,26.0,0.682,0.673,0.679
214,876.0,396.0,12.0,20.0,0.156,0.571,0.322
216,854.0,481.0,19.0,32.0,0.87,0.951,0.902
217,854.0,436.0,17.0,27.0,0.751,1.0,0.851
217,892.0,314.0,14.0,24.0,0.172,0.429,0.275
218,859.0,424.0,18.0,32.0,0.331,0.408,0.362
219,858.0,410.0,21.0,36.0,0.595,0.796,0.675
219,890.0,267.0,13.0,23.0,0.356,0.802,0.535
220,930.0,322.0,16.0,27.0,0.56,0.778,0.647
221,1021.0,270.0,23.0,32.0,0.407,0.571,0.473
221,843.0,364.0,15.0,29.0,0.248,0.481,0.341
221,810.0,428.0,16.0,29.0,0.104,0.654,0.324
222,1079.0,286.0,19.0,28.0,0.288,0.802,0.494
223,1103.0,345.0,20.0,27.0,0.571,0.617,0.589
224,1128.0,338.0,16.0,22.0,0.615,0.593,0.606
226,630.0,304.0,11.0,15.0,0.307,0.408,0.347
226,803.0,282.0,12.0,21.0,0.235,0.79,0.457
227,1117.0,333.0,16.0,27.0,0.621,1.0,0.773
227,868.0,333.0,12.0,24.0,0.213,0.506,0.33
227,568.0,390.0,13.0,25.0,0.137,1.0,0.482
228,1133.0,335.0,14.0,25.0,0.327,0.653,0.457
228,665.0,343.0,10.0,22.0,0.144,0.429,0.258
229,1139.0,349.0,15.0,25.0,0.364,0.898,0.577
229,875.0,316.0,12.0,20.0,0.286,0.494,0.369
230,1140.0,362.0,16.0,23.0,0.179,0.444,0.285
231,1147.0,369.0,14.0,26.0,0.124,0.63,0.326
232,1161.0,385.0,17.0,26.0,0.664,0.592,0.635
233,422.0,339.0,19.0,42.0,0.11,0.49,0.262
236,829.0,247.0,14.0,22.0,0.189,0.531,0.326
237,102.0,611.0,14.0,29.0,0.515,0.654,0.571
237,1198.0,417.0,18.0,29.0,0.223,0.827,0.465
238,1140.0,527.0,19.0,32.0,0.584,1.0,0.75
239,1148.0,480.0,19.0,27.0,0.172,0.889,0.459
240,1148.0,470.0,20.0,28.0,0.628,0.852,0.718
242,1136.0,537.0,22.0,29.0,0.202,0.975,0.512
243,1043.0,364.0,19.0,27.0,0.57,0.753,0.643
244,1003.0,331.0,16.0,25.0,0.675,0.51,0.609
246,903.0,286.0,11.0,17.0,0.121,0.728,0.364
247,878.0,338.0,15.0,20.0,0.351,0.42,0.379
247,1239.0,390.0,12.0,21.0,0.238,1.0,0.543
248,844.0,323.0,14.0,20.0,0.459,1.0,0.676
249,792.0,385.0,15.0,22.0,0.605,0.704,0.644
253,706.0,315.0,17.0,24.0,0.559,0.735,0.629
253,708.0,259.0,11.0,16.0,0.119,0.63,0.323
254,701.0,284.0,12.0,27.0,0.594,0.901,0.717
256,580.0,378.0,15.0,26.0,0.382,0.49,0.425
257,267.0,225.0,16.0,16.0,0.131,0.556,0.301
258,278.0,222.0,10.0,15.0,0.127,0.408,0.24
259,498.0,338.0,15.0,21.0,0.506,0.457,0.486
259,215.0,194.0,10.0,22.0,0.186,0.407,0.274
260,249.0,188.0,12.0,22.0,0.588,0.58,0.585
262,364.0,301.0,16.0,24.0,0.21,0.901,0.486
263,325.0,338.0,15.0,21.0,0.123,0.988,0.469
266,314.0,386.0,16.0,23.0,0.169,1.0,0.501
267,337.0,320.0,12.0,31.0,0.322,0.673,0.463
268,308.0,411.0,16.0,25.0,0.589,0.469,0.541
269,308.0,352.0,10.0,17.0,0.165,0.728,0.39
270,259.0,306.0,13.0,22.0,0.274,1.0,0.565
271,617.0,291.0,13.0,21.0,0.106,0.449,0.243
273,264.0,292.0,14.0,23.0,0.64,0.667,0.651
273,611.0,263.0,14.0,31.0,0.149,0.449,0.269
274,265.0,346.0,18.0,26.0,0.525,1.0,0.715
275,571.0,318.0,11.0,20.0,0.356,0.975,0.604
275,294.0,285.0,10.0,17.0,0.141,0.901,0.445
281,631.0,302.0,14.0,23.0,0.278,1.0,0.567
281,344.0,302.0,16.0,22.0,0.246,0.432,0.32
281,265.0,369.0,12.0,19.0,0.196,0.951,0.498
282,342.0,326.0,16.0,18.0,0.419,0.457,0.434
282,341.0,329.0,16.0,20.0,0.257,0.51,0.358
282,267.0,361.0,12.0,21.0,0.218,0.506,0.334
283,361.0,348.0,14.0,23.0,0.327,0.938,0.572
284,328.0,391.0,22.0,41.0,0.402,0.889,0.597
288,489.0,325.0,14.0,20.0,0.132,0.593,0.316
292,635.0,308.0,12.0,23.0,0.327,0.827,0.527
292,634.0,310.0,14.0,29.0,0.168,0.889,0.457
293,413.0,444.0,13.0,26.0,0.535,1.0,0.721
293,500.0,269.0,12.0,24.0,0.22,0.714,0.418
293,774.0,334.0,11.0,17.0,0.142,0.429,0.256
296,307.0,380.0,15.0,26.0,0.27,0.531,0.374
298,646.0,386.0,15.0,20.0,0.821,0.531,0.705
299,748.0,326.0,14.0,20.0,0.358,0.802,0.536
300,581.0,388.0,14.0,32.0,0.296,0.568,0.405
300,788.0,316.0,15.0,23.0,0.267,1.0,0.56
301,596.0,284.0,12.0,20.0,0.368,0.667,0.488
301,500.0,336.0,12.0,21.0,0.222,0.531,0.345
301,741.0,292.0,11.0,19.0,0.151,0.852,0.432
303,539.0,396.0,14.0,25.0,0.413,0.633,0.501
303,596.0,270.0,13.0,18.0,0.378,0.963,0.612
303,663.0,317.0,15.0,26.0,0.119,0.691,0.348
303,738.0,230.0,12.0,19.0,0.117,0.481,0.263
303,930.0,254.0,13.0,21.0,0.108,0.42,0.232
304,265.0,453.0,11.0,19.0,0.434,1.0,0.66
306,619.0,379.0,16.0,30.0,0.471,0.408,0.446
306,853.0,254.0,10.0,18.0,0.356,0.494,0.411
307,649.0,271.0,16.0,20.0,0.13,0.815,0.404
309,962.0,273.0,15.0,25.0,0.842,0.49,0.701
309,738.0,279.0,13.0,21.0,0.171,0.753,0.404
313,964.0,285.0,14.0,27.0,0.461,0.741,0.573
313,846.0,377.0,22.0,44.0,0.156,0.612,0.339
315,819.0,319.0,19.0,29.0,0.432,0.51,0.463
315,585.0,386.0,12.0,21.0,0.241,0.753,0.446
318,666.0,422.0,15.0,29.0,0.138,0.802,0.404
319,903.0,343.0,25.0,42.0,0.256,0.755,0.456
321,780.0,277.0,14.0,21.0,0.575,0.951,0.726
324,665.0,546.0,14.0,28.0,0.199,0.444,0.297
324,917.0,367.0,17.0,40.0,0.142,0.556,0.307
324,1035.0,451.0,13.0,25.0,0.122,0.571,0.302
325,932.0,417.0,18.0,27.0,0.147,0.506,0.291
328,759.0,355.0,10.0,21.0,0.307,0.408,0.348
330,579.0,497.0,17.0,33.0,0.262,0.568,0.384
330,963.0,381.0,16.0,24.0,0.162,1.0,0.497
330,958.0,380.0,16.0,27.0,0.105,0.84,0.399
332,907.0,497.0,14.0,27.0,0.383,0.852,0.57
340,1150.0,340.0,18.0,27.0,0.131,0.778,0.39
347,1273.0,461.0,13.0,29.0,0.178,0.429,0.278
349,701.0,499.0,19.0,32.0,0.106,0.755,0.366
353,744.0,567.0,17.0,33.0,0.164,0.815,0.424
362,287.0,241.0,19.0,31.0,0.313,0.506,0.39
362,288.0,236.0,22.0,43.0,0.135,0.531,0.294
364,277.0,271.0,13.0,25.0,0.666,0.975,0.79
366,316.0,313.0,16.0,28.0,0.803,0.852,0.822
368,317.0,352.0,14.0,25.0,0.667,0.679,0.672
369,291.0,402.0,18.0,25.0,0.462,0.816,0.604
370,293.0,410.0,17.0,27.0,0.752,0.714,0.737
371,366.0,519.0,27.0,37.0,0.267,0.914,0.526
374,492.0,541.0,20.0,30.0,0.165,0.58,0.331
380,468.0,378.0,23.0,40.0,0.4,0.42,0.408
381,472.0,371.0,15.0,21.0,0.545,0.753,0.628
383,429.0,408.0,17.0,28.0,0.534,0.901,0.681
383,1018.0,359.0,11.0,21.0,0.439,1.0,0.664
384,941.0,463.0,14.0,24.0,0.563,0.975,0.728
384,464.0,396.0,17.0,26.0,0.5,0.494,0.498
384,957.0,391.0,15.0,26.0,0.111,0.49,0.262
385,660.0,387.0,17.0,26.0,0.759,1.0,0.855
386,860.0,427.0,16.0,27.0,0.724,0.901,0.795
390,985.0,496.0,14.0,29.0,0.605,0.571,0.592
391,1000.0,462.0,17.0,28.0,0.433,0.654,0.522
391,808.0,435.0,15.0,27.0,0.232,0.889,0.495
393,948.0,414.0,12.0,21.0,0.4,0.679,0.511
393,836.0,288.0,15.0,23.0,0.36,0.494,0.413
394,949.0,461.0,15.0,27.0,0.443,1.0,0.666
399,617.0,337.0,9.0,25.0,0.329,0.494,0.395
400,853.0,467.0,16.0,25.0,0.705,0.714,0.709
400,573.0,331.0,14.0,27.0,0.245,0.408,0.31
400,789.0,574.0,24.0,40.0,0.112,0.827,0.398
401,792.0,464.0,21.0,34.0,0.652,1.0,0.791
402,374.0,295.0,11.0,23.0,0.339,0.691,0.48
402,744.0,563.0,19.0,30.0,0.213,0.898,0.487
402,820.0,588.0,13.0,22.0,0.105,0.42,0.231
403,373.0,299.0,14.0,22.0,0.487,0.444,0.47
408,631.0,333.0,18.0,28.0,0.818,0.728,0.782
409,551.0,300.0,17.0,28.0,0.731,0.714,0.725
414,872.0,494.0,13.0,30.0,0.168,0.42,0.269
417,679.0,208.0,12.0,18.0,0.116,0.432,0.242
418,836.0,437.0,13.0,25.0,0.417,0.673,0.52
418,518.0,340.0,15.0,28.0,0.261,0.592,0.393
418,643.0,194.0,13.0,16.0,0.103,0.408,0.225
420,709.0,368.0,16.0,28.0,0.111,0.704,0.348
422,652.0,396.0,18.0,29.0,0.168,0.988,0.496
422,739.0,323.0,13.0,22.0,0.13,0.407,0.241
423,994.0,448.0,15.0,28.0,0.22,1.0,0.532
424,681.0,373.0,13.0,22.0,0.105,0.765,0.369
426,781.0,321.0,16.0,25.0,0.24,0.654,0.405
428,943.0,368.0,19.0,26.0,0.318,1.0,0.591
429,952.0,363.0,14.0,24.0,0.164,1.0,0.498
430,788.0,314.0,14.0,26.0,0.121,0.407,0.236
434,909.0,474.0,12.0,21.0,0.374,0.852,0.565
434,914.0,478.0,23.0,26.0,0.209,1.0,0.525
435,916.0,356.0,13.0,22.0,0.57,0.494,0.539
439,997.0,351.0,16.0,28.0,0.246,0.543,0.365
439,870.0,314.0,12.0,25.0,0.144,0.926,0.457
443,946.0,333.0,14.0,22.0,0.269,0.58,0.393
443,775.0,384.0,13.0,23.0,0.156,0.673,0.363
444,931.0,251.0,13.0,22.0,0.559,0.531,0.547
445,913.0,247.0,16.0,25.0,0.61,0.408,0.529
445,794.0,402.0,15.0,27.0,0.182,0.429,0.281
445,709.0,350.0,13.0,22.0,0.165,0.506,0.301
447,822.0,409.0,15.0,28.0,0.169,0.654,0.363
448,507.0,244.0,14.0,18.0,0.185,0.852,0.452
449,845.0,233.0,14.0,23.0,0.573,0.617,0.591
449,424.0,263.0,11.0,20.0,0.149,0.716,0.376
450,601.0,323.0,11.0,21.0,0.194,0.975,0.506
451,582.0,332.0,14.0,20.0,0.161,0.429,0.268
451,496.0,265.0,15.0,27.0,0.107,0.444,0.242
452,867.0,396.0,16.0,27.0,0.146,0.519,0.295
453,425.0,260.0,14.0,22.0,0.614,0.679,0.64
453,534.0,333.0,14.0,23.0,0.426,0.926,0.626
455,377.0,271.0,14.0,20.0,0.223,0.457,0.316
460,739.0,335.0,18.0,23.0,0.151,0.753,0.392
461,919.0,461.0,15.0,24.0,0.372,0.571,0.452
462,249.0,397.0,15.0,22.0,0.228,0.49,0.333
464,902.0,482.0,16.0,19.0,0.183,0.444,0.287
465,763.0,390.0,16.0,23.0,0.735,0.802,0.762
467,758.0,341.0,14.0,24.0,0.294,0.531,0.389
473,81.0,327.0,13.0,20.0,0.352,0.79,0.527
473,296.0,407.0,13.0,26.0,0.107,0.571,0.293
474,746.0,354.0,15.0,25.0,0.22,0.408,0.296
475,745.0,407.0,18.0,27.0,0.17,0.469,0.29
481,700.0,540.0,13.0,25.0,0.331,0.42,0.367
482,47.0,577.0,18.0,34.0,0.681,0.551,0.629
482,700.0,540.0,13.0,24.0,0.505,0.506,0.506
482,94.0,325.0,15.0,20.0,0.288,0.673,0.442
482,45.0,575.0,22.0,27.0,0.283,0.531,0.382
483,700.0,540.0,13.0,24.0,0.491,0.778,0.605
484,701.0,540.0,14.0,26.0,0.231,0.469,0.326
485,701.0,540.0,14.0,26.0,0.163,0.469,0.285
486,701.0,539.0,14.0,26.0,0.216,0.469,0.317
487,701.0,539.0,14.0,26.0,0.259,0.531,0.368
488,701.0,539.0,14.0,26.0,0.214,0.531,0.341
490,410.0,442.0,13.0,25.0,0.14,0.679,0.355
491,701.0,540.0,14.0,25.0,0.118,0.571,0.299
492,94.0,324.0,14.0,21.0,0.303,0.612,0.427
493,94.0,325.0,14.0,22.0,0.196,0.714,0.403
494,700.0,543.0,15.0,27.0,0.361,0.408,0.38
494,94.0,324.0,14.0,22.0,0.11,0.633,0.319
495,700.0,546.0,14.0,24.0,0.308,0.469,0.373
495,412.0,460.0,13.0,23.0,0.104,0.42,0.23
496,5.0,658.0,11.0,33.0,0.515,0.918,0.677
498,97.0,323.0,15.0,21.0,0.125,0.408,0.238
502,715.0,533.0,15.0,31.0,0.161,0.778,0.407
506,618.0,436.0,19.0,25.0,0.756,1.0,0.853
507,507.0,416.0,19.0,30.0,0.614,0.673,0.638
510,473.0,450.0,18.0,29.0,0.779,0.429,0.639
512,711.0,542.0,14.0,22.0,0.381,0.556,0.451
513,712.0,542.0,14.0,22.0,0.313,0.58,0.42
514,712.0,542.0,15.0,22.0,0.169,0.58,0.334
515,712.0,542.0,15.0,22.0,0.187,0.58,0.344
516,472.0,484.0,17.0,27.0,0.758,0.408,0.618
516,712.0,542.0,15.0,22.0,0.182,0.58,0.341
517,475.0,453.0,17.0,29.0,0.78,0.543,0.685
517,712.0,541.0,14.0,23.0,0.208,0.469,0.313
518,711.0,542.0,15.0,22.0,0.211,0.556,0.349
519,710.0,541.0,15.0,23.0,0.191,0.444,0.292
520,480.0,529.0,20.0,31.0,0.443,0.938,0.641
520,710.0,542.0,15.0,22.0,0.147,0.556,0.311
521,478.0,461.0,20.0,33.0,0.766,0.714,0.745
521,711.0,542.0,14.0,22.0,0.188,0.556,0.335
522,474.0,463.0,19.0,33.0,0.782,0.796,0.787
522,711.0,543.0,14.0,22.0,0.262,0.951,0.537
523,469.0,462.0,17.0,29.0,0.733,0.694,0.717
523,709.0,543.0,14.0,21.0,0.43,0.889,0.613
524,708.0,543.0,14.0,21.0,0.499,0.975,0.689
525,510.0,255.0,16.0,27.0,0.183,0.816,0.436
525,708.0,544.0,12.0,22.0,0.15,0.691,0.366
526,839.0,413.0,17.0,36.0,0.194,0.506,0.319
529,701.0,539.0,15.0,28.0,0.15,0.778,0.401
530,708.0,538.0,20.0,35.0,0.187,0.407,0.275
530,702.0,539.0,18.0,31.0,0.126,0.753,0.377
532,711.0,542.0,14.0,26.0,0.251,0.449,0.33
533,522.0,363.0,15.0,27.0,0.656,0.901,0.754
533,711.0,540.0,13.0,27.0,0.388,0.551,0.453
534,459.0,476.0,20.0,28.0,0.765,0.63,0.711
539,807.0,513.0,30.0,51.0,0.102,0.654,0.323
540,827.0,322.0,16.0,25.0,0.185,0.728,0.402
541,707.0,540.0,15.0,25.0,0.334,0.51,0.405
542,710.0,539.0,15.0,23.0,0.392,0.531,0.447
543,711.0,539.0,15.0,24.0,0.338,0.449,0.383
544,746.0,372.0,19.0,25.0,0.546,0.407,0.491
544,710.0,538.0,15.0,25.0,0.238,0.531,0.355
545,731.0,378.0,17.0,25.0,0.743,0.714,0.731
546,722.0,382.0,18.0,28.0,0.765,0.51,0.663
546,98.0,325.0,12.0,20.0,0.132,0.408,0.242
547,716.0,384.0,17.0,27.0,0.748,0.457,0.632
550,680.0,495.0,18.0,30.0,0.864,0.571,0.747
551,96.0,545.0,20.0,31.0,0.39,0.653,0.495
552,720.0,398.0,18.0,32.0,0.276,0.531,0.378
552,690.0,404.0,24.0,30.0,0.205,0.963,0.508
552,408.0,457.0,14.0,22.0,0.192,0.408,0.278
552,97.0,544.0,19.0,32.0,0.171,0.556,0.325
552,711.0,543.0,15.0,24.0,0.106,0.796,0.382
553,701.0,375.0,16.0,24.0,0.812,0.571,0.716
554,703.0,364.0,17.0,30.0,0.481,0.796,0.607
554,111.0,530.0,27.0,35.0,0.453,0.714,0.558
554,112.0,537.0,30.0,49.0,0.224,0.531,0.347
554,713.0,542.0,14.0,24.0,0.205,0.49,0.319
554,780.0,422.0,14.0,25.0,0.119,0.796,0.39
555,697.0,359.0,18.0,26.0,0.727,0.673,0.706
555,713.0,541.0,15.0,25.0,0.139,0.551,0.304
556,693.0,356.0,16.0,24.0,0.646,0.551,0.608
556,726.0,398.0,18.0,30.0,0.161,0.735,0.39
556,714.0,541.0,15.0,25.0,0.142,0.429,0.257
557,692.0,355.0,16.0,24.0,0.758,0.531,0.667
558,691.0,352.0,15.0,23.0,0.742,0.612,0.69
559,215.0,588.0,17.0,26.0,0.18,0.694,0.386
559,473.0,338.0,16.0,27.0,0.172,0.556,0.325
560,690.0,350.0,17.0,26.0,0.193,0.612,0.361
564,579.0,450.0,22.0,27.0,0.389,0.84,0.569
564,715.0,543.0,16.0,26.0,0.124,0.654,0.336
566,728.0,538.0,15.0,25.0,0.281,0.802,0.49
568,473.0,471.0,18.0,30.0,0.686,0.571,0.64
568,128.0,544.0,20.0,36.0,0.105,0.857,0.406
569,842.0,421.0,15.0,32.0,0.334,0.753,0.501
569,537.0,337.0,14.0,26.0,0.107,0.988,0.46
570,473.0,502.0,19.0,26.0,0.78,1.0,0.868
570,843.0,420.0,17.0,32.0,0.513,0.914,0.673
571,540.0,337.0,14.0,29.0,0.465,0.714,0.565
572,538.0,321.0,17.0,28.0,0.36,0.918,0.583
572,538.0,326.0,16.0,32.0,0.108,0.551,0.285
573,470.0,451.0,18.0,28.0,0.771,0.449,0.642
573,537.0,319.0,17.0,27.0,0.253,0.457,0.334
574,475.0,527.0,21.0,33.0,0.783,0.714,0.755
574,537.0,320.0,17.0,28.0,0.254,0.531,0.365
575,473.0,458.0,17.0,27.0,0.708,0.837,0.759
575,538.0,320.0,17.0,28.0,0.289,0.714,0.459
576,477.0,458.0,18.0,28.0,0.684,0.49,0.606
576,538.0,323.0,17.0,31.0,0.226,0.408,0.299
577,481.0,448.0,17.0,27.0,0.732,0.551,0.659
579,300.0,614.0,20.0,34.0,0.173,0.815,0.43
579,301.0,616.0,26.0,39.0,0.137,0.778,0.394
580,517.0,301.0,15.0,20.0,0.161,0.704,0.378
582,328.0,383.0,12.0,20.0,0.106,0.481,0.256
583,437.0,384.0,13.0,24.0,0.272,1.0,0.563
584,455.0,378.0,12.0,20.0,0.559,1.0,0.736
584,813.0,276.0,14.0,21.0,0.146,0.519,0.295
588,890.0,363.0,12.0,23.0,0.506,1.0,0.703
588,682.0,347.0,12.0,21.0,0.386,0.778,0.543
588,281.0,511.0,17.0,26.0,0.206,1.0,0.523
590,1112.0,335.0,11.0,15.0,0.471,0.593,0.519
590,1274.0,447.0,12.0,25.0,0.289,1.0,0.573
594,995.0,369.0,16.0,26.0,0.718,0.506,0.633
594,902.0,317.0,12.0,24.0,0.354,0.42,0.38
596,987.0,260.0,11.0,19.0,0.489,0.519,0.501
597,477.0,350.0,15.0,25.0,0.454,0.852,0.613
597,962.0,257.0,14.0,23.0,0.31,1.0,0.586
597,746.0,308.0,13.0,20.0,0.147,0.704,0.37
598,952.0,507.0,15.0,24.0,0.619,1.0,0.772
598,923.0,277.0,12.0,24.0,0.523,1.0,0.714
598,713.0,288.0,11.0,25.0,0.478,1.0,0.687
598,955.0,441.0,13.0,25.0,0.112,0.901,0.428
599,452.0,335.0,16.0,30.0,0.165,0.531,0.311
600,957.0,322.0,14.0,23.0,0.631,0.951,0.759
601,940.0,322.0,15.0,25.0,0.453,0.975,0.662
601,174.0,413.0,20.0,30.0,0.232,1.0,0.539
601,174.0,417.0,22.0,40.0,0.167,0.951,0.48
602,920.0,313.0,12.0,21.0,0.163,0.938,0.473
603,889.0,366.0,19.0,25.0,0.272,0.918,0.53
606,48.0,436.0,15.0,25.0,0.339,0.444,0.381
606,825.0,367.0,15.0,24.0,0.246,0.901,0.508
607,52.0,344.0,12.0,19.0,0.392,0.84,0.571
608,67.0,324.0,12.0,22.0,0.189,0.901,0.474
608,492.0,157.0,12.0,18.0,0.145,0.449,0.267
609,600.0,323.0,10.0,21.0,0.669,0.444,0.579
609,56.0,353.0,13.0,22.0,0.255,0.667,0.419
610,645.0,315.0,10.0,25.0,0.56,1.0,0.736
610,631.0,160.0,12.0,22.0,0.166,0.42,0.268
611,649.0,260.0,11.0,20.0,0.508,1.0,0.705
612,547.0,222.0,18.0,30.0,0.852,0.51,0.715
612,171.0,303.0,15.0,25.0,0.122,0.704,0.355
613,221.0,289.0,13.0,17.0,0.105,1.0,0.463
614,198.0,368.0,11.0,23.0,0.121,0.951,0.453
615,555.0,329.0,13.0,21.0,0.548,0.617,0.576
615,726.0,383.0,15.0,23.0,0.471,0.673,0.552
615,180.0,382.0,19.0,29.0,0.108,0.633,0.318
616,621.0,384.0,16.0,21.0,0.323,0.429,0.365
616,596.0,321.0,12.0,20.0,0.315,0.51,0.393
617,664.0,384.0,11.0,22.0,0.18,0.975,0.498
620,884.0,287.0,12.0,20.0,0.245,1.0,0.547
622,617.0,263.0,14.0,25.0,0.272,0.765,0.469
623,713.0,335.0,13.0,28.0,0.398,0.815,0.565
623,658.0,268.0,12.0,20.0,0.154,0.531,0.305
627,781.0,317.0,16.0,22.0,0.111,0.926,0.437
630,469.0,433.0,25.0,37.0,0.307,0.592,0.421
631,472.0,461.0,14.0,34.0,0.172,0.975,0.493
632,446.0,463.0,20.0,37.0,0.615,0.778,0.68
632,730.0,363.0,17.0,29.0,0.209,0.51,0.33
632,446.0,456.0,23.0,55.0,0.173,0.667,0.371
632,448.0,461.0,27.0,45.0,0.126,1.0,0.476
633,444.0,466.0,16.0,33.0,0.416,0.753,0.551
635,771.0,354.0,15.0,27.0,0.415,0.444,0.427
635,700.0,341.0,12.0,18.0,0.104,0.716,0.349
637,620.0,324.0,16.0,22.0,0.309,0.592,0.422
638,742.0,402.0,9.0,20.0,0.362,0.429,0.388
638,616.0,326.0,15.0,30.0,0.135,0.878,0.432
639,548.0,505.0,15.0,25.0,0.176,0.852,0.447
640,555.0,510.0,16.0,35.0,0.188,0.79,0.429
640,556.0,369.0,14.0,23.0,0.103,0.802,0.383
641,694.0,399.0,17.0,29.0,0.447,0.531,0.48
641,694.0,402.0,19.0,37.0,0.439,0.494,0.461
641,633.0,344.0,17.0,26.0,0.208,0.84,0.46
641,772.0,389.0,11.0,23.0,0.122,0.408,0.236
642,904.0,427.0,14.0,24.0,0.187,0.429,0.284
643,668.0,399.0,17.0,30.0,0.228,0.571,0.365
644,534.0,370.0,18.0,27.0,0.274,0.837,0.499
644,717.0,376.0,14.0,32.0,0.13,0.444,0.256
645,1272.0,364.0,14.0,21.0,0.201,1.0,0.52
645,433.0,443.0,22.0,43.0,0.144,1.0,0.486
646,615.0,348.0,16.0,23.0,0.35,0.667,0.477
647,420.0,327.0,15.0,29.0,0.486,0.605,0.534
647,594.0,245.0,14.0,21.0,0.113,0.469,0.255
648,644.0,476.0,15.0,25.0,0.12,0.506,0.275
652,524.0,257.0,14.0,25.0,0.685,0.568,0.638
653,489.0,340.0,14.0,25.0,0.268,0.429,0.332
660,956.0,505.0,17.0,29.0,0.156,0.571,0.322
661,679.0,413.0,13.0,29.0,0.251,0.571,0.379
662,804.0,387.0,13.0,32.0,0.211,0.429,0.298
665,676.0,463.0,34.0,88.0,0.252,0.457,0.334
666,717.0,455.0,17.0,37.0,0.121,1.0,0.473
667,730.0,283.0,13.0,21.0,0.347,0.444,0.386
670,773.0,438.0,16.0,32.0,0.622,0.673,0.643
674,807.0,366.0,15.0,27.0,0.242,0.444,0.323
677,827.0,364.0,13.0,22.0,0.572,0.551,0.564
677,407.0,434.0,14.0,23.0,0.314,0.654,0.45
678,886.0,361.0,11.0,20.0,0.151,0.63,0.342
679,333.0,437.0,18.0,34.0,0.753,0.889,0.808
679,336.0,436.0,27.0,38.0,0.112,0.654,0.329
683,616.0,454.0,12.0,20.0,0.11,0.571,0.295
684,354.0,431.0,18.0,22.0,0.129,0.938,0.453
687,411.0,348.0,14.0,18.0,0.575,0.914,0.71
687,568.0,470.0,14.0,23.0,0.308,0.469,0.372
688,725.0,300.0,11.0,22.0,0.18,0.568,0.335
688,441.0,397.0,11.0,14.0,0.102,0.457,0.244
690,808.0,409.0,20.0,29.0,0.481,0.878,0.64
690,797.0,293.0,16.0,22.0,0.364,0.877,0.569
690,393.0,387.0,13.0,23.0,0.135,0.407,0.244
695,761.0,337.0,18.0,27.0,0.173,0.714,0.39
696,695.0,400.0,15.0,23.0,0.229,0.901,0.498
696,724.0,305.0,11.0,21.0,0.113,0.571,0.296
697,617.0,365.0,12.0,23.0,0.157,0.975,0.484
698,782.0,318.0,16.0,26.0,0.195,0.827,0.448
700,803.0,301.0,11.0,19.0,0.443,0.519,0.473
700,377.0,403.0,8.0,18.0,0.178,0.571,0.336
700,596.0,371.0,15.0,25.0,0.147,0.617,0.335
701,786.0,292.0,19.0,35.0,0.678,0.753,0.708
701,329.0,320.0,14.0,22.0,0.531,0.765,0.625
702,827.0,273.0,14.0,21.0,0.538,0.802,0.644
703,234.0,322.0,14.0,21.0,0.318,0.654,0.453
704,214.0,332.0,10.0,20.0,0.149,0.469,0.277
705,996.0,264.0,14.0,20.0,0.56,0.951,0.716
706,1005.0,289.0,15.0,21.0,0.602,0.432,0.534
707,1006.0,342.0,15.0,24.0,0.33,0.432,0.371
708,308.0,335.0,13.0,20.0,0.613,0.679,0.639
709,907.0,279.0,13.0,19.0,0.619,0.432,0.544
710,697.0,310.0,15.0,21.0,0.609,0.429,0.537
711,612.0,190.0,12.0,17.0,0.235,0.543,0.359
711,521.0,233.0,10.0,21.0,0.168,0.49,0.297
711,536.0,386.0,18.0,22.0,0.115,0.857,0.412
712,557.0,401.0,17.0,27.0,0.603,0.531,0.574
713,587.0,383.0,15.0,24.0,0.656,0.429,0.565
714,619.0,416.0,17.0,28.0,0.773,0.444,0.642
716,555.0,318.0,12.0,20.0,0.572,0.778,0.654
717,501.0,399.0,14.0,23.0,0.508,1.0,0.705
718,470.0,397.0,14.0,24.0,0.218,0.679,0.402
719,440.0,375.0,17.0,24.0,0.117,1.0,0.47
719,288.0,446.0,18.0,31.0,0.111,0.852,0.408
721,518.0,404.0,15.0,21.0,0.709,0.654,0.687
721,143.0,284.0,11.0,18.0,0.29,0.506,0.377
723,614.0,323.0,13.0,23.0,0.637,0.852,0.723
723,644.0,383.0,14.0,25.0,0.538,0.951,0.703
723,208.0,246.0,11.0,20.0,0.391,0.691,0.511
723,211.0,245.0,12.0,19.0,0.15,0.679,0.361
724,420.0,268.0,11.0,19.0,0.25,0.506,0.353
724,719.0,365.0,20.0,30.0,0.249,0.755,0.451
728,950.0,371.0,15.0,24.0,0.588,0.857,0.696
728,796.0,420.0,17.0,36.0,0.257,0.58,0.386
728,522.0,255.0,10.0,26.0,0.161,0.571,0.325
729,835.0,305.0,13.0,21.0,0.392,0.551,0.456
729,939.0,332.0,16.0,18.0,0.189,0.605,0.356
729,730.0,314.0,13.0,23.0,0.122,0.735,0.367
730,455.0,417.0,14.0,25.0,0.662,0.408,0.56
730,550.0,240.0,14.0,21.0,0.403,0.408,0.405
730,581.0,325.0,11.0,20.0,0.25,0.63,0.402
731,874.0,302.0,8.0,24.0,0.546,0.432,0.5
731,490.0,432.0,13.0,30.0,0.413,0.815,0.574
731,844.0,258.0,13.0,19.0,0.301,0.543,0.398
731,693.0,318.0,13.0,20.0,0.122,0.51,0.278
732,838.0,258.0,10.0,20.0,0.28,0.568,0.395
733,565.0,261.0,11.0,24.0,0.118,0.444,0.249
734,805.0,309.0,10.0,21.0,0.473,0.432,0.457
735,763.0,296.0,11.0,22.0,0.57,0.778,0.653
735,700.0,265.0,13.0,20.0,0.191,0.802,0.436
737,877.0,346.0,13.0,21.0,0.483,0.556,0.512
740,554.0,233.0,13.0,19.0,0.331,1.0,0.598
742,931.0,347.0,16.0,26.0,0.774,0.84,0.8
743,931.0,340.0,17.0,24.0,0.65,0.778,0.701
743,885.0,307.0,14.0,23.0,0.408,0.975,0.635
744,944.0,305.0,15.0,24.0,0.152,0.802,0.412
747,843.0,355.0,16.0,33.0,0.417,0.802,0.571
747,794.0,395.0,13.0,20.0,0.209,1.0,0.525
749,595.0,357.0,18.0,28.0,0.434,0.444,0.438
750,626.0,420.0,17.0,26.0,0.105,0.857,0.406
751,573.0,275.0,13.0,21.0,0.141,0.408,0.248
758,421.0,241.0,8.0,19.0,0.222,0.444,0.311
759,269.0,304.0,16.0,24.0,0.154,0.481,0.285
766,476.0,389.0,16.0,35.0,0.106,1.0,0.463
767,476.0,298.0,14.0,23.0,0.402,0.543,0.458
768,495.0,311.0,23.0,29.0,0.124,0.796,0.393
776,490.0,352.0,11.0,18.0,0.123,0.444,0.251
777,489.0,334.0,11.0,23.0,0.559,0.612,0.581
777,375.0,424.0,19.0,33.0,0.219,0.633,0.384
777,374.0,421.0,21.0,25.0,0.106,0.673,0.333
779,393.0,380.0,11.0,26.0,0.583,0.914,0.715
780,505.0,384.0,13.0,22.0,0.446,0.673,0.537
781,504.0,367.0,12.0,22.0,0.229,0.444,0.315
784,490.0,354.0,14.0,27.0,0.277,0.432,0.339
785,511.0,300.0,20.0,30.0,0.71,0.901,0.786
789,315.0,382.0,11.0,27.0,0.155,0.429,0.264
790,996.0,506.0,22.0,33.0,0.359,0.667,0.482
790,990.0,508.0,16.0,30.0,0.161,0.673,0.366
792,485.0,436.0,17.0,29.0,0.378,1.0,0.627
794,535.0,421.0,14.0,26.0,0.115,0.568,0.296
797,515.0,227.0,12.0,20.0,0.126,0.901,0.436
799,425.0,212.0,14.0,23.0,0.582,0.531,0.562
799,599.0,377.0,14.0,24.0,0.247,0.429,0.32
800,422.0,210.0,13.0,23.0,0.828,0.79,0.813
800,673.0,370.0,20.0,35.0,0.17,0.612,0.347
801,422.0,208.0,13.0,24.0,0.692,0.667,0.682
801,509.0,404.0,14.0,24.0,0.386,0.408,0.395
802,424.0,206.0,12.0,22.0,0.7,0.691,0.697
802,380.0,428.0,14.0,24.0,0.149,0.592,0.326
803,424.0,204.0,13.0,21.0,0.632,0.741,0.676
804,427.0,202.0,12.0,21.0,0.612,0.741,0.663
804,605.0,346.0,15.0,29.0,0.609,0.778,0.676
805,674.0,445.0,14.0,26.0,0.486,1.0,0.691
806,442.0,201.0,12.0,21.0,0.632,0.753,0.68
806,648.0,254.0,11.0,18.0,0.211,0.605,0.368
806,491.0,368.0,14.0,25.0,0.117,0.571,0.299
806,771.0,389.0,14.0,23.0,0.106,0.926,0.434
807,453.0,203.0,13.0,21.0,0.605,0.79,0.679
807,695.0,277.0,11.0,20.0,0.474,0.877,0.635
807,905.0,366.0,14.0,29.0,0.151,0.449,0.27
807,687.0,361.0,22.0,39.0,0.147,0.988,0.483
808,922.0,524.0,15.0,28.0,0.842,0.551,0.725
808,460.0,204.0,13.0,19.0,0.488,0.84,0.629
809,463.0,211.0,13.0,16.0,0.42,0.49,0.448
809,465.0,207.0,14.0,22.0,0.17,0.531,0.314
809,588.0,498.0,19.0,27.0,0.168,0.914,0.466
809,749.0,331.0,18.0,31.0,0.155,0.653,0.354
810,467.0,207.0,13.0,22.0,0.31,0.519,0.393
810,817.0,395.0,37.0,44.0,0.111,0.612,0.311
812,483.0,214.0,13.0,21.0,0.267,0.429,0.332
813,483.0,215.0,13.0,22.0,0.516,0.568,0.537
814,482.0,217.0,14.0,22.0,0.453,0.407,0.435
816,470.0,217.0,14.0,21.0,0.67,0.42,0.57
817,462.0,218.0,12.0,18.0,0.546,0.42,0.495
823,349.0,216.0,15.0,21.0,0.377,0.408,0.389
823,352.0,215.0,17.0,21.0,0.119,0.457,0.254
825,309.0,212.0,13.0,20.0,0.524,0.408,0.478
826,294.0,238.0,13.0,20.0,0.71,0.469,0.614
829,553.0,284.0,13.0,22.0,0.635,1.0,0.781
830,611.0,217.0,13.0,20.0,0.637,1.0,0.782
840,464.0,182.0,13.0,19.0,0.663,0.51,0.602
840,636.0,206.0,13.0,19.0,0.241,0.617,0.392
841,794.0,192.0,12.0,14.0,0.114,0.407,0.231
845,405.0,311.0,16.0,29.0,0.397,0.457,0.421
849,1048.0,242.0,12.0,25.0,0.548,0.519,0.536
849,407.0,462.0,21.0,36.0,0.266,0.642,0.416
852,1047.0,213.0,9.0,17.0,0.182,0.864,0.455
853,409.0,535.0,18.0,27.0,0.577,1.0,0.746
853,983.0,268.0,12.0,18.0,0.235,0.444,0.319
854,394.0,525.0,17.0,29.0,0.327,0.852,0.537
855,417.0,552.0,22.0,34.0,0.322,0.571,0.422
856,469.0,571.0,18.0,29.0,0.72,0.753,0.733
856,740.0,159.0,15.0,21.0,0.182,0.571,0.338
857,869.0,309.0,12.0,23.0,0.248,0.667,0.416
857,549.0,562.0,21.0,33.0,0.158,0.571,0.323
858,628.0,573.0,24.0,35.0,0.682,0.714,0.695
859,647.0,531.0,20.0,39.0,0.832,0.429,0.67
861,733.0,413.0,15.0,28.0,0.218,0.469,0.319
862,758.0,394.0,14.0,26.0,0.727,0.469,0.624
862,557.0,487.0,15.0,29.0,0.276,0.959,0.55
862,1031.0,377.0,12.0,22.0,0.105,0.432,0.236
863,585.0,448.0,13.0,26.0,0.123,0.815,0.4
864,599.0,464.0,16.0,25.0,0.762,0.852,0.798
867,1172.0,449.0,19.0,25.0,0.142,0.449,0.265
868,1082.0,413.0,14.0,24.0,0.446,1.0,0.668
868,564.0,287.0,10.0,17.0,0.14,0.568,0.311
870,578.0,239.0,12.0,19.0,0.354,0.901,0.573
874,524.0,220.0,15.0,21.0,0.189,0.551,0.334
877,523.0,211.0,13.0,25.0,0.548,0.429,0.5
879,515.0,216.0,11.0,20.0,0.297,0.531,0.391
880,514.0,217.0,12.0,19.0,0.268,0.432,0.334
882,709.0,391.0,23.0,28.0,0.186,0.653,0.373
883,1129.0,414.0,12.0,21.0,0.29,0.481,0.367
885,742.0,246.0,14.0,28.0,0.212,0.481,0.32
887,515.0,281.0,13.0,21.0,0.614,0.694,0.646
889,571.0,361.0,16.0,25.0,0.742,0.429,0.617
889,1149.0,478.0,16.0,29.0,0.467,0.42,0.448
894,936.0,419.0,14.0,24.0,0.699,0.543,0.637
894,844.0,512.0,15.0,27.0,0.317,1.0,0.59
897,678.0,425.0,15.0,27.0,0.442,0.633,0.518
897,716.0,352.0,15.0,26.0,0.148,0.432,0.262
899,732.0,370.0,17.0,25.0,0.199,1.0,0.519
901,860.0,319.0,12.0,16.0,0.194,0.741,0.413
902,891.0,384.0,15.0,25.0,0.404,0.408,0.406
902,647.0,353.0,19.0,22.0,0.372,0.469,0.411
902,908.0,536.0,16.0,26.0,0.102,0.728,0.352
905,698.0,344.0,13.0,21.0,0.642,0.653,0.647
905,727.0,365.0,12.0,20.0,0.265,0.642,0.416
905,957.0,382.0,12.0,23.0,0.191,0.429,0.286
906,682.0,327.0,17.0,21.0,0.356,0.449,0.393
908,737.0,397.0,16.0,31.0,0.24,0.506,0.346
909,541.0,369.0,16.0,21.0,0.179,0.449,0.287
914,883.0,384.0,14.0,27.0,0.347,0.815,0.534
915,636.0,364.0,15.0,24.0,0.561,0.815,0.662
916,633.0,365.0,10.0,23.0,0.236,0.667,0.408
916,860.0,325.0,13.0,20.0,0.199,0.84,0.455
918,857.0,314.0,8.0,21.0,0.103,0.49,0.258
920,760.0,278.0,12.0,19.0,0.618,0.449,0.55
920,354.0,366.0,17.0,29.0,0.29,0.481,0.367
922,630.0,374.0,14.0,28.0,0.337,1.0,0.602
922,460.0,436.0,16.0,26.0,0.337,1.0,0.602
924,521.0,337.0,13.0,22.0,0.106,0.815,0.389
925,167.0,301.0,14.0,23.0,0.53,0.408,0.481
926,611.0,327.0,11.0,26.0,0.345,1.0,0.607
926,56.0,320.0,13.0,18.0,0.296,0.605,0.42
928,565.0,331.0,15.0,25.0,0.235,0.506,0.344
928,472.0,302.0,11.0,19.0,0.22,0.975,0.522
930,407.0,308.0,13.0,26.0,0.437,0.605,0.504
931,761.0,355.0,11.0,22.0,0.687,0.988,0.807
931,395.0,408.0,12.0,22.0,0.474,0.728,0.576
932,793.0,337.0,12.0,20.0,0.702,0.543,0.639
935,805.0,374.0,15.0,21.0,0.568,0.901,0.701
935,288.0,381.0,21.0,27.0,0.29,1.0,0.574
936,804.0,351.0,16.0,25.0,0.67,0.741,0.698
938,1269.0,427.0,19.0,39.0,0.436,0.864,0.607
938,789.0,362.0,19.0,26.0,0.168,0.802,0.422
941,677.0,404.0,16.0,22.0,0.547,0.714,0.614
945,6.0,339.0,12.0,35.0,0.563,0.531,0.55
945,1270.0,519.0,20.0,38.0,0.216,0.694,0.407
945,179.0,351.0,11.0,24.0,0.18,0.691,0.384
946,218.0,337.0,14.0,21.0,0.245,0.457,0.33
946,213.0,275.0,11.0,20.0,0.137,0.679,0.354
947,101.0,416.0,20.0,31.0,0.568,0.444,0.518
947,268.0,256.0,15.0,22.0,0.126,0.571,0.304
948,216.0,364.0,16.0,26.0,0.408,0.815,0.571
948,60.0,414.0,16.0,30.0,0.12,0.617,0.319
951,378.0,405.0,13.0,23.0,0.147,0.741,0.385
953,344.0,366.0,16.0,23.0,0.187,1.0,0.512
953,297.0,386.0,14.0,28.0,0.122,0.556,0.296
954,343.0,350.0,12.0,22.0,0.218,0.963,0.516
955,105.0,331.0,13.0,22.0,0.393,1.0,0.636
955,325.0,374.0,12.0,21.0,0.234,0.556,0.363
955,325.0,377.0,14.0,25.0,0.16,0.506,0.298
956,649.0,268.0,13.0,24.0,0.241,0.42,0.313
957,404.0,305.0,13.0,23.0,0.378,1.0,0.627
957,442.0,413.0,13.0,30.0,0.306,0.429,0.355
957,665.0,271.0,23.0,31.0,0.194,0.963,0.502
957,406.0,304.0,21.0,29.0,0.19,1.0,0.514
961,186.0,338.0,12.0,19.0,0.112,0.531,0.28
965,298.0,474.0,13.0,27.0,0.146,0.481,0.28
967,470.0,414.0,12.0,21.0,0.115,1.0,0.469
968,604.0,313.0,10.0,22.0,0.322,0.926,0.564
968,531.0,328.0,12.0,25.0,0.183,0.741,0.406
970,564.0,268.0,13.0,22.0,0.379,0.494,0.425
977,954.0,305.0,14.0,22.0,0.661,0.519,0.604
979,454.0,270.0,14.0,22.0,0.353,0.593,0.449
979,280.0,335.0,12.0,20.0,0.278,0.605,0.409
979,1043.0,437.0,15.0,31.0,0.231,0.852,0.479
980,557.0,475.0,17.0,28.0,0.167,0.429,0.272
981,520.0,306.0,17.0,19.0,0.165,0.753,0.4
982,572.0,302.0,17.0,31.0,0.195,0.857,0.46
982,663.0,324.0,19.0,29.0,0.16,0.667,0.363
982,452.0,404.0,14.0,25.0,0.114,0.457,0.251
983,540.0,399.0,17.0,33.0,0.444,1.0,0.667
983,726.0,529.0,13.0,26.0,0.316,0.42,0.358
984,823.0,613.0,19.0,34.0,0.16,0.556,0.318
984,524.0,321.0,12.0,23.0,0.159,0.776,0.406
984,644.0,416.0,18.0,33.0,0.158,0.568,0.322
985,758.0,303.0,14.0,20.0,0.125,0.407,0.238
986,360.0,267.0,16.0,24.0,0.589,0.679,0.625
986,649.0,380.0,12.0,18.0,0.139,0.543,0.301
987,398.0,271.0,12.0,24.0,0.138,0.429,0.254
987,396.0,270.0,11.0,19.0,0.115,0.612,0.314
989,1105.0,274.0,15.0,26.0,0.34,0.49,0.4
990,1106.0,273.0,14.0,26.0,0.334,0.444,0.378
991,1040.0,479.0,21.0,32.0,0.191,1.0,0.514
991,231.0,357.0,15.0,31.0,0.106,0.519,0.271
996,235.0,406.0,17.0,31.0,0.792,1.0,0.875
997,233.0,394.0,14.0,22.0,0.759,1.0,0.856
999,257.0,378.0,18.0,24.0,0.464,0.901,0.639
1000,256.0,433.0,23.0,39.0,0.707,0.926,0.795
1001,215.0,394.0,15.0,25.0,0.558,1.0,0.735
1002,187.0,375.0,11.0,20.0,0.445,0.827,0.598
1005,139.0,354.0,19.0,29.0,0.579,1.0,0.747
1005,506.0,384.0,15.0,25.0,0.142,1.0,0.485
1005,376.0,276.0,14.0,21.0,0.122,1.0,0.473
1006,1165.0,389.0,15.0,26.0,0.7,1.0,0.82
1006,257.0,360.0,25.0,32.0,0.557,1.0,0.734
1007,499.0,427.0,19.0,31.0,0.576,0.642,0.602
1008,778.0,559.0,25.0,37.0,0.759,1.0,0.855
1008,314.0,567.0,15.0,31.0,0.242,0.633,0.398
1008,321.0,289.0,14.0,26.0,0.118,0.714,0.356
1009,820.0,598.0,27.0,43.0,0.666,0.951,0.78
1011,344.0,529.0,15.0,28.0,0.202,1.0,0.521
1012,784.0,594.0,26.0,47.0,0.536,0.481,0.514
1013,226.0,258.0,14.0,22.0,0.248,1.0,0.549
1016,997.0,470.0,16.0,23.0,0.485,0.951,0.671
1017,993.0,372.0,14.0,22.0,0.125,0.852,0.416
1018,972.0,369.0,13.0,21.0,0.159,0.716,0.382
1018,977.0,371.0,20.0,29.0,0.146,0.407,0.251
1019,982.0,352.0,12.0,21.0,0.269,0.815,0.488
1021,537.0,271.0,14.0,24.0,0.103,0.926,0.432
1022,549.0,282.0,10.0,22.0,0.225,0.469,0.323
1028,677.0,273.0,9.0,17.0,0.309,0.429,0.357
1032,691.0,267.0,18.0,22.0,0.164,0.469,0.286
1034,648.0,238.0,13.0,22.0,0.552,1.0,0.731
1039,484.0,324.0,11.0,20.0,0.102,0.728,0.353
1040,772.0,340.0,11.0,22.0,0.181,0.617,0.356
1041,780.0,343.0,14.0,24.0,0.57,0.889,0.697
1044,460.0,264.0,12.0,24.0,0.37,0.49,0.418
1045,609.0,341.0,19.0,33.0,0.132,0.642,0.336
1046,701.0,413.0,15.0,29.0,0.218,0.432,0.303
1049,567.0,322.0,15.0,23.0,0.636,0.429,0.553
1050,838.0,455.0,18.0,30.0,0.38,1.0,0.628
1050,586.0,323.0,17.0,22.0,0.106,0.612,0.309
1051,609.0,327.0,18.0,27.0,0.775,0.469,0.653
1052,642.0,332.0,18.0,28.0,0.797,0.654,0.74
1053,658.0,334.0,18.0,29.0,0.836,0.975,0.892
1053,432.0,458.0,24.0,37.0,0.151,0.444,0.268
1054,705.0,343.0,15.0,26.0,0.724,0.42,0.603
1054,858.0,463.0,17.0,31.0,0.162,1.0,0.497
1055,716.0,350.0,18.0,28.0,0.791,0.432,0.648
1056,724.0,353.0,15.0,23.0,0.77,0.617,0.709
1057,722.0,355.0,15.0,24.0,0.588,0.494,0.55
1058,716.0,359.0,17.0,23.0,0.514,0.593,0.545
1058,883.0,321.0,11.0,20.0,0.207,0.617,0.371
1059,707.0,363.0,21.0,32.0,0.18,0.432,0.281
1061,681.0,369.0,18.0,24.0,0.546,0.653,0.589
1062,663.0,373.0,16.0,23.0,0.748,0.852,0.79
1063,652.0,376.0,15.0,22.0,0.274,0.778,0.476
1064,642.0,381.0,15.0,24.0,0.608,0.531,0.577
1065,643.0,381.0,16.0,24.0,0.645,0.633,0.64
1070,717.0,442.0,15.0,28.0,0.367,0.857,0.563
1070,777.0,455.0,15.0,28.0,0.175,0.716,0.392
1070,108.0,323.0,15.0,21.0,0.108,0.592,0.302
1072,115.0,321.0,13.0,19.0,0.105,0.633,0.316
1073,634.0,379.0,13.0,22.0,0.324,0.975,0.585
1078,700.0,370.0,16.0,23.0,0.784,0.877,0.821
1078,825.0,354.0,14.0,21.0,0.485,0.408,0.454
1078,366.0,426.0,14.0,23.0,0.369,0.457,0.404
1079,372.0,426.0,14.0,23.0,0.517,0.551,0.531
1079,701.0,367.0,13.0,21.0,0.219,0.765,0.438
1079,184.0,301.0,12.0,17.0,0.183,0.543,0.327
1079,837.0,352.0,11.0,19.0,0.168,0.42,0.268
1080,707.0,363.0,17.0,25.0,0.55,0.429,0.502
1080,187.0,298.0,13.0,17.0,0.133,0.58,0.312
1080,641.0,401.0,15.0,25.0,0.107,0.551,0.285
1081,710.0,363.0,14.0,22.0,0.35,0.84,0.546
1081,194.0,297.0,13.0,17.0,0.132,0.642,0.336
1082,710.0,359.0,16.0,27.0,0.633,0.42,0.548
1082,199.0,297.0,14.0,18.0,0.372,0.901,0.584
1082,562.0,456.0,20.0,34.0,0.296,0.914,0.543
1083,701.0,361.0,16.0,23.0,0.362,0.42,0.385
1083,506.0,453.0,16.0,26.0,0.146,0.449,0.267
1084,694.0,358.0,20.0,31.0,0.805,0.714,0.769
1084,218.0,294.0,13.0,19.0,0.308,0.556,0.407
1085,692.0,363.0,22.0,34.0,0.806,0.673,0.753
1085,234.0,294.0,12.0,18.0,0.348,0.753,0.51
1086,689.0,365.0,22.0,31.0,0.812,0.898,0.846
1087,691.0,366.0,19.0,30.0,0.776,0.776,0.776
1088,691.0,368.0,17.0,29.0,0.779,0.694,0.745
1089,692.0,367.0,18.0,34.0,0.736,0.444,0.62
1090,694.0,368.0,20.0,31.0,0.857,0.469,0.702
1090,473.0,365.0,14.0,26.0,0.497,0.815,0.624
1091,693.0,369.0,19.0,31.0,0.752,0.857,0.794
1092,696.0,370.0,18.0,30.0,0.889,0.469,0.721
1093,712.0,374.0,16.0,28.0,0.147,0.408,0.251
1093,761.0,266.0,12.0,21.0,0.105,0.593,0.3
1094,722.0,368.0,15.0,27.0,0.567,0.63,0.592
1095,732.0,366.0,16.0,27.0,0.675,0.506,0.607
1096,754.0,360.0,17.0,31.0,0.523,0.469,0.501
1097,781.0,355.0,15.0,25.0,0.758,0.889,0.81
1097,614.0,292.0,9.0,18.0,0.29,0.429,0.345
1101,997.0,309.0,11.0,23.0,0.239,0.481,0.336
1102,1082.0,308.0,15.0,25.0,0.572,0.568,0.57
1103,1143.0,312.0,13.0,25.0,0.218,0.765,0.437
1103,1108.0,293.0,16.0,26.0,0.209,0.802,0.446
1112,1162.0,305.0,16.0,26.0,0.104,0.654,0.324
1116,977.0,326.0,18.0,29.0,0.178,0.469,0.294
1120,956.0,388.0,16.0,25.0,0.788,0.765,0.779
1121,956.0,390.0,15.0,26.0,0.144,1.0,0.486
1128,969.0,409.0,20.0,37.0,0.145,0.765,0.393
1131,942.0,422.0,20.0,31.0,0.421,1.0,0.652
1132,926.0,430.0,20.0,32.0,0.447,1.0,0.668
1133,898.0,422.0,21.0,34.0,0.725,1.0,0.835
1133,398.0,351.0,17.0,28.0,0.121,0.914,0.438
1133,403.0,350.0,22.0,30.0,0.12,0.778,0.383
1134,878.0,429.0,22.0,34.0,0.571,1.0,0.743
1135,856.0,432.0,22.0,31.0,0.7,1.0,0.82
1136,833.0,437.0,21.0,33.0,0.837,1.0,0.902
1136,427.0,352.0,15.0,28.0,0.2,0.432,0.293
1137,814.0,440.0,23.0,35.0,0.712,1.0,0.827
1138,796.0,433.0,22.0,33.0,0.371,1.0,0.622
1138,466.0,348.0,16.0,25.0,0.25,0.728,0.441
1139,782.0,431.0,22.0,37.0,0.517,0.728,0.601
1139,493.0,342.0,14.0,26.0,0.164,0.605,0.34
1140,782.0,431.0,22.0,37.0,0.522,0.728,0.605
1140,493.0,342.0,14.0,26.0,0.179,0.605,0.349
1141,779.0,417.0,20.0,31.0,0.87,1.0,0.922
1142,785.0,404.0,21.0,31.0,0.847,0.975,0.898
1143,806.0,387.0,17.0,28.0,0.829,0.741,0.794
1144,821.0,379.0,17.0,28.0,0.778,1.0,0.867
1145,870.0,359.0,14.0,26.0,0.753,1.0,0.852
1156,1176.0,365.0,16.0,25.0,0.702,0.816,0.748
1157,1165.0,362.0,15.0,25.0,0.402,0.49,0.437
1158,1163.0,362.0,15.0,25.0,0.591,0.408,0.518
1159,1161.0,364.0,14.0,24.0,0.628,0.531,0.589
1160,1166.0,363.0,15.0,24.0,0.127,0.469,0.264
1168,1197.0,342.0,14.0,21.0,0.515,1.0,0.709
1169,1217.0,343.0,15.0,25.0,0.165,0.481,0.292
1170,1226.0,345.0,15.0,22.0,0.748,0.429,0.62
1171,1243.0,349.0,13.0,21.0,0.668,0.58,0.633
1172,1271.0,350.0,14.0,21.0,0.462,0.802,0.598
1180,1064.0,333.0,8.0,29.0,0.123,0.429,0.245
1217,1092.0,226.0,11.0,21.0,0.542,0.432,0.498
1218,1093.0,226.0,12.0,22.0,0.614,0.481,0.561
1238,375.0,241.0,11.0,15.0,0.175,0.667,0.372
1252,1144.0,331.0,9.0,17.0,0.263,0.449,0.337
1269,950.0,303.0,11.0,19.0,0.307,0.84,0.52
1269,837.0,318.0,17.0,23.0,0.11,0.429,0.237
1271,520.0,418.0,12.0,21.0,0.166,0.926,0.47
1272,1274.0,330.0,11.0,27.0,0.158,0.827,0.425
1274,1143.0,325.0,16.0,25.0,0.537,0.593,0.559
1275,1061.0,280.0,12.0,22.0,0.522,0.444,0.491
1275,1105.0,332.0,18.0,30.0,0.347,0.889,0.564
1276,837.0,341.0,13.0,28.0,0.534,0.556,0.543
1281,872.0,282.0,17.0,22.0,0.318,0.469,0.378
1285,774.0,281.0,12.0,20.0,0.29,0.827,0.505
1286,782.0,330.0,19.0,26.0,0.417,1.0,0.65
1287,230.0,284.0,13.0,22.0,0.107,0.857,0.407
1288,244.0,406.0,15.0,23.0,0.181,0.673,0.378
1289,1014.0,322.0,9.0,23.0,0.398,0.714,0.525
1290,666.0,282.0,17.0,24.0,0.733,0.951,0.82
1291,646.0,280.0,17.0,22.0,0.466,0.642,0.537
1292,637.0,279.0,16.0,24.0,0.284,0.457,0.353
1293,629.0,278.0,12.0,22.0,0.666,1.0,0.799
1294,627.0,274.0,17.0,26.0,0.192,1.0,0.515
1294,564.0,421.0,18.0,36.0,0.153,0.42,0.26
1295,632.0,276.0,10.0,17.0,0.267,0.864,0.506
1296,647.0,275.0,9.0,20.0,0.433,0.543,0.477
1296,822.0,391.0,16.0,26.0,0.253,0.938,0.527
1296,966.0,400.0,14.0,26.0,0.201,0.543,0.338
1299,888.0,309.0,13.0,20.0,0.12,0.429,0.243
1302,747.0,266.0,16.0,28.0,0.624,0.568,0.602
1303,774.0,259.0,13.0,22.0,0.8,0.753,0.781
1305,921.0,394.0,17.0,36.0,0.77,0.429,0.634
1305,913.0,337.0,17.0,27.0,0.102,0.469,0.249
1308,909.0,260.0,12.0,24.0,0.689,0.592,0.65
1309,934.0,405.0,14.0,24.0,0.308,0.889,0.54
1309,903.0,299.0,10.0,22.0,0.104,0.429,0.234
1310,903.0,292.0,10.0,19.0,0.337,0.667,0.469
1316,1031.0,298.0,13.0,21.0,0.622,0.429,0.545
1322,1046.0,306.0,14.0,22.0,0.362,0.593,0.454
1333,1206.0,559.0,17.0,25.0,0.205,0.975,0.513
1338,630.0,345.0,11.0,19.0,0.101,0.481,0.253
1342,697.0,259.0,10.0,18.0,0.361,0.457,0.399
1342,697.0,348.0,15.0,34.0,0.247,0.531,0.36
1343,834.0,366.0,11.0,19.0,0.216,0.469,0.317
1344,615.0,285.0,13.0,20.0,0.579,0.571,0.576
1346,631.0,332.0,16.0,29.0,0.442,0.592,0.502
1347,646.0,328.0,14.0,28.0,0.367,0.506,0.422
1348,666.0,352.0,9.0,20.0,0.489,0.605,0.536
1352,726.0,301.0,13.0,18.0,0.437,1.0,0.662
1352,597.0,271.0,14.0,16.0,0.436,0.852,0.602
1353,666.0,385.0,17.0,28.0,0.323,0.84,0.53
1359,666.0,335.0,18.0,25.0,0.328,0.673,0.466
1362,857.0,324.0,14.0,28.0,0.146,0.951,0.468
1362,838.0,245.0,10.0,17.0,0.104,0.42,0.23
1363,696.0,320.0,17.0,26.0,0.1,0.691,0.337
1364,869.0,469.0,13.0,19.0,0.17,1.0,0.502
1365,765.0,393.0,16.0,30.0,0.253,0.408,0.315
1365,696.0,223.0,13.0,17.0,0.156,0.429,0.265
1366,615.0,239.0,12.0,19.0,0.646,0.778,0.699
1367,954.0,266.0,15.0,24.0,0.129,0.432,0.25
1369,696.0,525.0,17.0,28.0,0.436,0.918,0.629
1369,807.0,189.0,18.0,31.0,0.391,0.429,0.406
1369,783.0,454.0,24.0,47.0,0.154,0.407,0.255
1370,660.0,435.0,13.0,25.0,0.466,0.852,0.62
1370,657.0,437.0,11.0,22.0,0.126,0.469,0.263
1372,791.0,369.0,20.0,38.0,0.238,0.449,0.322
1374,392.0,316.0,13.0,24.0,0.594,0.444,0.534
1375,586.0,416.0,19.0,32.0,0.609,0.449,0.545
1376,489.0,344.0,12.0,20.0,0.58,0.852,0.689
1376,628.0,241.0,19.0,25.0,0.461,0.889,0.632
1376,568.0,263.0,10.0,21.0,0.292,1.0,0.575
1377,487.0,333.0,15.0,22.0,0.119,0.778,0.383
1378,332.0,370.0,15.0,26.0,0.308,0.519,0.392
1379,460.0,321.0,17.0,29.0,0.552,0.494,0.529
1379,505.0,382.0,16.0,30.0,0.361,0.827,0.548
1379,296.0,372.0,13.0,26.0,0.3,0.592,0.417
1380,296.0,371.0,13.0,25.0,0.456,0.673,0.543
1380,460.0,321.0,16.0,27.0,0.365,0.444,0.397
1380,436.0,350.0,11.0,19.0,0.206,0.778,0.435
1381,312.0,423.0,15.0,26.0,0.178,1.0,0.507
1381,454.0,324.0,12.0,25.0,0.175,0.975,0.495
1383,396.0,278.0,16.0,25.0,0.246,0.568,0.375
1387,441.0,385.0,17.0,27.0,0.327,0.51,0.4
1391,568.0,401.0,15.0,23.0,0.234,0.469,0.328
1397,370.0,441.0,17.0,27.0,0.262,0.802,0.478
1398,375.0,444.0,16.0,27.0,0.297,0.926,0.548
1402,362.0,342.0,17.0,29.0,0.612,0.444,0.545
1404,773.0,326.0,15.0,27.0,0.262,0.408,0.321
1404,803.0,397.0,20.0,41.0,0.121,0.432,0.245
1405,822.0,402.0,18.0,34.0,0.202,0.568,0.348
1406,435.0,508.0,16.0,28.0,0.107,0.407,0.227
1407,357.0,310.0,12.0,21.0,0.451,0.408,0.434
1407,801.0,312.0,16.0,23.0,0.245,0.531,0.359
1408,358.0,305.0,14.0,25.0,0.683,0.963,0.795
1409,359.0,303.0,13.0,21.0,0.621,0.691,0.649
1409,519.0,367.0,15.0,26.0,0.607,0.63,0.616
1410,366.0,303.0,14.0,23.0,0.276,0.815,0.491
1410,366.0,308.0,12.0,22.0,0.18,1.0,0.508
1410,1005.0,569.0,15.0,29.0,0.122,0.531,0.285
1411,376.0,303.0,12.0,22.0,0.733,0.642,0.697
1412,390.0,304.0,13.0,22.0,0.778,0.878,0.818
1412,421.0,410.0,16.0,25.0,0.351,0.605,0.453
1412,420.0,414.0,17.0,34.0,0.118,0.543,0.288
1413,490.0,465.0,19.0,32.0,0.236,0.556,0.364
1414,500.0,458.0,18.0,32.0,0.453,1.0,0.672
1414,411.0,314.0,19.0,32.0,0.223,0.481,0.326
1416,458.0,309.0,16.0,27.0,0.197,0.592,0.355
1417,460.0,310.0,16.0,24.0,0.337,0.51,0.406
1417,534.0,462.0,13.0,24.0,0.118,0.551,0.291
1418,465.0,311.0,15.0,22.0,0.151,0.457,0.273
1418,747.0,413.0,22.0,36.0,0.103,0.63,0.314
1419,469.0,310.0,13.0,21.0,0.697,1.0,0.818
1420,472.0,310.0,15.0,25.0,0.357,0.852,0.555
1421,472.0,308.0,15.0,27.0,0.248,0.691,0.425
1422,471.0,307.0,15.0,26.0,0.554,0.51,0.537
1423,471.0,306.0,15.0,27.0,0.554,0.408,0.496
1423,996.0,697.0,14.0,27.0,0.43,0.951,0.638
1423,565.0,461.0,14.0,25.0,0.23,0.42,0.306
1424,471.0,306.0,15.0,26.0,0.645,0.667,0.654
1424,424.0,406.0,13.0,25.0,0.511,0.457,0.489
1425,471.0,306.0,15.0,26.0,0.701,0.667,0.687
1425,590.0,467.0,18.0,32.0,0.693,0.457,0.598
1425,423.0,403.0,14.0,22.0,0.61,0.918,0.733
1426,473.0,306.0,14.0,23.0,0.688,0.494,0.61
1426,423.0,402.0,13.0,21.0,0.68,0.408,0.571
1426,589.0,465.0,16.0,30.0,0.663,0.918,0.765
1427,477.0,309.0,16.0,25.0,0.575,0.975,0.735
1428,486.0,313.0,15.0,21.0,0.744,1.0,0.846
1428,425.0,402.0,16.0,23.0,0.529,0.704,0.599
1429,498.0,313.0,13.0,23.0,0.496,0.469,0.485
1429,576.0,460.0,18.0,29.0,0.194,0.408,0.28
1430,506.0,314.0,14.0,23.0,0.471,0.457,0.466
1430,696.0,369.0,16.0,23.0,0.135,0.444,0.259
1431,509.0,315.0,15.0,24.0,0.636,0.556,0.604
1432,425.0,407.0,16.0,27.0,0.479,0.494,0.485
1432,581.0,466.0,13.0,23.0,0.384,0.531,0.442
1432,524.0,314.0,16.0,22.0,0.274,0.827,0.495
1432,693.0,380.0,17.0,31.0,0.107,0.543,0.281
1432,997.0,691.0,14.0,23.0,0.106,0.408,0.227
1433,1004.0,689.0,14.0,30.0,0.65,0.551,0.61
1433,425.0,411.0,19.0,31.0,0.366,0.494,0.417
1433,584.0,465.0,13.0,25.0,0.297,0.469,0.366
1433,529.0,315.0,14.0,22.0,0.14,0.889,0.44
1434,533.0,317.0,14.0,22.0,0.664,0.914,0.764
1434,427.0,409.0,18.0,33.0,0.487,0.469,0.48
1434,1010.0,688.0,16.0,29.0,0.347,0.673,0.478
1435,1012.0,688.0,18.0,32.0,0.808,0.469,0.673
1435,541.0,318.0,16.0,26.0,0.336,0.728,0.493
1435,587.0,461.0,14.0,26.0,0.161,0.571,0.325
1436,424.0,406.0,12.0,29.0,0.479,0.852,0.628
1437,559.0,312.0,12.0,23.0,0.719,0.815,0.757
1437,423.0,405.0,12.0,26.0,0.406,0.827,0.574
1438,563.0,313.0,13.0,22.0,0.592,0.728,0.647
1438,424.0,409.0,12.0,30.0,0.538,0.407,0.486
1438,588.0,462.0,14.0,25.0,0.146,0.633,0.341
1439,566.0,315.0,13.0,24.0,0.696,1.0,0.818
1439,588.0,463.0,12.0,23.0,0.474,0.556,0.507
1439,423.0,413.0,14.0,28.0,0.384,0.617,0.477
1440,559.0,305.0,15.0,25.0,0.315,1.0,0.589
1440,582.0,464.0,11.0,21.0,0.298,0.408,0.342
1440,1274.0,323.0,10.0,27.0,0.285,0.432,0.344
1441,1075.0,621.0,16.0,27.0,0.86,0.975,0.906
1441,585.0,466.0,13.0,25.0,0.608,0.571,0.593
1442,1078.0,617.0,14.0,26.0,0.701,0.519,0.628
1442,698.0,469.0,21.0,26.0,0.671,0.901,0.763
1442,585.0,464.0,13.0,25.0,0.484,0.449,0.47
1443,751.0,442.0,23.0,29.0,0.849,1.0,0.91
1443,585.0,462.0,12.0,25.0,0.243,0.408,0.309
1445,581.0,462.0,13.0,25.0,0.618,0.816,0.697
1446,798.0,491.0,19.0,29.0,0.782,0.857,0.812
1446,580.0,464.0,13.0,26.0,0.502,0.494,0.499
1447,801.0,458.0,21.0,33.0,0.821,0.408,0.656
1448,795.0,495.0,17.0,28.0,0.774,0.878,0.816
1449,825.0,512.0,15.0,26.0,0.259,0.42,0.323
1449,469.0,333.0,17.0,21.0,0.149,0.63,0.341
1449,1080.0,602.0,16.0,27.0,0.133,0.49,0.276
1450,793.0,470.0,21.0,29.0,0.752,0.852,0.792
1451,800.0,450.0,23.0,34.0,0.831,0.776,0.809
1451,826.0,511.0,15.0,27.0,0.711,0.918,0.794
1452,804.0,461.0,22.0,34.0,0.828,0.728,0.788
1452,1083.0,600.0,14.0,26.0,0.73,0.571,0.667
1453,1084.0,599.0,15.0,27.0,0.753,0.714,0.737
1453,796.0,451.0,24.0,29.0,0.253,0.531,0.364
1453,822.0,513.0,16.0,28.0,0.103,0.571,0.291
1454,1082.0,597.0,15.0,25.0,0.75,0.429,0.621
1454,802.0,463.0,22.0,35.0,0.748,0.633,0.702
1455,1084.0,597.0,14.0,25.0,0.785,0.429,0.643
1455,828.0,512.0,17.0,30.0,0.724,0.667,0.701
1455,807.0,460.0,17.0,22.0,0.304,0.728,0.474
1456,1085.0,598.0,14.0,26.0,0.724,0.571,0.663
1456,829.0,512.0,16.0,30.0,0.562,0.667,0.604
1457,1085.0,598.0,15.0,26.0,0.672,0.857,0.746
1458,423.0,346.0,14.0,24.0,0.136,0.926,0.452
1459,822.0,498.0,12.0,23.0,0.132,0.667,0.346
1459,424.0,347.0,15.0,23.0,0.102,0.877,0.412
1461,1094.0,603.0,15.0,25.0,0.704,0.408,0.586
1461,831.0,513.0,16.0,29.0,0.455,0.605,0.515
1462,504.0,67.0,17.0,24.0,0.72,0.571,0.661
1462,1094.0,605.0,15.0,27.0,0.669,0.691,0.678
1462,423.0,400.0,11.0,22.0,0.605,0.667,0.63
1462,804.0,332.0,15.0,22.0,0.129,1.0,0.478
1463,1093.0,606.0,15.0,26.0,0.648,0.679,0.661
1463,423.0,402.0,11.0,23.0,0.646,0.667,0.654
1463,422.0,405.0,12.0,30.0,0.213,0.556,0.35
1464,423.0,404.0,11.0,27.0,0.718,0.667,0.698
1464,1094.0,609.0,16.0,26.0,0.585,0.84,0.687
1465,422.0,401.0,9.0,20.0,0.467,0.506,0.483
1466,650.0,363.0,18.0,28.0,0.813,1.0,0.888
1466,1091.0,609.0,15.0,26.0,0.765,0.506,0.661
1466,479.0,495.0,21.0,38.0,0.521,1.0,0.712
1466,421.0,402.0,9.0,21.0,0.162,0.642,0.354
1467,1092.0,609.0,16.0,26.0,0.778,0.691,0.744
1467,1274.0,326.0,11.0,26.0,0.254,0.802,0.474
1468,1093.0,608.0,16.0,25.0,0.648,0.864,0.735
1468,763.0,366.0,15.0,27.0,0.314,0.815,0.514
1469,1093.0,608.0,16.0,23.0,0.343,0.691,0.482
1471,714.0,404.0,18.0,25.0,0.826,0.49,0.692
1472,1147.0,527.0,14.0,28.0,0.673,0.79,0.72
1473,833.0,516.0,21.0,33.0,0.622,0.449,0.553
1473,890.0,371.0,12.0,26.0,0.581,0.429,0.52
1473,1146.0,515.0,13.0,29.0,0.265,1.0,0.559
1473,1274.0,324.0,11.0,28.0,0.158,0.593,0.332
1474,1274.0,324.0,11.0,28.0,0.245,0.58,0.379
1474,890.0,369.0,14.0,32.0,0.112,0.429,0.239
1475,432.0,346.0,20.0,26.0,0.476,0.63,0.537
1475,1108.0,623.0,17.0,27.0,0.397,0.531,0.45
1475,424.0,398.0,12.0,21.0,0.345,0.494,0.404
1475,875.0,431.0,17.0,29.0,0.137,0.429,0.254
1475,1275.0,325.0,10.0,28.0,0.109,0.568,0.292
1476,1108.0,623.0,16.0,26.0,0.443,0.612,0.511
1477,1107.0,623.0,16.0,26.0,0.417,0.429,0.422
1478,424.0,351.0,17.0,27.0,0.126,0.494,0.273
1481,1274.0,325.0,11.0,28.0,0.135,0.407,0.244
1482,1274.0,324.0,11.0,28.0,0.339,0.531,0.416
1483,1274.0,325.0,11.0,28.0,0.262,0.531,0.37
1484,1274.0,325.0,11.0,28.0,0.206,0.531,0.336
1485,1274.0,325.0,11.0,28.0,0.231,0.531,0.351
1486,1274.0,325.0,11.0,28.0,0.271,0.531,0.375
1487,1274.0,325.0,11.0,28.0,0.178,0.531,0.319
1488,1274.0,325.0,11.0,28.0,0.166,0.531,0.312
1489,518.0,487.0,14.0,28.0,0.327,1.0,0.596
1489,1274.0,325.0,11.0,28.0,0.167,0.531,0.312
1489,728.0,318.0,16.0,24.0,0.125,0.63,0.327
1490,1274.0,325.0,11.0,28.0,0.19,0.531,0.327
1491,1109.0,625.0,15.0,24.0,0.412,0.741,0.544
1491,1274.0,325.0,11.0,28.0,0.164,0.531,0.311
1492,1110.0,625.0,16.0,24.0,0.532,0.551,0.54
1492,1274.0,325.0,11.0,28.0,0.246,0.506,0.35
1492,521.0,304.0,15.0,30.0,0.192,0.444,0.293
1493,1110.0,625.0,16.0,24.0,0.445,0.551,0.487
1493,521.0,304.0,15.0,29.0,0.436,0.42,0.429
1493,1274.0,325.0,11.0,28.0,0.276,0.506,0.368
1494,1111.0,622.0,15.0,25.0,0.352,0.571,0.44
1494,521.0,305.0,15.0,28.0,0.285,0.531,0.383
1494,1274.0,325.0,11.0,28.0,0.195,0.506,0.319
1495,1110.0,619.0,15.0,24.0,0.681,0.633,0.662
1495,522.0,304.0,16.0,29.0,0.533,0.571,0.548
1495,1274.0,325.0,11.0,28.0,0.2,0.506,0.323
1496,1109.0,618.0,14.0,22.0,0.454,0.642,0.529
1496,1274.0,325.0,11.0,28.0,0.215,0.506,0.332
1496,874.0,433.0,15.0,34.0,0.165,0.408,0.262
1497,1111.0,615.0,14.0,23.0,0.517,0.642,0.567
1497,1274.0,325.0,11.0,30.0,0.272,0.506,0.366
1497,473.0,403.0,18.0,24.0,0.18,0.755,0.41
1498,1274.0,324.0,11.0,28.0,0.489,0.506,0.496
1498,1113.0,617.0,12.0,22.0,0.11,0.667,0.332
1499,1274.0,324.0,11.0,30.0,0.446,0.506,0.47
1499,539.0,369.0,15.0,23.0,0.1,0.49,0.256
1500,1274.0,323.0,11.0,29.0,0.438,0.531,0.475
1500,533.0,352.0,15.0,23.0,0.406,0.852,0.584
1500,1115.0,614.0,14.0,25.0,0.168,0.735,0.395
1501,429.0,402.0,16.0,22.0,0.501,0.408,0.464
1501,534.0,351.0,16.0,24.0,0.378,0.716,0.513
1501,1274.0,324.0,11.0,30.0,0.157,0.506,0.297
1502,534.0,351.0,16.0,25.0,0.573,0.975,0.734
1503,585.0,468.0,14.0,29.0,0.547,0.432,0.501
1503,530.0,353.0,15.0,24.0,0.367,0.926,0.591
1504,525.0,355.0,15.0,25.0,0.728,1.0,0.837
1504,873.0,431.0,13.0,26.0,0.446,0.914,0.633
1504,838.0,371.0,11.0,17.0,0.11,0.469,0.254
1505,525.0,355.0,15.0,26.0,0.596,1.0,0.758
1506,534.0,353.0,14.0,23.0,0.293,1.0,0.576
1507,537.0,352.0,15.0,23.0,0.396,0.926,0.608
1511,662.0,435.0,19.0,25.0,0.849,1.0,0.909
1512,767.0,460.0,25.0,30.0,0.325,0.901,0.555
1512,867.0,432.0,19.0,45.0,0.141,0.429,0.256
1517,788.0,491.0,20.0,30.0,0.5,0.633,0.553
1517,782.0,376.0,14.0,24.0,0.301,1.0,0.58
1518,791.0,475.0,22.0,34.0,0.82,1.0,0.892
1519,797.0,451.0,20.0,30.0,0.862,1.0,0.917
1520,798.0,513.0,16.0,25.0,0.274,0.49,0.36
1521,807.0,454.0,18.0,29.0,0.786,0.469,0.659
1521,1100.0,601.0,16.0,32.0,0.121,0.49,0.269
1522,783.0,458.0,19.0,28.0,0.199,0.755,0.422
1523,1092.0,608.0,17.0,27.0,0.486,0.408,0.455
1524,1093.0,610.0,17.0,26.0,0.156,0.429,0.265
1525,1090.0,612.0,19.0,28.0,0.541,0.469,0.513
1526,803.0,452.0,19.0,29.0,0.792,0.864,0.821
1526,1092.0,612.0,18.0,29.0,0.524,0.449,0.494
1527,798.0,454.0,19.0,26.0,0.384,0.778,0.542
1527,1093.0,608.0,17.0,29.0,0.309,0.469,0.373
1527,802.0,452.0,22.0,28.0,0.102,0.951,0.442
1528,789.0,466.0,27.0,34.0,0.279,0.714,0.453
1528,1094.0,607.0,15.0,29.0,0.12,0.556,0.294
1529,663.0,381.0,15.0,24.0,0.214,0.42,0.297
1531,698.0,401.0,14.0,27.0,0.607,0.469,0.552
1533,465.0,85.0,20.0,28.0,0.484,0.694,0.568
1533,740.0,492.0,20.0,23.0,0.154,0.753,0.394
1534,780.0,484.0,15.0,26.0,0.28,0.918,0.536
1534,1273.0,329.0,11.0,24.0,0.107,0.571,0.293
1535,1274.0,329.0,10.0,24.0,0.109,0.444,0.243
1536,1008.0,437.0,21.0,32.0,0.153,0.642,0.349
1537,997.0,589.0,15.0,24.0,0.217,0.857,0.473
1539,1005.0,508.0,13.0,33.0,0.191,0.531,0.327
1540,1004.0,507.0,13.0,34.0,0.127,0.633,0.329
1541,346.0,284.0,16.0,27.0,0.451,0.457,0.453
1541,440.0,335.0,12.0,23.0,0.156,0.741,0.39
1544,342.0,423.0,14.0,22.0,0.247,0.889,0.504
1546,732.0,422.0,19.0,24.0,0.332,1.0,0.599
1546,834.0,468.0,19.0,26.0,0.186,0.444,0.289
1548,860.0,355.0,16.0,25.0,0.403,0.679,0.513
1550,902.0,297.0,15.0,22.0,0.444,0.605,0.508
1550,731.0,402.0,14.0,22.0,0.172,0.51,0.307
1553,859.0,389.0,16.0,27.0,0.683,0.408,0.573
1554,805.0,258.0,11.0,22.0,0.112,0.673,0.337
1555,863.0,491.0,29.0,38.0,0.358,0.778,0.526
1556,791.0,365.0,17.0,30.0,0.615,0.716,0.655
1556,792.0,371.0,21.0,46.0,0.22,0.963,0.517
1556,883.0,499.0,23.0,44.0,0.19,1.0,0.514
1556,876.0,475.0,18.0,24.0,0.182,0.755,0.411
1557,914.0,519.0,14.0,25.0,0.113,0.444,0.246
1559,795.0,416.0,22.0,34.0,0.147,0.716,0.375
1560,879.0,470.0,18.0,32.0,0.572,0.735,0.637
1560,601.0,338.0,11.0,24.0,0.298,0.716,0.465
1563,774.0,374.0,14.0,24.0,0.448,0.51,0.473
1563,505.0,480.0,20.0,26.0,0.354,0.704,0.494
1563,842.0,308.0,12.0,22.0,0.304,0.79,0.498
1564,369.0,477.0,20.0,30.0,0.448,1.0,0.669
1565,294.0,478.0,22.0,31.0,0.568,1.0,0.741
1565,393.0,462.0,16.0,29.0,0.368,0.612,0.466
1565,700.0,342.0,15.0,21.0,0.105,0.408,0.226
1566,249.0,426.0,18.0,29.0,0.845,1.0,0.907
1566,309.0,417.0,12.0,22.0,0.162,0.49,0.293
1567,195.0,401.0,24.0,36.0,0.851,0.432,0.683
1567,403.0,371.0,20.0,37.0,0.368,1.0,0.621
1567,315.0,448.0,14.0,28.0,0.18,1.0,0.508
1567,282.0,400.0,15.0,23.0,0.134,0.691,0.357
1568,177.0,380.0,25.0,32.0,0.521,0.407,0.476
1569,226.0,422.0,17.0,27.0,0.465,0.704,0.56
1569,407.0,272.0,11.0,25.0,0.114,0.58,0.301
1570,225.0,421.0,17.0,27.0,0.453,0.654,0.534
1570,699.0,378.0,13.0,21.0,0.198,0.531,0.331
1572,491.0,516.0,20.0,27.0,0.813,1.0,0.888
1574,648.0,372.0,16.0,37.0,0.272,0.926,0.533
1574,405.0,410.0,13.0,23.0,0.254,0.704,0.434
1575,454.0,445.0,15.0,25.0,0.551,0.864,0.676
1576,375.0,491.0,16.0,24.0,0.661,0.778,0.707
1577,617.0,337.0,12.0,24.0,0.61,0.926,0.737
1577,695.0,357.0,14.0,18.0,0.166,0.633,0.353
1577,694.0,361.0,13.0,22.0,0.115,0.469,0.257
1578,376.0,378.0,15.0,28.0,0.794,0.654,0.738
1579,441.0,325.0,13.0,20.0,0.461,0.765,0.583
1580,725.0,349.0,24.0,26.0,0.194,0.988,0.512
1581,358.0,481.0,17.0,27.0,0.22,0.926,0.503
1583,472.0,370.0,18.0,20.0,0.473,1.0,0.684
1583,659.0,381.0,15.0,26.0,0.161,0.481,0.289
1585,819.0,302.0,11.0,18.0,0.11,0.901,0.426
1587,378.0,302.0,12.0,15.0,0.274,0.568,0.392
1588,389.0,283.0,15.0,22.0,0.213,0.531,0.34
1593,271.0,415.0,20.0,30.0,0.758,1.0,0.855
1594,295.0,438.0,12.0,28.0,0.178,0.444,0.285
1595,355.0,253.0,12.0,21.0,0.111,0.556,0.289
1596,382.0,512.0,18.0,31.0,0.321,0.653,0.454
1601,579.0,202.0,20.0,35.0,0.505,0.802,0.624
1601,801.0,621.0,23.0,35.0,0.489,1.0,0.693
1602,813.0,549.0,25.0,33.0,0.822,0.914,0.858
1602,200.0,304.0,14.0,26.0,0.493,0.429,0.467
1602,1036.0,356.0,17.0,28.0,0.278,0.469,0.355
1605,947.0,458.0,20.0,24.0,0.369,0.408,0.384
1607,968.0,347.0,14.0,27.0,0.506,0.63,0.555
1611,1011.0,320.0,13.0,23.0,0.498,0.877,0.649
1611,477.0,285.0,18.0,21.0,0.136,0.975,0.472
1614,486.0,481.0,13.0,25.0,0.251,0.481,0.343
1614,624.0,282.0,16.0,20.0,0.117,0.51,0.274
1617,761.0,361.0,18.0,32.0,0.351,0.432,0.383
1617,796.0,276.0,13.0,20.0,0.191,0.51,0.319
1621,387.0,351.0,15.0,27.0,0.526,0.617,0.563
1621,519.0,367.0,15.0,33.0,0.357,0.889,0.57
1621,410.0,531.0,16.0,30.0,0.18,0.959,0.492
1622,668.0,347.0,18.0,25.0,0.721,0.556,0.655
1623,363.0,354.0,16.0,25.0,0.334,0.716,0.487
1623,354.0,678.0,40.0,52.0,0.217,0.816,0.457
1633,616.0,240.0,12.0,18.0,0.308,0.802,0.506
1635,645.0,243.0,10.0,16.0,0.106,0.469,0.251
1637,709.0,272.0,15.0,24.0,0.813,0.612,0.733
1638,755.0,313.0,15.0,22.0,0.231,1.0,0.539
1638,663.0,334.0,14.0,19.0,0.152,0.857,0.434
1639,794.0,274.0,17.0,25.0,0.629,0.449,0.557
1639,600.0,222.0,14.0,21.0,0.182,0.673,0.379
1639,678.0,326.0,12.0,23.0,0.175,0.506,0.308
1641,817.0,351.0,19.0,29.0,0.11,0.852,0.407
1644,834.0,324.0,18.0,26.0,0.352,0.694,0.489
1644,836.0,325.0,20.0,32.0,0.191,0.408,0.278
1647,766.0,341.0,20.0,28.0,0.131,1.0,0.478
1648,770.0,364.0,21.0,27.0,0.164,0.49,0.294
1651,103.0,322.0,13.0,25.0,0.136,0.765,0.388
1652,194.0,336.0,14.0,20.0,0.134,1.0,0.48
1653,722.0,452.0,21.0,30.0,0.517,0.605,0.552
1654,748.0,395.0,15.0,27.0,0.813,0.864,0.833
1654,902.0,191.0,10.0,21.0,0.101,0.653,0.322
1655,750.0,403.0,21.0,28.0,0.805,0.704,0.764
1655,391.0,368.0,13.0,24.0,0.134,0.714,0.366
1655,764.0,353.0,12.0,19.0,0.119,0.778,0.383
1657,645.0,393.0,17.0,28.0,0.528,0.51,0.521
1658,391.0,396.0,16.0,23.0,0.473,0.612,0.529
1658,315.0,321.0,13.0,20.0,0.244,0.704,0.428
1658,793.0,397.0,13.0,27.0,0.172,0.481,0.296
1660,672.0,455.0,19.0,29.0,0.214,0.741,0.424
1660,363.0,284.0,11.0,16.0,0.135,0.494,0.279
1660,691.0,397.0,13.0,24.0,0.106,0.556,0.286
1661,583.0,336.0,18.0,27.0,0.821,0.938,0.868
1662,633.0,339.0,13.0,24.0,0.224,0.444,0.312
1663,533.0,323.0,9.0,25.0,0.242,0.408,0.308
1666,328.0,302.0,13.0,22.0,0.628,0.42,0.544
1667,837.0,398.0,17.0,24.0,0.435,0.796,0.58
1667,617.0,366.0,16.0,26.0,0.132,0.753,0.38
1669,821.0,432.0,14.0,26.0,0.757,0.889,0.81
1669,534.0,315.0,13.0,22.0,0.379,1.0,0.627
1669,692.0,381.0,16.0,21.0,0.14,0.617,0.331
1671,307.0,331.0,13.0,19.0,0.164,0.556,0.321
1671,457.0,360.0,14.0,24.0,0.155,0.449,0.273
1673,358.0,364.0,10.0,21.0,0.168,0.543,0.318
1674,361.0,388.0,19.0,43.0,0.598,0.469,0.547
1674,374.0,333.0,12.0,23.0,0.321,0.679,0.464
1674,306.0,363.0,15.0,25.0,0.102,0.79,0.377
1675,389.0,386.0,15.0,26.0,0.288,0.827,0.503
1675,507.0,405.0,17.0,31.0,0.24,0.408,0.307
1675,394.0,457.0,17.0,27.0,0.117,1.0,0.47
1677,598.0,335.0,15.0,25.0,0.118,0.926,0.441
1687,368.0,337.0,15.0,24.0,0.185,0.407,0.274
1690,444.0,317.0,16.0,20.0,0.121,0.481,0.265
1691,666.0,309.0,14.0,19.0,0.266,0.444,0.338
1692,533.0,116.0,12.0,22.0,0.328,0.481,0.389
1694,634.0,337.0,12.0,23.0,0.286,0.429,0.343
1694,675.0,390.0,15.0,31.0,0.146,0.469,0.275
1695,770.0,419.0,15.0,18.0,0.102,0.714,0.347
1696,741.0,364.0,13.0,26.0,0.201,0.864,0.466
1697,742.0,364.0,14.0,26.0,0.2,0.815,0.446
1699,376.0,385.0,13.0,19.0,0.149,0.444,0.267
1700,566.0,430.0,13.0,19.0,0.345,1.0,0.607
1700,1081.0,274.0,17.0,32.0,0.205,0.531,0.335
1701,743.0,406.0,15.0,32.0,0.245,0.407,0.31
1702,869.0,388.0,11.0,21.0,0.23,0.51,0.342
1703,846.0,348.0,16.0,24.0,0.486,0.408,0.455
1703,838.0,259.0,12.0,19.0,0.222,0.815,0.459
1704,887.0,270.0,11.0,21.0,0.58,0.642,0.605
1705,477.0,351.0,14.0,25.0,0.228,1.0,0.537
1707,434.0,353.0,17.0,27.0,0.214,0.605,0.37
1708,452.0,410.0,17.0,24.0,0.626,0.901,0.736
1709,438.0,356.0,16.0,24.0,0.809,0.714,0.771
1709,395.0,294.0,10.0,21.0,0.198,1.0,0.519
1710,517.0,260.0,12.0,20.0,0.266,0.975,0.55
1711,358.0,179.0,10.0,21.0,0.111,0.556,0.289
1711,550.0,234.0,9.0,18.0,0.1,0.494,0.258
1712,748.0,275.0,12.0,20.0,0.26,0.753,0.457
1715,648.0,302.0,12.0,22.0,0.371,1.0,0.622
1719,202.0,301.0,12.0,20.0,0.101,0.444,0.239
1721,233.0,209.0,15.0,22.0,0.163,0.926,0.468
1722,1043.0,307.0,15.0,27.0,0.519,0.653,0.573
1723,551.0,395.0,13.0,21.0,0.352,0.877,0.562
1725,694.0,305.0,19.0,27.0,0.647,0.449,0.568
1728,1076.0,381.0,13.0,25.0,0.142,0.605,0.327
1736,731.0,261.0,10.0,16.0,0.297,1.0,0.578
1738,648.0,337.0,17.0,27.0,0.182,0.605,0.351
1740,485.0,429.0,16.0,25.0,0.129,0.444,0.255
1742,460.0,384.0,14.0,28.0,0.143,0.469,0.274
1744,412.0,334.0,15.0,25.0,0.196,0.429,0.289
1746,803.0,338.0,15.0,27.0,0.201,0.988,0.515
1747,692.0,259.0,10.0,20.0,0.206,0.407,0.287
1748,740.0,354.0,17.0,31.0,0.224,0.691,0.411
1749,772.0,250.0,12.0,23.0,0.18,0.568,0.335
1750,275.0,414.0,14.0,26.0,0.207,0.714,0.41
1752,306.0,503.0,18.0,32.0,0.592,0.951,0.735
1753,311.0,421.0,15.0,28.0,0.146,0.49,0.283
1754,272.0,500.0,21.0,34.0,0.41,1.0,0.646
1754,676.0,308.0,13.0,25.0,0.284,0.714,0.456
1755,681.0,263.0,16.0,23.0,0.768,1.0,0.861
1756,807.0,376.0,17.0,29.0,0.638,0.531,0.595
1756,804.0,290.0,14.0,23.0,0.33,1.0,0.598
1761,955.0,338.0,16.0,24.0,0.385,0.556,0.453
1762,666.0,218.0,13.0,20.0,0.528,0.506,0.519
1762,1005.0,476.0,15.0,28.0,0.27,1.0,0.562
1763,682.0,211.0,15.0,19.0,0.203,0.519,0.329
1766,679.0,254.0,14.0,22.0,0.485,0.506,0.493
1767,998.0,378.0,9.0,18.0,0.263,0.432,0.33
1768,934.0,348.0,16.0,22.0,0.375,0.429,0.397
1770,970.0,386.0,18.0,29.0,0.849,0.852,0.85
1771,295.0,232.0,10.0,20.0,0.161,0.926,0.467
1771,760.0,167.0,13.0,22.0,0.129,0.593,0.314
1772,260.0,223.0,14.0,23.0,0.169,0.407,0.264
1773,344.0,210.0,15.0,24.0,0.241,0.654,0.406
1773,761.0,240.0,12.0,23.0,0.192,0.704,0.397
1773,346.0,213.0,16.0,24.0,0.12,0.469,0.26
1774,105.0,321.0,10.0,20.0,0.188,0.765,0.419
1777,747.0,193.0,11.0,18.0,0.632,0.778,0.69
1777,119.0,310.0,14.0,29.0,0.162,0.408,0.261
1778,746.0,192.0,12.0,18.0,0.118,0.691,0.348
1779,749.0,195.0,12.0,20.0,0.18,0.481,0.301
1779,119.0,353.0,12.0,20.0,0.101,0.407,0.224
1780,757.0,243.0,13.0,21.0,0.413,1.0,0.648
1782,894.0,254.0,16.0,24.0,0.286,0.765,0.478
1784,151.0,337.0,14.0,18.0,0.219,1.0,0.531
1784,896.0,323.0,16.0,22.0,0.213,0.51,0.332
1786,949.0,308.0,15.0,21.0,0.383,0.449,0.409
1786,171.0,351.0,11.0,19.0,0.258,0.63,0.407
1787,716.0,223.0,13.0,21.0,0.133,0.407,0.243
1789,504.0,281.0,12.0,23.0,0.368,0.864,0.567
1791,764.0,433.0,17.0,25.0,0.103,0.778,0.373
1792,364.0,303.0,14.0,26.0,0.299,0.951,0.559
1795,890.0,405.0,15.0,23.0,0.113,0.679,0.339
1797,921.0,320.0,9.0,20.0,0.363,0.755,0.52
1798,536.0,400.0,11.0,23.0,0.496,0.926,0.668
1800,952.0,302.0,12.0,20.0,0.709,0.704,0.707
1804,920.0,318.0,11.0,18.0,0.309,0.408,0.349
1805,595.0,260.0,11.0,19.0,0.115,0.796,0.387
1813,615.0,323.0,23.0,27.0,0.168,0.551,0.321
1816,629.0,322.0,10.0,18.0,0.227,0.42,0.304
1817,915.0,463.0,21.0,32.0,0.877,0.432,0.699
1818,860.0,285.0,14.0,27.0,0.294,0.679,0.448
1818,904.0,460.0,22.0,29.0,0.266,0.704,0.441
1819,900.0,441.0,14.0,29.0,0.484,1.0,0.69
1820,841.0,486.0,19.0,35.0,0.673,0.49,0.6
1820,500.0,294.0,11.0,21.0,0.196,0.914,0.483
1821,921.0,298.0,13.0,20.0,0.296,0.42,0.346
1821,703.0,576.0,23.0,33.0,0.278,0.571,0.396
1821,737.0,469.0,17.0,31.0,0.218,0.741,0.427
1821,922.0,292.0,12.0,19.0,0.143,0.673,0.355
1822,627.0,513.0,16.0,26.0,0.504,0.951,0.683
1822,887.0,254.0,11.0,19.0,0.432,0.543,0.477
1823,616.0,429.0,15.0,30.0,0.168,0.827,0.432
1823,488.0,571.0,25.0,35.0,0.163,0.755,0.4
1823,859.0,258.0,15.0,26.0,0.109,0.857,0.408
1825,381.0,479.0,21.0,31.0,0.513,0.914,0.673
1825,403.0,415.0,13.0,20.0,0.185,1.0,0.511
1827,330.0,358.0,16.0,27.0,0.337,0.959,0.586
1828,362.0,335.0,16.0,21.0,0.731,0.58,0.671
1828,837.0,388.0,13.0,23.0,0.555,0.58,0.565
1829,355.0,342.0,15.0,23.0,0.25,0.642,0.407
1830,840.0,336.0,12.0,21.0,0.207,0.918,0.492
1831,840.0,337.0,13.0,24.0,0.197,0.959,0.502
1831,471.0,89.0,16.0,26.0,0.128,0.704,0.358
1836,906.0,349.0,13.0,23.0,0.111,0.407,0.23
1837,538.0,482.0,12.0,24.0,0.415,1.0,0.649
1839,296.0,391.0,14.0,26.0,0.231,0.556,0.361
1839,294.0,392.0,13.0,26.0,0.228,0.679,0.408
1843,401.0,348.0,14.0,18.0,0.427,0.815,0.582
1843,971.0,347.0,14.0,22.0,0.232,1.0,0.539
1844,583.0,268.0,15.0,24.0,0.352,0.673,0.481
1844,429.0,355.0,13.0,21.0,0.352,0.704,0.493
1848,602.0,401.0,17.0,22.0,0.178,1.0,0.507
1850,660.0,309.0,12.0,23.0,0.18,0.691,0.385
1851,794.0,292.0,14.0,19.0,0.118,0.444,0.248
1852,505.0,267.0,13.0,23.0,0.437,0.716,0.549
1853,498.0,256.0,13.0,26.0,0.244,0.531,0.359
1856,836.0,269.0,13.0,17.0,0.161,0.51,0.301
1859,1274.0,353.0,11.0,24.0,0.225,0.506,0.338
1860,883.0,396.0,19.0,29.0,0.389,0.444,0.411
1860,883.0,403.0,21.0,44.0,0.196,0.667,0.384
1860,883.0,408.0,25.0,54.0,0.164,0.593,0.336
1869,554.0,298.0,12.0,20.0,0.236,0.556,0.364
1869,885.0,248.0,10.0,22.0,0.17,0.519,0.309
1870,537.0,213.0,12.0,20.0,0.104,0.667,0.329
1877,599.0,341.0,14.0,24.0,0.161,0.449,0.276
1878,1013.0,395.0,13.0,31.0,0.75,0.568,0.677
1878,1173.0,304.0,16.0,28.0,0.144,0.429,0.258
1883,403.0,429.0,14.0,26.0,0.549,0.694,0.607
1883,698.0,454.0,19.0,25.0,0.159,0.852,0.436
1884,397.0,430.0,15.0,26.0,0.324,0.429,0.366
1885,1179.0,355.0,14.0,24.0,0.514,0.408,0.472
1886,951.0,401.0,15.0,23.0,0.549,0.776,0.64
1886,1186.0,360.0,11.0,22.0,0.165,0.556,0.321
1886,952.0,403.0,16.0,29.0,0.107,0.714,0.35
1890,101.0,201.0,15.0,18.0,0.319,0.444,0.369
1891,89.0,201.0,15.0,18.0,0.306,0.444,0.362
1892,86.0,201.0,15.0,19.0,0.387,0.49,0.428
1892,760.0,352.0,14.0,25.0,0.105,0.975,0.453
1893,981.0,289.0,15.0,21.0,0.62,1.0,0.772
1894,579.0,451.0,20.0,33.0,0.785,1.0,0.871
1901,212.0,203.0,13.0,18.0,0.404,0.673,0.512
1908,290.0,212.0,13.0,21.0,0.207,0.531,0.337
1909,321.0,216.0,15.0,19.0,0.463,0.49,0.474
1910,354.0,223.0,14.0,21.0,0.269,0.571,0.39
1924,381.0,230.0,17.0,26.0,0.183,0.593,0.347
1925,395.0,232.0,16.0,26.0,0.232,0.877,0.49
1926,409.0,238.0,15.0,25.0,0.268,0.914,0.526
1927,407.0,236.0,14.0,23.0,0.22,0.951,0.513
1928,403.0,235.0,15.0,21.0,0.112,0.79,0.383
1929,381.0,229.0,16.0,26.0,0.104,0.815,0.388
1931,331.0,217.0,14.0,30.0,0.154,0.901,0.453
1943,169.0,184.0,15.0,25.0,0.244,0.667,0.413
1945,246.0,198.0,14.0,25.0,0.231,0.444,0.317
1957,854.0,239.0,13.0,21.0,0.353,0.592,0.449
1958,286.0,204.0,14.0,20.0,0.188,0.407,0.276
1966,276.0,200.0,16.0,26.0,0.389,0.741,0.53
1970,233.0,210.0,16.0,24.0,0.176,0.49,0.301
1974,412.0,374.0,17.0,34.0,0.241,1.0,0.545
1974,419.0,385.0,22.0,31.0,0.186,0.939,0.487
1975,411.0,332.0,15.0,24.0,0.726,0.778,0.747
1976,427.0,331.0,13.0,24.0,0.717,0.694,0.708
1977,461.0,366.0,18.0,25.0,0.126,0.642,0.333
1980,446.0,379.0,18.0,31.0,0.692,0.408,0.578
1982,424.0,436.0,20.0,25.0,0.631,1.0,0.778
1984,426.0,461.0,20.0,33.0,0.506,0.429,0.475
1985,425.0,407.0,14.0,25.0,0.207,1.0,0.524
1986,435.0,402.0,17.0,26.0,0.288,1.0,0.573
1988,488.0,402.0,16.0,26.0,0.74,0.877,0.794
1990,756.0,342.0,17.0,34.0,0.561,0.679,0.608
1993,503.0,434.0,16.0,26.0,0.424,0.556,0.477
1998,1097.0,275.0,14.0,21.0,0.665,0.889,0.755
1999,809.0,348.0,20.0,38.0,0.129,0.444,0.255
1999,808.0,342.0,17.0,24.0,0.123,0.568,0.301
2001,663.0,161.0,13.0,20.0,0.348,0.776,0.519
2003,683.0,310.0,16.0,24.0,0.329,0.531,0.41
2004,664.0,435.0,22.0,41.0,0.381,0.889,0.584
2004,680.0,323.0,9.0,19.0,0.174,0.42,0.272
2007,972.0,335.0,13.0,19.0,0.363,0.914,0.583
2008,696.0,270.0,9.0,17.0,0.432,0.408,0.422
2008,985.0,336.0,14.0,22.0,0.1,0.988,0.455
2009,1003.0,459.0,14.0,27.0,0.133,0.988,0.475
2010,760.0,266.0,13.0,23.0,0.402,0.444,0.419
2014,780.0,274.0,13.0,25.0,0.421,0.877,0.603
2014,778.0,282.0,12.0,31.0,0.131,0.642,0.335
2015,725.0,275.0,9.0,24.0,0.383,0.605,0.472
2015,523.0,240.0,14.0,21.0,0.353,0.481,0.404
2016,633.0,369.0,17.0,29.0,0.398,0.815,0.565
2017,629.0,377.0,20.0,42.0,0.219,1.0,0.531
2019,425.0,468.0,17.0,30.0,0.599,0.469,0.547
2019,586.0,381.0,15.0,24.0,0.148,0.408,0.252
2021,437.0,376.0,14.0,27.0,0.214,0.605,0.37
2021,546.0,270.0,13.0,22.0,0.201,0.633,0.374
2022,668.0,367.0,14.0,21.0,0.457,0.531,0.486
2022,556.0,335.0,13.0,24.0,0.151,0.714,0.376
2022,460.0,381.0,15.0,30.0,0.131,0.741,0.375
2023,740.0,371.0,12.0,21.0,0.172,0.531,0.316
2024,527.0,508.0,18.0,27.0,0.291,0.617,0.422
2024,587.0,365.0,12.0,27.0,0.174,0.642,0.361
2026,745.0,371.0,16.0,23.0,0.528,0.469,0.505
2026,777.0,434.0,17.0,43.0,0.227,0.667,0.403
2027,734.0,370.0,15.0,25.0,0.655,0.914,0.758
2027,442.0,303.0,14.0,24.0,0.16,0.494,0.294
2028,717.0,366.0,14.0,23.0,0.454,0.84,0.608
2029,709.0,368.0,15.0,23.0,0.408,0.494,0.442
2030,734.0,244.0,17.0,27.0,0.758,0.802,0.776
2030,721.0,430.0,21.0,46.0,0.699,0.444,0.597
2030,685.0,366.0,15.0,26.0,0.517,0.457,0.493
2030,849.0,379.0,17.0,21.0,0.241,0.901,0.505
2031,725.0,244.0,15.0,26.0,0.843,0.691,0.783
2032,734.0,243.0,17.0,29.0,0.815,0.889,0.845
2032,600.0,265.0,12.0,17.0,0.121,0.408,0.236
2033,738.0,240.0,15.0,25.0,0.705,0.827,0.754
2033,628.0,482.0,18.0,29.0,0.333,0.408,0.363
2034,734.0,235.0,16.0,26.0,0.698,0.827,0.749
2035,721.0,234.0,17.0,26.0,0.767,0.42,0.628
2036,701.0,233.0,16.0,23.0,0.766,1.0,0.86
2037,681.0,233.0,14.0,22.0,0.777,1.0,0.866
2037,645.0,541.0,19.0,28.0,0.52,0.617,0.559
2038,672.0,234.0,16.0,22.0,0.517,0.988,0.706
2038,534.0,305.0,14.0,25.0,0.153,0.469,0.28
2042,582.0,470.0,18.0,34.0,0.594,0.857,0.699
2042,365.0,385.0,17.0,24.0,0.342,0.673,0.475
2042,775.0,296.0,16.0,24.0,0.134,0.728,0.372
2044,763.0,380.0,12.0,28.0,0.249,0.519,0.357
2046,755.0,323.0,13.0,23.0,0.735,0.691,0.718
2047,749.0,325.0,14.0,22.0,0.708,0.889,0.78
2047,235.0,312.0,13.0,22.0,0.138,0.704,0.364
2048,741.0,325.0,15.0,23.0,0.745,0.617,0.694
2049,736.0,329.0,18.0,29.0,0.638,0.716,0.669
2050,735.0,333.0,18.0,27.0,0.756,0.42,0.622
2051,729.0,337.0,16.0,24.0,0.827,0.568,0.723
2052,723.0,340.0,15.0,24.0,0.681,0.704,0.69
2052,215.0,502.0,19.0,34.0,0.339,0.58,0.436
2053,716.0,348.0,14.0,24.0,0.473,0.802,0.605
2054,709.0,347.0,18.0,28.0,0.75,1.0,0.85
2055,706.0,347.0,19.0,29.0,0.713,1.0,0.828
2056,709.0,345.0,18.0,27.0,0.763,1.0,0.858
2056,707.0,542.0,14.0,23.0,0.1,0.449,0.24
2057,713.0,344.0,15.0,22.0,0.631,1.0,0.779
2057,404.0,355.0,14.0,26.0,0.335,0.543,0.418
2058,725.0,346.0,18.0,24.0,0.171,0.58,0.335
2059,734.0,348.0,16.0,23.0,0.291,0.444,0.352
2060,743.0,356.0,16.0,23.0,0.445,0.457,0.45
2060,705.0,402.0,17.0,26.0,0.432,0.778,0.571
2060,703.0,403.0,17.0,30.0,0.15,0.802,0.411
2061,750.0,358.0,17.0,23.0,0.213,0.506,0.33
2062,708.0,400.0,14.0,23.0,0.45,0.877,0.621
2062,754.0,359.0,15.0,24.0,0.447,0.852,0.609
2063,709.0,400.0,14.0,24.0,0.534,0.877,0.671
2063,757.0,357.0,19.0,27.0,0.255,0.753,0.454
2064,754.0,357.0,15.0,25.0,0.479,0.889,0.643
2065,755.0,358.0,18.0,24.0,0.385,1.0,0.631
2065,490.0,345.0,10.0,22.0,0.334,0.519,0.408
2066,756.0,356.0,20.0,29.0,0.138,0.778,0.394
2067,537.0,337.0,19.0,35.0,0.763,0.728,0.749
2067,752.0,357.0,17.0,27.0,0.407,0.765,0.55
2068,743.0,357.0,19.0,24.0,0.376,0.568,0.453
2070,738.0,360.0,20.0,31.0,0.327,0.408,0.359
2071,738.0,363.0,20.0,31.0,0.534,1.0,0.72
2072,738.0,366.0,19.0,28.0,0.597,1.0,0.758
2073,740.0,367.0,19.0,27.0,0.755,1.0,0.853
2073,423.0,413.0,13.0,21.0,0.11,0.901,0.426
2074,742.0,368.0,21.0,28.0,0.532,1.0,0.719
2074,695.0,456.0,11.0,23.0,0.167,0.571,0.329
2074,424.0,413.0,11.0,20.0,0.134,0.802,0.401
2075,743.0,369.0,18.0,26.0,0.457,1.0,0.674
2076,743.0,370.0,16.0,26.0,0.759,1.0,0.856
2077,743.0,371.0,16.0,25.0,0.759,1.0,0.856
2078,743.0,371.0,16.0,25.0,0.762,0.691,0.733
2079,745.0,370.0,16.0,25.0,0.775,0.63,0.717
2080,747.0,369.0,18.0,27.0,0.839,0.716,0.79
2080,133.0,606.0,15.0,26.0,0.382,1.0,0.629
2081,747.0,364.0,18.0,25.0,0.756,0.63,0.705
2082,742.0,350.0,15.0,25.0,0.77,0.58,0.694
2082,123.0,561.0,20.0,41.0,0.725,0.429,0.606
2082,422.0,409.0,14.0,23.0,0.29,0.617,0.421
2083,744.0,348.0,17.0,25.0,0.522,0.457,0.496
2083,123.0,565.0,17.0,35.0,0.286,0.449,0.351
2083,762.0,438.0,17.0,33.0,0.223,0.654,0.395
2085,123.0,566.0,19.0,37.0,0.366,0.551,0.44
2085,709.0,460.0,12.0,22.0,0.279,0.796,0.486
2085,750.0,295.0,15.0,27.0,0.275,1.0,0.565
2086,124.0,569.0,19.0,40.0,0.191,0.408,0.278
2087,623.0,432.0,22.0,29.0,0.616,0.469,0.557
2087,161.0,620.0,16.0,26.0,0.137,0.778,0.393
2088,560.0,445.0,24.0,32.0,0.811,0.58,0.719
2089,505.0,408.0,21.0,32.0,0.708,0.617,0.672
2089,119.0,630.0,18.0,30.0,0.582,0.429,0.521
2089,710.0,462.0,12.0,18.0,0.227,0.571,0.365
2089,124.0,568.0,21.0,41.0,0.11,0.42,0.234
2090,903.0,388.0,14.0,22.0,0.27,0.568,0.389
2091,67.0,655.0,17.0,28.0,0.351,1.0,0.611
2094,471.0,520.0,18.0,34.0,0.331,0.714,0.485
2095,468.0,437.0,17.0,29.0,0.834,0.694,0.778
2095,15.0,696.0,19.0,32.0,0.211,0.429,0.298
2096,469.0,445.0,17.0,28.0,0.833,0.429,0.671
2097,483.0,479.0,21.0,31.0,0.829,0.457,0.68
2103,151.0,704.0,16.0,29.0,0.521,0.506,0.515
2104,709.0,459.0,13.0,24.0,0.156,0.407,0.256
2107,709.0,459.0,13.0,24.0,0.119,0.571,0.3
2109,827.0,146.0,13.0,19.0,0.274,0.914,0.53
2112,790.0,462.0,17.0,22.0,0.272,0.592,0.4
2113,762.0,423.0,16.0,30.0,0.308,0.667,0.451
2114,707.0,461.0,13.0,26.0,0.425,0.63,0.507
2115,708.0,462.0,12.0,20.0,0.467,0.617,0.527
2117,853.0,392.0,16.0,26.0,0.51,0.612,0.551
2118,696.0,390.0,16.0,24.0,0.777,0.914,0.832
2118,709.0,465.0,14.0,20.0,0.164,0.617,0.345
2119,668.0,385.0,19.0,28.0,0.736,0.449,0.621
2119,708.0,465.0,12.0,20.0,0.514,0.593,0.546
2120,709.0,462.0,12.0,22.0,0.312,0.432,0.36
2120,656.0,433.0,14.0,27.0,0.262,0.694,0.435
2121,708.0,464.0,12.0,22.0,0.338,0.653,0.464
2122,691.0,375.0,13.0,26.0,0.279,0.802,0.489
2122,639.0,438.0,18.0,28.0,0.19,0.429,0.285
2123,655.0,397.0,20.0,30.0,0.766,0.481,0.652
2124,678.0,381.0,16.0,29.0,0.767,0.679,0.732
2126,904.0,393.0,16.0,29.0,0.233,0.653,0.401
2127,743.0,353.0,12.0,22.0,0.342,0.612,0.45
2127,792.0,441.0,16.0,27.0,0.311,0.49,0.382
2129,215.0,579.0,24.0,32.0,0.102,0.714,0.347
2131,219.0,558.0,18.0,28.0,0.573,0.481,0.536
2133,687.0,355.0,20.0,27.0,0.185,0.975,0.501
2134,612.0,489.0,23.0,33.0,0.712,1.0,0.827
2135,559.0,421.0,23.0,31.0,0.686,0.653,0.673
2136,510.0,412.0,26.0,41.0,0.434,0.714,0.546
2136,509.0,405.0,27.0,57.0,0.331,0.481,0.391
2136,510.0,394.0,28.0,38.0,0.249,0.901,0.51
2136,842.0,430.0,19.0,27.0,0.146,0.63,0.339
2137,475.0,457.0,18.0,29.0,0.719,0.864,0.777
2138,903.0,385.0,15.0,26.0,0.337,0.653,0.463
2139,792.0,445.0,13.0,26.0,0.431,0.551,0.479
2140,792.0,439.0,15.0,26.0,0.176,0.914,0.471
2141,484.0,521.0,18.0,33.0,0.709,0.592,0.662
2142,475.0,457.0,19.0,29.0,0.75,0.633,0.703
2142,138.0,321.0,13.0,21.0,0.112,0.551,0.287
2143,476.0,490.0,21.0,31.0,0.754,0.951,0.832
2144,138.0,322.0,13.0,22.0,0.131,0.408,0.242
2144,477.0,440.0,20.0,29.0,0.123,0.49,0.269
2149,475.0,399.0,18.0,25.0,0.561,0.802,0.658
2151,589.0,398.0,14.0,32.0,0.481,0.901,0.649
2155,502.0,367.0,13.0,19.0,0.543,0.642,0.582
2156,516.0,366.0,12.0,20.0,0.477,0.901,0.647
2156,5.0,651.0,10.0,32.0,0.141,0.901,0.445
2157,531.0,350.0,17.0,22.0,0.103,0.753,0.363
2158,598.0,419.0,16.0,25.0,0.644,0.852,0.727
2159,635.0,392.0,12.0,21.0,0.373,0.568,0.451
2161,596.0,483.0,25.0,41.0,0.112,0.432,0.24
2162,631.0,349.0,15.0,25.0,0.655,0.741,0.689
2162,474.0,664.0,23.0,42.0,0.187,0.571,0.341
2163,658.0,349.0,12.0,24.0,0.192,0.975,0.505
2164,674.0,351.0,15.0,26.0,0.768,0.753,0.762
2165,699.0,345.0,13.0,19.0,0.142,0.778,0.396
2166,824.0,300.0,14.0,25.0,0.267,0.753,0.461
2167,768.0,351.0,17.0,27.0,0.649,1.0,0.789
2168,791.0,351.0,16.0,30.0,0.383,1.0,0.63
2168,1013.0,463.0,14.0,25.0,0.251,0.42,0.318
2169,810.0,349.0,15.0,25.0,0.496,0.988,0.693
2169,1013.0,463.0,13.0,24.0,0.381,0.612,0.473
2173,825.0,424.0,16.0,25.0,0.457,0.612,0.519
2173,578.0,268.0,12.0,23.0,0.164,0.889,0.454
2174,542.0,320.0,15.0,30.0,0.146,0.444,0.266
2175,823.0,340.0,16.0,24.0,0.315,0.857,0.532
2175,728.0,508.0,18.0,33.0,0.222,0.444,0.311
2175,823.0,347.0,17.0,27.0,0.219,0.889,0.487
2176,804.0,343.0,16.0,30.0,0.116,0.633,0.323
2177,887.0,304.0,15.0,19.0,0.239,0.728,0.435
2181,860.0,474.0,23.0,47.0,0.245,0.653,0.408
2182,220.0,429.0,18.0,27.0,0.31,0.753,0.487
2182,223.0,440.0,26.0,50.0,0.233,0.407,0.303
2184,761.0,367.0,19.0,31.0,0.838,0.592,0.74
2184,485.0,455.0,15.0,29.0,0.11,0.49,0.262
2185,754.0,451.0,13.0,26.0,0.35,0.852,0.551
2187,762.0,384.0,15.0,26.0,0.542,0.776,0.635
2190,850.0,395.0,18.0,26.0,0.117,0.878,0.421
2191,470.0,470.0,12.0,27.0,0.295,0.429,0.348
2192,791.0,443.0,18.0,27.0,0.136,0.714,0.367
2193,539.0,334.0,17.0,29.0,0.133,0.753,0.381
2194,539.0,333.0,16.0,27.0,0.184,0.642,0.367
2196,791.0,445.0,14.0,28.0,0.563,0.878,0.689
2197,791.0,444.0,14.0,27.0,0.621,0.432,0.546
2198,792.0,441.0,13.0,27.0,0.424,0.494,0.452
2199,538.0,337.0,15.0,26.0,0.582,0.765,0.655
2199,793.0,441.0,14.0,28.0,0.388,0.878,0.584
2199,457.0,509.0,17.0,29.0,0.148,0.494,0.286
2200,792.0,443.0,16.0,29.0,0.431,0.42,0.427
2201,840.0,340.0,16.0,25.0,0.799,0.975,0.87
2201,792.0,442.0,15.0,29.0,0.502,0.796,0.619
2202,702.0,411.0,16.0,28.0,0.166,0.827,0.43
2203,851.0,294.0,18.0,30.0,0.287,0.654,0.434
2205,673.0,431.0,21.0,32.0,0.862,0.605,0.759
2206,598.0,455.0,21.0,28.0,0.71,1.0,0.826
2213,487.0,446.0,18.0,29.0,0.744,0.741,0.743
2213,148.0,319.0,14.0,22.0,0.12,0.776,0.382
2214,492.0,515.0,20.0,29.0,0.826,0.571,0.724
2221,474.0,379.0,20.0,33.0,0.82,0.951,0.872
2222,553.0,173.0,18.0,27.0,0.839,0.571,0.732
2225,576.0,396.0,19.0,27.0,0.593,0.963,0.741
2226,525.0,387.0,12.0,21.0,0.126,0.556,0.298
2227,682.0,313.0,14.0,24.0,0.26,0.633,0.409
2227,524.0,375.0,16.0,23.0,0.126,0.877,0.426
2229,550.0,372.0,13.0,22.0,0.116,0.469,0.257
2242,599.0,381.0,17.0,22.0,0.314,0.593,0.426
2246,1062.0,336.0,15.0,25.0,0.794,1.0,0.877
2246,753.0,459.0,19.0,37.0,0.588,1.0,0.753
2247,1064.0,342.0,15.0,23.0,0.313,0.673,0.457
2252,1062.0,347.0,19.0,26.0,0.314,0.926,0.559
2252,372.0,431.0,29.0,67.0,0.173,0.568,0.331
2253,1063.0,348.0,19.0,24.0,0.251,0.938,0.526
2254,483.0,515.0,15.0,28.0,0.154,0.407,0.255
2255,355.0,553.0,19.0,36.0,0.323,1.0,0.594
2255,298.0,446.0,14.0,25.0,0.294,0.469,0.364
2256,299.0,350.0,14.0,25.0,0.107,0.778,0.375
2257,135.0,480.0,14.0,19.0,0.199,0.901,0.48
2258,1088.0,348.0,19.0,25.0,0.299,0.63,0.431
2258,82.0,482.0,22.0,39.0,0.128,0.691,0.353
2259,1097.0,353.0,17.0,24.0,0.437,0.753,0.563
2262,1097.0,359.0,16.0,26.0,0.3,0.741,0.477
2263,1089.0,361.0,17.0,26.0,0.448,0.469,0.457
2263,602.0,392.0,11.0,21.0,0.382,1.0,0.629
2264,1082.0,364.0,16.0,25.0,0.163,0.605,0.34
2266,1066.0,367.0,17.0,25.0,0.496,0.704,0.579
2267,1059.0,368.0,16.0,24.0,0.235,0.667,0.408
2269,1059.0,360.0,18.0,27.0,0.176,0.543,0.323
2271,1077.0,350.0,14.0,26.0,0.417,0.691,0.527
2272,1080.0,326.0,18.0,28.0,0.118,0.617,0.318
2284,969.0,374.0,9.0,19.0,0.117,0.469,0.258
2285,619.0,326.0,15.0,33.0,0.217,0.593,0.367
2287,812.0,311.0,14.0,22.0,0.193,0.765,0.422
2288,645.0,352.0,18.0,27.0,0.102,0.827,0.392
2289,671.0,306.0,16.0,28.0,0.38,0.571,0.457
2292,679.0,298.0,14.0,24.0,0.481,0.802,0.609
2292,634.0,418.0,13.0,19.0,0.105,0.531,0.275
2296,392.0,361.0,12.0,22.0,0.19,1.0,0.514
2298,614.0,413.0,16.0,28.0,0.558,0.469,0.522
2299,631.0,344.0,13.0,21.0,0.7,0.951,0.8
2301,630.0,409.0,14.0,22.0,0.591,0.531,0.567
2301,323.0,351.0,19.0,31.0,0.128,0.975,0.467
2302,654.0,356.0,14.0,22.0,0.492,0.429,0.467
2304,187.0,414.0,23.0,43.0,0.557,1.0,0.734
2304,664.0,340.0,17.0,21.0,0.441,0.469,0.452
2305,297.0,367.0,14.0,28.0,0.563,0.776,0.648
2305,280.0,290.0,16.0,22.0,0.253,1.0,0.552
2307,668.0,299.0,14.0,17.0,0.282,0.815,0.495
2311,309.0,309.0,12.0,23.0,0.218,0.938,0.506
2314,735.0,351.0,19.0,33.0,0.79,0.457,0.656
2315,455.0,162.0,8.0,19.0,0.347,0.543,0.425
2316,396.0,162.0,14.0,22.0,0.541,0.457,0.507
2318,372.0,212.0,14.0,21.0,0.129,0.556,0.3
2319,713.0,479.0,16.0,30.0,0.33,1.0,0.598
2319,728.0,527.0,18.0,26.0,0.15,0.877,0.441
2320,947.0,366.0,22.0,31.0,0.461,0.852,0.617
2322,809.0,352.0,15.0,34.0,0.303,1.0,0.582
2323,773.0,363.0,12.0,20.0,0.222,0.714,0.419
2324,581.0,302.0,11.0,18.0,0.284,0.667,0.437
2325,166.0,384.0,13.0,27.0,0.156,1.0,0.493
2327,459.0,365.0,16.0,25.0,0.629,0.469,0.565
2327,470.0,273.0,13.0,27.0,0.405,0.58,0.475
2327,327.0,335.0,12.0,18.0,0.153,0.938,0.467
2327,952.0,274.0,11.0,17.0,0.14,0.444,0.262
2328,522.0,250.0,13.0,25.0,0.223,0.857,0.476
2329,725.0,294.0,15.0,21.0,0.169,0.556,0.324
2330,789.0,241.0,12.0,18.0,0.239,0.728,0.435
2332,556.0,254.0,13.0,21.0,0.476,0.653,0.547
2332,711.0,333.0,13.0,26.0,0.462,0.951,0.657
2332,549.0,317.0,15.0,22.0,0.248,0.617,0.396
2333,556.0,254.0,13.0,22.0,0.45,0.633,0.523
2333,710.0,333.0,14.0,26.0,0.403,0.975,0.632
2333,550.0,317.0,16.0,22.0,0.174,0.519,0.312
2334,630.0,301.0,10.0,22.0,0.226,0.469,0.323
2336,647.0,242.0,14.0,19.0,0.102,0.816,0.388
2338,453.0,393.0,10.0,21.0,0.254,0.963,0.537
2339,80.0,318.0,18.0,23.0,0.37,0.531,0.434
2339,81.0,320.0,13.0,22.0,0.222,0.815,0.459
2355,512.0,252.0,17.0,27.0,0.358,0.568,0.442
2356,510.0,263.0,15.0,22.0,0.606,0.429,0.535
2356,714.0,349.0,18.0,23.0,0.312,0.481,0.38
2357,542.0,299.0,15.0,23.0,0.389,0.51,0.437
2357,674.0,259.0,13.0,18.0,0.175,0.593,0.342
2358,571.0,272.0,13.0,23.0,0.507,0.408,0.467
2361,568.0,260.0,12.0,22.0,0.566,0.568,0.567
2361,569.0,261.0,16.0,25.0,0.106,0.481,0.256
2362,589.0,225.0,14.0,20.0,0.76,0.864,0.802
2362,668.0,403.0,12.0,19.0,0.197,1.0,0.518
2365,594.0,197.0,13.0,20.0,0.484,0.408,0.454
2367,317.0,195.0,14.0,21.0,0.18,0.51,0.312
2372,329.0,204.0,12.0,22.0,0.161,0.449,0.276
2372,71.0,400.0,16.0,26.0,0.145,0.42,0.255
2373,632.0,294.0,13.0,21.0,0.779,0.704,0.749
2373,112.0,379.0,19.0,28.0,0.346,0.449,0.387
2374,210.0,347.0,13.0,26.0,0.41,1.0,0.646
2374,323.0,401.0,20.0,29.0,0.394,0.988,0.631
2375,361.0,194.0,12.0,24.0,0.367,0.864,0.566
2377,570.0,263.0,13.0,20.0,0.52,1.0,0.712
2377,592.0,436.0,17.0,27.0,0.334,0.815,0.526
2377,646.0,383.0,14.0,26.0,0.28,0.778,0.479
2377,408.0,369.0,11.0,29.0,0.166,0.429,0.271
2378,680.0,404.0,14.0,25.0,0.332,1.0,0.599
2379,748.0,385.0,14.0,25.0,0.48,0.494,0.486
2379,509.0,371.0,14.0,21.0,0.198,0.633,0.372
2380,529.0,365.0,15.0,24.0,0.707,0.667,0.691
2380,531.0,369.0,14.0,20.0,0.306,0.802,0.505
2380,812.0,353.0,14.0,25.0,0.206,0.704,0.405
2381,867.0,327.0,16.0,26.0,0.203,0.753,0.423
2382,374.0,286.0,12.0,17.0,0.228,0.51,0.341
2382,620.0,275.0,12.0,16.0,0.145,0.531,0.299
2383,654.0,287.0,12.0,21.0,0.189,0.691,0.39
2383,914.0,271.0,15.0,26.0,0.123,0.802,0.395
2386,918.0,228.0,11.0,19.0,0.702,0.926,0.791
2386,377.0,374.0,13.0,21.0,0.288,0.429,0.344
2386,355.0,317.0,13.0,19.0,0.135,0.901,0.442
2388,307.0,352.0,14.0,23.0,0.121,0.593,0.31
2389,643.0,293.0,12.0,18.0,0.355,0.926,0.583
2390,641.0,374.0,17.0,31.0,0.337,0.802,0.523
2391,885.0,237.0,11.0,12.0,0.313,0.975,0.578
2391,810.0,238.0,13.0,19.0,0.207,0.84,0.46
2392,674.0,430.0,15.0,28.0,0.325,0.741,0.491
2393,421.0,477.0,18.0,31.0,0.551,0.815,0.657
2393,553.0,315.0,11.0,22.0,0.319,0.778,0.502
2393,715.0,350.0,15.0,21.0,0.165,1.0,0.499
2394,411.0,487.0,14.0,23.0,0.38,0.49,0.424
2395,338.0,454.0,17.0,24.0,0.244,0.857,0.489
2396,791.0,381.0,14.0,21.0,0.336,0.963,0.587
2396,302.0,465.0,18.0,26.0,0.278,0.728,0.458
2396,424.0,382.0,14.0,24.0,0.109,0.429,0.237
2397,284.0,404.0,16.0,20.0,0.253,1.0,0.552
2397,610.0,432.0,14.0,21.0,0.155,0.543,0.31
2398,866.0,412.0,15.0,28.0,0.157,1.0,0.494
2399,602.0,347.0,16.0,25.0,0.123,0.939,0.449
2402,691.0,304.0,15.0,20.0,0.261,0.694,0.434
2403,443.0,300.0,15.0,24.0,0.203,0.531,0.334
2404,431.0,287.0,22.0,41.0,0.239,0.802,0.465
2405,825.0,256.0,11.0,16.0,0.102,1.0,0.461
2406,810.0,255.0,13.0,18.0,0.126,0.963,0.461
2408,378.0,287.0,10.0,22.0,0.447,0.58,0.5
2409,376.0,285.0,10.0,20.0,0.128,0.58,0.309
2413,644.0,351.0,17.0,25.0,0.13,0.667,0.345
2414,532.0,295.0,14.0,23.0,0.472,0.691,0.56
2414,507.0,417.0,16.0,22.0,0.275,1.0,0.565
2414,533.0,300.0,17.0,31.0,0.158,0.58,0.327
2415,540.0,301.0,13.0,18.0,0.388,0.42,0.401
2416,604.0,305.0,13.0,23.0,0.207,0.755,0.426
2417,629.0,328.0,12.0,23.0,0.389,0.531,0.446
2417,442.0,416.0,12.0,24.0,0.285,0.852,0.512
2420,762.0,514.0,21.0,35.0,0.261,0.901,0.517
2422,630.0,267.0,15.0,27.0,0.41,0.667,0.512
2422,842.0,397.0,13.0,26.0,0.101,0.765,0.367
2425,440.0,352.0,19.0,25.0,0.276,0.796,0.484
2426,524.0,461.0,12.0,22.0,0.461,0.556,0.499
2427,697.0,341.0,14.0,27.0,0.3,0.449,0.359
2427,583.0,472.0,15.0,27.0,0.189,1.0,0.513
2428,924.0,355.0,15.0,26.0,0.452,0.429,0.443
2429,938.0,352.0,16.0,27.0,0.609,0.633,0.618
2429,677.0,375.0,15.0,22.0,0.383,0.914,0.595
2430,449.0,438.0,18.0,32.0,0.133,0.852,0.42
2436,858.0,370.0,15.0,23.0,0.194,0.408,0.28
2441,431.0,395.0,20.0,29.0,0.296,0.918,0.545
2443,875.0,427.0,19.0,35.0,0.218,0.679,0.403
2443,990.0,551.0,27.0,43.0,0.188,0.728,0.404
2443,871.0,425.0,23.0,39.0,0.18,0.975,0.498
2444,619.0,477.0,13.0,25.0,0.257,0.633,0.407
2444,474.0,524.0,22.0,64.0,0.188,0.519,0.32
2445,888.0,339.0,12.0,25.0,0.677,0.728,0.697
2445,476.0,518.0,21.0,55.0,0.418,0.765,0.557
2445,476.0,504.0,19.0,29.0,0.186,0.889,0.467
2446,891.0,338.0,15.0,24.0,0.14,0.531,0.297
2446,840.0,335.0,12.0,18.0,0.117,0.691,0.347
2448,550.0,463.0,15.0,31.0,0.234,0.444,0.318
2449,474.0,510.0,18.0,25.0,0.354,1.0,0.613
2451,503.0,355.0,18.0,26.0,0.512,0.667,0.574
2452,502.0,360.0,17.0,26.0,0.749,1.0,0.849
2453,504.0,361.0,15.0,24.0,0.662,0.938,0.772
2454,508.0,359.0,17.0,25.0,0.704,0.877,0.773
2454,428.0,352.0,16.0,27.0,0.496,1.0,0.698
2455,426.0,352.0,17.0,26.0,0.385,0.975,0.621
2456,518.0,358.0,14.0,21.0,0.305,1.0,0.583
2458,536.0,316.0,14.0,23.0,0.668,0.728,0.692
2458,1038.0,529.0,20.0,32.0,0.203,0.408,0.285
2458,1267.0,334.0,17.0,25.0,0.195,0.653,0.378
2458,1038.0,533.0,25.0,36.0,0.168,0.753,0.402
2460,678.0,448.0,18.0,27.0,0.811,1.0,0.886
2461,754.0,444.0,25.0,34.0,0.797,0.556,0.7
2461,1261.0,335.0,19.0,19.0,0.12,0.429,0.243
2462,820.0,411.0,18.0,29.0,0.524,0.457,0.497
2462,443.0,362.0,15.0,25.0,0.146,0.612,0.333
2463,805.0,464.0,19.0,27.0,0.564,0.679,0.61
2464,808.0,467.0,19.0,26.0,0.119,0.571,0.3
2465,817.0,446.0,19.0,29.0,0.324,0.694,0.472
2465,815.0,449.0,20.0,26.0,0.3,0.653,0.442
2466,818.0,445.0,18.0,24.0,0.197,0.531,0.33
2466,555.0,485.0,20.0,33.0,0.124,0.469,0.262
2467,555.0,485.0,20.0,32.0,0.208,0.519,0.332
2468,801.0,457.0,22.0,35.0,0.639,0.449,0.563
2468,419.0,475.0,15.0,23.0,0.153,1.0,0.492
2469,798.0,463.0,20.0,35.0,0.791,0.51,0.679
2469,1013.0,544.0,15.0,27.0,0.116,0.975,0.46
2470,1012.0,544.0,16.0,30.0,0.736,0.901,0.802
2470,501.0,430.0,15.0,23.0,0.209,0.716,0.412
2471,1014.0,543.0,18.0,32.0,0.778,1.0,0.867
2472,785.0,512.0,19.0,26.0,0.702,0.469,0.609
2473,1069.0,518.0,15.0,29.0,0.181,0.42,0.277
2474,1070.0,517.0,16.0,31.0,0.325,0.429,0.366
2475,1070.0,517.0,16.0,30.0,0.38,0.429,0.399
2475,793.0,449.0,21.0,29.0,0.334,0.776,0.511
2476,805.0,457.0,21.0,33.0,0.697,0.543,0.636
2476,1071.0,517.0,16.0,31.0,0.161,0.42,0.264
2477,1071.0,518.0,16.0,31.0,0.178,0.432,0.28
2478,801.0,449.0,18.0,27.0,0.509,0.449,0.485
2478,964.0,568.0,17.0,27.0,0.194,0.543,0.334
2479,958.0,576.0,17.0,33.0,0.712,1.0,0.827
2480,1263.0,332.0,20.0,22.0,0.131,0.673,0.348
2481,1265.0,332.0,20.0,27.0,0.268,0.796,0.479
2481,786.0,460.0,24.0,31.0,0.215,1.0,0.529
2482,1266.0,333.0,18.0,25.0,0.444,0.837,0.601
2483,1266.0,333.0,20.0,26.0,0.304,0.878,0.533
2484,1267.0,333.0,20.0,27.0,0.169,0.837,0.436
2485,1267.0,333.0,19.0,27.0,0.109,0.755,0.368
2487,1267.0,333.0,19.0,27.0,0.119,0.755,0.374
2488,469.0,126.0,16.0,25.0,0.712,0.852,0.768
2491,1048.0,519.0,14.0,26.0,0.567,0.429,0.512
2493,536.0,321.0,18.0,30.0,0.533,0.51,0.524
2494,868.0,452.0,13.0,29.0,0.661,0.827,0.728
2494,536.0,369.0,19.0,29.0,0.166,0.938,0.475
2495,523.0,424.0,17.0,26.0,0.116,0.898,0.429
2496,523.0,433.0,17.0,26.0,0.722,0.429,0.605
2496,580.0,470.0,13.0,25.0,0.446,0.694,0.545
2496,970.0,414.0,11.0,23.0,0.323,0.654,0.456
2497,521.0,428.0,16.0,27.0,0.294,0.408,0.34
2497,900.0,528.0,13.0,25.0,0.105,0.429,0.235
2498,956.0,426.0,17.0,28.0,0.115,0.633,0.322
2503,854.0,362.0,15.0,24.0,0.361,0.642,0.474
2504,760.0,384.0,13.0,21.0,0.244,0.429,0.318
2508,1081.0,541.0,15.0,29.0,0.526,0.49,0.512
2508,1082.0,546.0,16.0,38.0,0.235,0.592,0.378
2509,1086.0,542.0,17.0,34.0,0.617,0.673,0.64
2509,835.0,417.0,14.0,26.0,0.22,0.408,0.295
2510,697.0,330.0,16.0,21.0,0.325,0.852,0.536
2510,835.0,420.0,15.0,26.0,0.127,0.694,0.353
2512,438.0,428.0,19.0,34.0,0.277,0.605,0.408
2513,844.0,340.0,12.0,21.0,0.314,0.889,0.544
2514,442.0,422.0,20.0,31.0,0.292,0.63,0.427
2526,525.0,307.0,14.0,28.0,0.173,0.593,0.341
2528,512.0,370.0,17.0,27.0,0.153,0.531,0.304
2529,513.0,373.0,16.0,26.0,0.427,0.42,0.424
2529,858.0,421.0,28.0,44.0,0.311,0.901,0.547
2530,856.0,417.0,22.0,37.0,0.428,0.852,0.598
2530,528.0,375.0,18.0,26.0,0.105,0.543,0.28
2531,552.0,351.0,16.0,26.0,0.293,0.408,0.339
2532,857.0,421.0,27.0,44.0,0.233,0.914,0.505
2534,676.0,457.0,20.0,28.0,0.596,0.63,0.609
2535,738.0,459.0,24.0,31.0,0.516,1.0,0.71
2535,508.0,442.0,17.0,22.0,0.134,0.778,0.391
2536,756.0,388.0,13.0,20.0,0.37,0.531,0.434
2537,755.0,387.0,14.0,20.0,0.331,0.481,0.391
2538,754.0,386.0,13.0,18.0,0.402,0.568,0.469
2539,698.0,373.0,13.0,22.0,0.481,0.568,0.516
2539,756.0,385.0,14.0,20.0,0.111,0.592,0.303
2540,792.0,454.0,18.0,28.0,0.794,0.889,0.832
2540,698.0,373.0,14.0,22.0,0.306,0.617,0.43
2540,1268.0,699.0,17.0,35.0,0.112,0.889,0.423
2541,785.0,471.0,19.0,32.0,0.331,0.877,0.549
2542,756.0,385.0,14.0,18.0,0.289,0.918,0.541
2542,1209.0,688.0,23.0,37.0,0.225,0.975,0.525
2543,791.0,463.0,22.0,30.0,0.806,0.857,0.826
2543,759.0,385.0,16.0,21.0,0.364,0.694,0.496
2543,507.0,442.0,14.0,23.0,0.276,0.827,0.496
2544,780.0,473.0,19.0,27.0,0.728,1.0,0.837
2544,762.0,384.0,17.0,25.0,0.443,0.571,0.494
2545,782.0,523.0,18.0,29.0,0.834,0.494,0.698
2545,758.0,384.0,15.0,23.0,0.699,0.796,0.738
2546,758.0,385.0,14.0,22.0,0.676,0.816,0.732
2546,504.0,437.0,13.0,23.0,0.548,0.556,0.551
2546,1228.0,592.0,19.0,31.0,0.213,0.612,0.373
2547,759.0,383.0,15.0,23.0,0.609,0.857,0.709
2548,788.0,450.0,23.0,30.0,0.54,0.429,0.496
2548,763.0,386.0,14.0,24.0,0.284,0.531,0.383
2549,810.0,457.0,17.0,25.0,0.76,0.914,0.821
2549,764.0,385.0,13.0,22.0,0.207,0.612,0.369
2550,811.0,456.0,19.0,26.0,0.763,0.926,0.828
2550,764.0,384.0,15.0,21.0,0.124,0.506,0.277
2551,764.0,386.0,15.0,22.0,0.165,0.679,0.371
2552,798.0,463.0,26.0,33.0,0.241,0.593,0.382
2552,764.0,384.0,15.0,23.0,0.107,0.432,0.237
2553,781.0,427.0,17.0,26.0,0.616,1.0,0.769
2553,763.0,386.0,13.0,22.0,0.165,0.58,0.331
2557,771.0,476.0,16.0,22.0,0.178,0.506,0.309
2557,728.0,385.0,21.0,26.0,0.159,0.714,0.381
2558,721.0,387.0,16.0,28.0,0.153,1.0,0.492
2561,451.0,407.0,20.0,39.0,0.452,0.612,0.516
2563,936.0,315.0,13.0,20.0,0.404,0.938,0.618
2564,897.0,366.0,14.0,26.0,0.421,0.796,0.571
2567,567.0,342.0,16.0,27.0,0.304,0.765,0.488
2568,1064.0,475.0,14.0,18.0,0.109,0.691,0.342
2569,869.0,285.0,15.0,23.0,0.212,0.694,0.405
2576,776.0,448.0,18.0,24.0,0.154,0.444,0.27
2577,793.0,303.0,16.0,19.0,0.169,0.694,0.379
2580,723.0,423.0,22.0,35.0,0.103,0.741,0.358
2581,411.0,427.0,11.0,22.0,0.423,0.49,0.45
2581,714.0,421.0,17.0,34.0,0.273,0.728,0.455
2583,908.0,323.0,14.0,21.0,0.307,0.58,0.416
2591,547.0,432.0,18.0,28.0,0.203,0.988,0.517
2595,1184.0,537.0,31.0,49.0,0.653,0.755,0.694
2616,318.0,179.0,16.0,23.0,0.143,0.408,0.249
2618,276.0,146.0,11.0,17.0,0.128,0.63,0.329
2620,267.0,163.0,13.0,18.0,0.44,0.938,0.639
2626,296.0,262.0,10.0,21.0,0.43,0.58,0.49
2627,875.0,366.0,16.0,31.0,0.203,0.63,0.373
2629,361.0,349.0,14.0,22.0,0.188,0.864,0.459
2631,1179.0,288.0,18.0,28.0,0.135,0.571,0.31
2632,1157.0,275.0,14.0,23.0,0.416,0.988,0.645
2632,1158.0,278.0,16.0,31.0,0.187,0.914,0.478
2633,417.0,337.0,15.0,23.0,0.397,0.408,0.402
2633,1092.0,300.0,14.0,23.0,0.141,0.667,0.351
2637,999.0,170.0,9.0,20.0,0.144,0.592,0.323
2640,1100.0,393.0,16.0,35.0,0.126,0.568,0.303
2643,1270.0,332.0,17.0,27.0,0.278,1.0,0.567
2643,1097.0,399.0,15.0,35.0,0.224,0.494,0.332
2644,1004.0,374.0,12.0,24.0,0.572,0.691,0.62
2644,1179.0,265.0,14.0,21.0,0.536,1.0,0.721
2644,987.0,442.0,14.0,26.0,0.127,0.741,0.373
2647,920.0,443.0,18.0,42.0,0.405,0.432,0.416
2647,403.0,346.0,13.0,22.0,0.309,0.988,0.581
2648,418.0,351.0,14.0,26.0,0.604,0.593,0.599
2650,838.0,467.0,15.0,27.0,0.397,0.714,0.524
2650,965.0,274.0,14.0,18.0,0.196,0.633,0.371
2651,951.0,279.0,13.0,18.0,0.303,0.568,0.409
2655,751.0,531.0,20.0,36.0,0.173,0.951,0.484
2656,774.0,447.0,15.0,27.0,0.746,0.408,0.611
2656,955.0,409.0,15.0,27.0,0.497,0.926,0.669
2656,750.0,534.0,19.0,35.0,0.152,0.914,0.457
2657,969.0,325.0,13.0,19.0,0.172,0.716,0.389
2658,1014.0,424.0,15.0,29.0,0.315,0.852,0.53
2658,822.0,396.0,13.0,27.0,0.102,0.469,0.249
2659,571.0,272.0,11.0,15.0,0.441,0.407,0.428
2659,646.0,273.0,11.0,17.0,0.13,0.571,0.307
2659,1017.0,430.0,18.0,26.0,0.116,0.741,0.366
2663,532.0,274.0,14.0,22.0,0.321,0.42,0.36
2664,922.0,383.0,14.0,28.0,0.276,0.714,0.452
2666,698.0,350.0,11.0,22.0,0.224,1.0,0.534
2667,938.0,309.0,15.0,20.0,0.307,0.432,0.357
2667,938.0,313.0,16.0,22.0,0.187,0.58,0.344
2670,631.0,259.0,13.0,21.0,0.43,0.408,0.421
2672,615.0,370.0,12.0,21.0,0.486,0.429,0.463
2674,856.0,339.0,12.0,19.0,0.507,0.691,0.581
2674,575.0,440.0,20.0,25.0,0.203,0.469,0.309
2676,791.0,449.0,15.0,19.0,0.376,0.926,0.596
2676,611.0,351.0,13.0,20.0,0.125,0.605,0.317
2680,509.0,385.0,13.0,20.0,0.308,0.444,0.363
2680,797.0,430.0,19.0,30.0,0.263,0.469,0.345
2680,843.0,427.0,14.0,23.0,0.131,0.408,0.242
2681,675.0,398.0,13.0,27.0,0.163,0.506,0.301
2681,873.0,450.0,16.0,22.0,0.144,0.714,0.372
2682,645.0,434.0,16.0,30.0,0.515,0.612,0.554
2682,941.0,545.0,25.0,35.0,0.481,0.938,0.664
2685,829.0,431.0,15.0,24.0,0.416,0.714,0.536
2685,1127.0,498.0,17.0,23.0,0.275,0.975,0.555
2686,889.0,412.0,16.0,27.0,0.694,0.432,0.589
2687,1036.0,366.0,13.0,21.0,0.269,0.519,0.369
2687,931.0,374.0,14.0,22.0,0.174,1.0,0.504
2687,552.0,175.0,10.0,18.0,0.14,0.753,0.385
2690,936.0,283.0,11.0,23.0,0.404,0.605,0.484
2690,727.0,254.0,13.0,20.0,0.136,0.457,0.265
2691,940.0,311.0,14.0,21.0,0.446,1.0,0.668
2692,840.0,322.0,18.0,28.0,0.443,0.654,0.528
2693,763.0,292.0,12.0,20.0,0.226,0.877,0.486
2696,712.0,304.0,15.0,20.0,0.25,0.654,0.412
2698,451.0,314.0,14.0,23.0,0.135,0.469,0.268
2700,822.0,430.0,12.0,27.0,0.162,0.506,0.3
2701,214.0,318.0,11.0,28.0,0.178,0.667,0.374
2701,789.0,359.0,13.0,20.0,0.13,0.963,0.463
2702,726.0,328.0,13.0,24.0,0.284,0.653,0.432
2702,214.0,383.0,13.0,27.0,0.266,0.543,0.377
2703,707.0,395.0,13.0,25.0,0.399,1.0,0.64
2704,166.0,414.0,16.0,24.0,0.697,0.551,0.639
2704,645.0,419.0,15.0,23.0,0.278,0.778,0.478
2706,753.0,329.0,18.0,25.0,0.638,0.506,0.585
2706,481.0,499.0,17.0,32.0,0.122,0.556,0.295
2707,800.0,351.0,19.0,30.0,0.623,0.494,0.571
2709,776.0,373.0,8.0,20.0,0.198,0.407,0.282
