frame,x1,y1,x2,y2,conf
24,613.95849609375,275.4756774902344,626.35205078125,298.3285827636719,0.5242629051208496
25,609.983642578125,206.3948974609375,622.474853515625,225.93115234375,0.587436318397522
32,556.4442138671875,564.8983154296875,571.14990234375,591.7017822265625,0.6361901760101318
36,1065.69384765625,490.35369873046875,1084.23095703125,527.4972534179688,0.6776106953620911
38,847.8643188476562,272.2659606933594,861.8226928710938,296.4955139160156,0.6794878244400024
48,677.654296875,316.9896240234375,688.945556640625,343.08026123046875,0.6343531012535095
50,640.2841796875,275.0770568847656,659.6890869140625,299.6243591308594,0.6537903547286987
58,643.57177734375,217.710205078125,657.10791015625,235.366943359375,0.555109977722168
66,771.0626220703125,149.8978271484375,786.1829833984375,173.787841796875,0.5694711208343506
69,639.70947265625,342.0791320800781,655.884765625,368.7383117675781,0.5555958151817322
74,690.2703857421875,337.62457275390625,702.3638916015625,362.34051513671875,0.556257426738739
75,916.98828125,263.9388122558594,928.369140625,283.6905212402344,0.536726713180542
80,902.3201904296875,305.5135192871094,914.267578125,328.3120422363281,0.5860914587974548
93,556.9244384765625,317.264892578125,572.994140625,347.9139404296875,0.628372848033905
94,499.67828369140625,381.3782043457031,513.2057495117188,399.7061462402344,0.5737385749816895
99,482.0514221191406,413.0451965332031,499.9195861816406,441.2317810058594,0.6945898532867432
106,228.51329040527344,309.8603515625,239.1541290283203,328.24151611328125,0.5873188972473145
110,866.7425537109375,399.70220947265625,878.0040283203125,419.93817138671875,0.7197502255439758
113,875.4780883789062,457.28057861328125,890.7045288085938,485.71917724609375,0.5958834886550903
119,1136.8360595703125,417.08416748046875,1150.5347900390625,445.54644775390625,0.6581407189369202
121,307.2383117675781,272.26373291015625,318.0843811035156,292.10577392578125,0.5496547818183899
126,240.136474609375,371.3374328613281,257.197021484375,397.6976623535156,0.7997081875801086
127,240.162109375,384.33843994140625,256.35107421875,409.63690185546875,0.7865589261054993
128,249.10574340820312,471.03021240234375,265.9657897949219,495.45440673828125,0.5889884233474731
129,230.29901123046875,421.81939697265625,246.516845703125,446.72015380859375,0.7509869337081909
130,240.11990356445312,421.10498046875,254.79586791992188,446.306640625,0.7945104837417603
131,294.1219482421875,444.2277526855469,311.8951416015625,470.3830871582031,0.6316074132919312
132,342.32928466796875,479.51239013671875,362.06256103515625,509.83758544921875,0.6729111075401306
134,384.24761962890625,434.4306335449219,401.13262939453125,459.3319396972656,0.7474865317344666
135,417.62554931640625,485.0301513671875,437.43536376953125,515.5177001953125,0.8133362531661987
155,1044.744384765625,380.7117919921875,1061.067626953125,404.7034912109375,0.7023711800575256
156,851.7132568359375,342.0504150390625,862.0189208984375,362.2093505859375,0.5692244172096252
165,769.6302490234375,335.85479736328125,786.2188720703125,363.95574951171875,0.5562098622322083
174,880.2137451171875,250.48675537109375,891.1221923828125,270.62506103515625,0.6170381903648376
178,862.2717895507812,334.9048156738281,880.6182250976562,365.4030456542969,0.652996838092804
182,1092.9483642578125,367.56561279296875,1107.5042724609375,389.32073974609375,0.6044684648513794
183,828.732177734375,336.788818359375,842.477294921875,362.8138427734375,0.601058304309845
185,867.0284423828125,291.723388671875,882.1854248046875,318.5264892578125,0.6770414710044861
186,801.5498657226562,365.158203125,818.5206909179688,395.2540283203125,0.7123116850852966
206,675.5323486328125,467.44342041015625,687.0657958984375,493.07086181640625,0.6824398636817932
216,845.4676513671875,465.8582763671875,864.0255126953125,497.36474609375,0.8696548342704773
217,846.873046875,423.31396484375,863.63671875,450.6739501953125,0.7513251304626465
219,848.1044921875,392.5758056640625,869.842041015625,428.074951171875,0.5949587821960449
220,922.517578125,309.6065673828125,938.1142578125,336.1966552734375,0.5600693821907043
223,1093.7080078125,332.5577392578125,1113.187744140625,359.95294189453125,0.5706624388694763
224,1120.7581787109375,327.86053466796875,1136.1968994140625,349.027587890625,0.6146104335784912
227,1109.6007080078125,320.7200927734375,1125.8675537109375,347.559814453125,0.621366560459137
232,1153.2236328125,372.3883361816406,1170.1826171875,398.9415588378906,0.6639907360076904
237,95.41523742675781,597.9838256835938,109.95213317871094,626.8507690429688,0.5148219466209412
238,1131.86572265625,511.857666015625,1150.79052734375,543.05029296875,0.5835837125778198
240,1138.206787109375,456.48773193359375,1158.387451171875,484.10540771484375,0.6279853582382202
243,1034.28173828125,351.2398681640625,1053.1015625,378.6640625,0.5698891282081604
244,995.0298461914062,319.7171630859375,1011.7290649414062,344.70391845703125,0.6748754978179932
249,785.8470458984375,374.774658203125,800.2572021484375,396.71551513671875,0.6045357584953308
251,753.2926025390625,310.2199401855469,766.8458251953125,330.5858459472656,0.7135390043258667
253,698.3960571289062,303.114990234375,715.4033813476562,327.0841064453125,0.559135377407074
254,695.0130615234375,271.8482666015625,707.5860595703125,298.470458984375,0.5939929485321045
259,491.91851806640625,328.0937805175781,506.19378662109375,349.3158874511719,0.5056164264678955
260,243.92666625976562,177.54083251953125,255.47811889648438,199.1807861328125,0.5875378251075745
261,400.3209228515625,323.28277587890625,412.5242919921875,343.89666748046875,0.5494376420974731
268,300.1677551269531,399.7069091796875,316.1476135253906,424.4190673828125,0.5893296003341675
273,257.6329040527344,281.10546875,271.7796325683594,304.7734375,0.640259861946106
274,256.94744873046875,333.3143310546875,274.57586669921875,359.9671630859375,0.5253400802612305
276,255.23687744140625,274.8416748046875,269.31219482421875,299.4580078125,0.6365417838096619
293,407.0296630859375,431.6422119140625,420.954345703125,457.79510498046875,0.5353475213050842
294,289.726806640625,239.7283935546875,303.8941650390625,264.5914306640625,0.5782679319381714
298,639.9594116210938,376.3720703125,654.7289428710938,396.815673828125,0.8212329745292664
309,955.6968994140625,261.4884033203125,970.5274658203125,286.5738525390625,0.8418502807617188
313,837.1221923828125,356.7467041015625,853.8919677734375,391.0301513671875,0.5404494404792786
321,931.2763671875,276.1304931640625,946.46875,298.07958984375,0.6279070973396301
322,797.310546875,272.38421630859375,812.5693359375,299.00714111328125,0.6133165955543518
326,853.271484375,284.9305419921875,868.474853515625,309.1414794921875,0.5014829635620117
337,590.9844360351562,454.10693359375,608.6951293945312,484.077880859375,0.5544184446334839
338,1044.14697265625,381.3418884277344,1059.2294921875,406.4546203613281,0.5094450116157532
364,271.755126953125,259.8108215332031,284.07720947265625,284.1592102050781,0.6662116050720215
366,308.3104248046875,299.6671142578125,324.6025390625,327.451416015625,0.8028619885444641
367,307.5064697265625,332.4128112792969,324.8482666015625,361.2431945800781,0.7644442319869995
368,310.17840576171875,340.67071533203125,324.04205322265625,365.73199462890625,0.6669880151748657
370,285.23382568359375,397.5645751953125,302.96649169921875,424.709716796875,0.7520660758018494
372,352.350341796875,466.92974853515625,369.9967041015625,501.03424072265625,0.7155752182006836
381,465.507568359375,361.9463806152344,480.1143798828125,382.6232604980469,0.5446107387542725
383,421.0469970703125,394.30999755859375,438.13720703125,422.21832275390625,0.5344734787940979
384,934.3919677734375,451.400146484375,948.5338134765625,475.8485107421875,0.5627315640449524
385,652.9116821289062,374.7806396484375,669.7510375976562,400.7607421875,0.7590344548225403
386,852.3817138671875,414.37603759765625,868.4061279296875,441.88824462890625,0.7239794731140137
387,517.906494140625,217.36495971679688,529.2489013671875,237.25125122070312,0.5707659721374512
390,978.828857421875,482.3375549316406,992.388916015625,511.2156982421875,0.6048974990844727
400,845.8829956054688,455.17388916015625,861.9348754882812,480.56121826171875,0.7053156495094299
401,782.9176025390625,447.583984375,803.3897705078125,481.0906982421875,0.6515282988548279
408,622.6810913085938,319.42547607421875,640.2865600585938,347.04547119140625,0.8176164031028748
409,543.601806640625,286.1644287109375,560.505126953125,314.89361572265625,0.7314322590827942
414,509.17315673828125,339.3521423339844,524.3032836914062,362.7579040527344,0.7290228605270386
420,612.0706787109375,362.720947265625,627.1715087890625,385.56591796875,0.6062414646148682
421,588.541015625,342.18353271484375,604.6103515625,369.08367919921875,0.5954479575157166
434,623.5204467773438,278.4761962890625,637.5728149414062,303.45263671875,0.5545046329498291
435,910.8470458984375,345.18182373046875,923.7674560546875,367.77862548828125,0.5696936845779419
444,925.0630493164062,240.19805908203125,938.0094604492188,262.44989013671875,0.5585320591926575
445,905.0165405273438,235.921142578125,921.0759887695312,260.7911376953125,0.6098913550376892
447,863.0025634765625,227.75241088867188,875.8697509765625,249.15158081054688,0.7874732613563538
448,850.5902099609375,224.09274291992188,865.65283203125,246.56808471679688,0.680420458316803
449,838.7108764648438,222.74180603027344,852.1574096679688,245.3553466796875,0.5729302167892456
450,817.2556762695312,228.44143676757812,830.7340698242188,248.83151245117188,0.6311144232749939
451,640.1583251953125,474.5843200683594,657.45703125,504.5572509765625,0.5246410965919495
452,766.6098022460938,229.35955810546875,779.8795776367188,253.8492431640625,0.7547822594642639
453,418.12091064453125,249.42214965820312,432.09832763671875,271.1542663574219,0.6144213676452637
454,720.4742431640625,243.1646728515625,734.4925537109375,267.010498046875,0.6181192994117737
465,755.5217895507812,379.4892578125,771.4358520507812,402.474609375,0.7349781394004822
482,38.48741149902344,560.0999755859375,56.946372985839844,594.7662353515625,0.6807087063789368
496,0.0,642.92529296875,11.678911209106445,675.20166015625,0.5153295993804932
506,609.53466796875,424.22259521484375,628.75390625,449.02777099609375,0.7557089924812317
507,498.55499267578125,401.26641845703125,517.0509643554688,431.4833984375,0.614062488079071
509,462.38946533203125,436.15216064453125,478.8721923828125,463.26336669921875,0.8059958219528198
510,464.88067626953125,436.21673583984375,482.85321044921875,465.98455810546875,0.7786439061164856
512,467.98388671875,438.84814453125,483.186767578125,463.912353515625,0.5834112763404846
513,467.76470947265625,480.250732421875,488.08001708984375,512.958251953125,0.81840580701828
514,456.50238037109375,432.2501220703125,478.43682861328125,470.5689697265625,0.8356626629829407
515,459.599853515625,433.3257141113281,477.47613525390625,463.4815979003906,0.8154907822608948
516,464.342041015625,471.6129150390625,481.15228271484375,498.44415283203125,0.7577541470527649
517,467.02606201171875,439.20672607421875,484.65618896484375,468.48333740234375,0.7796785235404968
521,468.25335693359375,445.0393981933594,488.19744873046875,478.3271179199219,0.7656732797622681
522,465.8025817871094,447.73956298828125,484.6398620605469,480.1234130859375,0.7815783619880676
523,461.74835205078125,448.3612060546875,478.10003662109375,477.13690185546875,0.7326182126998901
532,594.0587158203125,179.45481872558594,610.774658203125,205.8003692626953,0.7708824872970581
533,515.2695922851562,350.83123779296875,530.6984252929688,377.3651123046875,0.6556650996208191
534,449.8243103027344,462.984130859375,469.3202819824219,490.488037109375,0.7654471397399902
536,702.1744384765625,525.881103515625,718.589111328125,553.6314697265625,0.522604763507843
544,737.5167236328125,360.7987976074219,756.5416259765625,385.9489440917969,0.5459075570106506
545,723.635498046875,366.55926513671875,740.497802734375,391.71783447265625,0.7425858378410339
546,713.6749267578125,368.7906799316406,731.0303955078125,396.9212341308594,0.7650831341743469
547,708.9528198242188,371.9599304199219,725.4240112304688,398.2351379394531,0.7479852437973022
550,671.20849609375,480.47509765625,689.756591796875,510.368408203125,0.8641904592514038
553,693.5158081054688,363.51934814453125,709.3214721679688,387.12725830078125,0.8119861483573914
555,688.4639892578125,346.12689208984375,706.3424072265625,372.55303955078125,0.7270591259002686
556,685.2163696289062,344.10003662109375,701.1052856445312,368.3291015625,0.6461569666862488
557,684.9105224609375,343.2542724609375,700.15966796875,367.21142578125,0.7576087713241577
558,684.8327026367188,341.22857666015625,699.2518920898438,364.83251953125,0.7420026063919067
559,685.2208251953125,341.758056640625,699.1551513671875,362.98248291015625,0.5168040990829468
568,464.174560546875,456.4537353515625,482.376708984375,486.1419677734375,0.6864414811134338
569,463.94757080078125,439.4752197265625,481.916259765625,466.77996826171875,0.7284460067749023
570,464.89227294921875,489.6434326171875,483.45672607421875,515.354736328125,0.7795528769493103
571,464.4783020019531,437.1850891113281,484.8821105957031,466.0577087402344,0.8154197931289673
572,465.622802734375,421.4674377441406,479.845458984375,446.2846374511719,0.5240072011947632
573,461.90631103515625,437.397216796875,479.6802978515625,465.44610595703125,0.7705836892127991
574,465.8994140625,511.47900390625,486.15020751953125,544.740966796875,0.7826365232467651
575,465.88885498046875,445.7995300292969,482.80267333984375,472.2956237792969,0.707908034324646
576,468.9875183105469,444.93560791015625,486.3166809082031,472.7349853515625,0.6841039061546326
577,473.6436767578125,435.97955322265625,490.685302734375,462.70233154296875,0.7315130233764648
578,479.7537841796875,420.7847595214844,496.2445068359375,447.9969787597656,0.7178179025650024
584,449.1247253417969,368.22772216796875,461.5296936035156,388.337890625,0.5592724084854126
585,451.3868408203125,390.9338684082031,464.4317626953125,416.9286804199219,0.5463831424713135
588,1027.8319091796875,264.1943054199219,1041.8673095703125,289.2536926269531,0.5847628712654114
594,987.9465942382812,356.7359619140625,1003.7205200195312,382.2373046875,0.7177168726921082
597,1000.722900390625,369.0830078125,1021.288330078125,401.1846923828125,0.6410291790962219
598,945.998779296875,495.6256103515625,960.8134765625,519.9180908203125,0.6193804740905762
600,950.2216796875,311.34442138671875,964.231689453125,334.85125732421875,0.6313597559928894
609,595.164794921875,313.00274658203125,605.90966796875,334.6461181640625,0.6685616970062256
610,640.7396850585938,303.9593505859375,650.7531127929688,328.992919921875,0.5599878430366516
611,644.03564453125,250.0712890625,655.3486328125,270.7440185546875,0.5079970955848694
612,538.0994873046875,207.59963989257812,556.814697265625,237.05020141601562,0.8517991304397583
615,549.942626953125,319.4970703125,562.5823974609375,340.524169921875,0.548281192779541
624,527.36572265625,246.71380615234375,539.882080078125,269.09808349609375,0.7658344507217407
632,436.8258056640625,445.6108703613281,456.1827392578125,482.6860046386719,0.6153910160064697
635,704.9415283203125,394.112060546875,723.1405029296875,422.713134765625,0.6051755547523499
639,864.1068725585938,416.6680908203125,879.7623901367188,445.580810546875,0.5781935453414917
645,641.7530517578125,227.0474090576172,654.8824462890625,250.22161865234375,0.5201331377029419
651,531.2279052734375,247.02093505859375,545.977294921875,272.97821044921875,0.7715109586715698
652,517.5929565429688,245.29736328125,531.7871704101562,270.19256591796875,0.6854681372642517
665,562.2481079101562,221.35556030273438,572.7748413085938,242.0894775390625,0.5061517953872681
670,765.46240234375,422.04150390625,781.34375,454.2864990234375,0.6221773624420166
677,821.573486328125,353.3028869628906,834.436767578125,375.7030944824219,0.5720395445823669
679,324.85784912109375,420.6300964355469,342.41571044921875,454.6145324707031,0.7532907128334045
684,497.98779296875,208.16766357421875,509.388671875,227.4554443359375,0.6778165102005005
686,477.6603088378906,226.67520141601562,489.9985046386719,245.21896362304688,0.6273282170295715
687,404.4069519042969,339.02423095703125,418.8151550292969,357.82305908203125,0.5748735666275024
701,777.0303955078125,275.5184326171875,796.2130126953125,310.107666015625,0.6776119470596313
702,820.5582885742188,263.42535400390625,834.7772827148438,284.12396240234375,0.5375598669052124
705,989.6652221679688,254.46041870117188,1003.4940795898438,274.9725036621094,0.560093104839325
706,998.1038818359375,279.541748046875,1013.8900146484375,300.2119140625,0.6023347973823547
708,302.3022155761719,325.39764404296875,315.2275085449219,345.30792236328125,0.6130270957946777
709,901.7742919921875,270.0682373046875,914.535400390625,289.804443359375,0.6189131736755371
710,690.2821655273438,300.02099609375,705.7728881835938,321.5301513671875,0.6088021397590637
712,549.0494384765625,388.8369140625,566.6390380859375,415.83349609375,0.6031623482704163
713,580.8953857421875,371.98980712890625,595.740478515625,395.28790283203125,0.6558857560157776
714,611.260986328125,402.081298828125,628.22802734375,430.7301025390625,0.772914469242096
716,549.12060546875,308.0234069824219,561.047119140625,328.0380554199219,0.5720820426940918
717,371.61639404296875,332.4329833984375,389.17547607421875,364.533447265625,0.7302852272987366
719,452.8658447265625,308.8244323730469,463.943115234375,330.7313537597656,0.528447151184082
721,511.8861389160156,394.3096008300781,526.9783935546875,415.8900451660156,0.7085017561912537
723,608.5918579101562,312.39508056640625,621.9522094726562,335.0792236328125,0.6374150514602661
726,433.52191162109375,272.47705078125,444.20440673828125,290.476318359375,0.6564952731132507
728,943.0987548828125,359.40087890625,958.564697265625,383.28076171875,0.5883711576461792
730,448.85662841796875,405.78460693359375,462.48541259765625,430.22711181640625,0.661823034286499
731,870.1402587890625,290.6294250488281,878.859130859375,314.0586853027344,0.5456399321556091
735,758.2601928710938,285.72698974609375,769.9680786132812,307.0068359375,0.569743275642395
739,912.8854370117188,347.3037414550781,926.7169799804688,368.1391906738281,0.5291959047317505
740,930.3152465820312,346.73895263671875,945.7022094726562,374.73333740234375,0.5276920795440674
741,932.1226806640625,348.7898254394531,945.2830810546875,370.9865417480469,0.5703811645507812
742,923.006103515625,334.76983642578125,939.59716796875,360.09014892578125,0.774448812007904
743,923.0667724609375,328.1175842285156,940.2620849609375,352.9792785644531,0.6496652364730835
749,606.4027099609375,291.6462707519531,618.865234375,311.4231262207031,0.5534741878509521
777,484.6175537109375,323.0501708984375,495.3277587890625,346.07958984375,0.5593782067298889
779,388.48175048828125,367.0259704589844,399.79852294921875,393.3255310058594,0.5830352902412415
783,477.8846740722656,349.90972900390625,491.6479797363281,371.30718994140625,0.5464932918548584
785,501.011962890625,285.24981689453125,521.0777587890625,315.8118896484375,0.7097699642181396
786,593.8309326171875,318.626708984375,608.2864990234375,341.32354736328125,0.7049295902252197
793,961.9036865234375,420.1920166015625,975.6002197265625,449.001220703125,0.6744989156723022
795,454.7572021484375,212.37210083007812,468.8348388671875,238.68844604492188,0.5146859288215637
798,422.60638427734375,206.5293731689453,437.7454833984375,229.77357482910156,0.5061771273612976
799,418.9153137207031,201.53233337402344,432.3717346191406,224.19786071777344,0.5821741819381714
800,416.2177734375,199.10647583007812,429.088134765625,222.16787719726562,0.8276321291923523
801,416.2215270996094,196.91311645507812,429.2689514160156,220.20571899414062,0.6921557784080505
802,418.1639404296875,195.28640747070312,430.1917724609375,217.33554077148438,0.7003340721130371
803,418.833984375,194.22659301757812,431.6240234375,215.31765747070312,0.632430911064148
804,421.3106994628906,192.38441467285156,433.9517517089844,213.6229705810547,0.6116674542427063
806,436.92926025390625,191.69866943359375,448.40069580078125,212.1109619140625,0.6318962574005127
807,447.40985107421875,193.89254760742188,460.00494384765625,214.49276733398438,0.6047506928443909
808,915.1015625,510.797607421875,930.49609375,538.77099609375,0.8416433334350586
813,477.17095947265625,204.79888916015625,490.11553955078125,226.423828125,0.5162601470947266
816,463.36712646484375,207.95411682128906,477.23992919921875,228.24693298339844,0.6703107357025146
817,456.7484130859375,209.28912353515625,468.561279296875,227.49151611328125,0.5455437898635864
825,303.1488037109375,202.74026489257812,316.142822265625,222.90829467773438,0.5240804553031921
826,288.70343017578125,228.41616821289062,301.14117431640625,248.37832641601562,0.709869921207428
829,547.647216796875,273.85687255859375,560.740478515625,295.73370361328125,0.6354531645774841
830,605.7277221679688,207.453125,618.9716186523438,227.33465576171875,0.6368389129638672
837,579.6061401367188,171.85809326171875,590.9086303710938,194.169921875,0.5828567743301392
840,458.7974853515625,173.7427520751953,471.8861083984375,192.7887725830078,0.6628433465957642
841,447.5225830078125,214.65679931640625,461.69866943359375,235.52435302734375,0.6016422510147095
849,1042.783203125,230.412841796875,1054.97607421875,255.1373291015625,0.5480905771255493
853,400.98406982421875,522.6099853515625,418.89007568359375,549.8719482421875,0.5773845911026001
856,460.0151672363281,557.1947021484375,478.2573547363281,586.5899658203125,0.7198346853256226
858,616.983642578125,556.070068359375,640.365478515625,591.5478515625,0.6819160580635071
859,637.6647338867188,512.156494140625,657.7058715820312,551.271484375,0.831514298915863
862,751.1019287109375,381.7430114746094,765.5706787109375,407.1873474121094,0.7269811630249023
864,591.8935546875,452.50933837890625,607.843994140625,477.25482177734375,0.7624026536941528
877,517.1029052734375,199.66110229492188,530.9691162109375,224.07891845703125,0.5481852889060974
878,512.5234375,213.94387817382812,523.00146484375,233.07553100585938,0.5179240107536316
887,509.21856689453125,271.5033264160156,522.7814331054688,292.2740783691406,0.6140084862709045
889,563.6677856445312,349.0246276855469,579.8450317382812,374.6515808105469,0.7418435215950012
894,929.42919921875,407.2162780761719,943.01953125,431.0386047363281,0.698897123336792
898,800.8421630859375,319.24481201171875,813.5260009765625,341.95660400390625,0.6094689965248108
905,692.1473388671875,334.4337158203125,705.0284423828125,355.9013671875,0.6423382759094238
907,602.2020874023438,357.25128173828125,617.8746948242188,378.745361328125,0.527125358581543
911,546.8060302734375,313.89215087890625,560.4613037109375,340.880126953125,0.6323294043540955
915,629.1351318359375,352.8210754394531,644.551025390625,376.2497253417969,0.5608192682266235
920,754.1560668945312,269.7071533203125,766.4710083007812,288.23760986328125,0.6175982356071472
925,160.80609130859375,290.05718994140625,174.6746826171875,313.31976318359375,0.5302656888961792
926,837.2462158203125,265.37213134765625,847.6873779296875,285.92425537109375,0.7208166122436523
931,756.2243041992188,344.955322265625,767.1769409179688,366.03643798828125,0.68710857629776
932,787.3016967773438,327.59820556640625,799.5316772460938,347.91253662109375,0.7021133303642273
935,798.6873779296875,364.148193359375,813.708251953125,385.72552490234375,0.5681647658348083
936,796.1983642578125,339.711669921875,812.3861083984375,364.19384765625,0.6702401638031006
941,669.6116333007812,393.39166259765625,685.7636108398438,415.83013916015625,0.5472776293754578
942,672.4351806640625,343.33697509765625,688.570068359375,364.89263916015625,0.7989059686660767
943,670.001708984375,324.2187805175781,683.9656982421875,347.4188537597656,0.7494967579841614
945,0.0,322.13580322265625,12.618152618408203,357.65777587890625,0.5630738735198975
947,91.3599853515625,401.9600830078125,111.14021301269531,432.4349365234375,0.5678243041038513
952,850.46484375,187.24851989746094,862.439697265625,209.7869110107422,0.7222254276275635
953,878.9451904296875,192.12648010253906,895.1400146484375,214.4690704345703,0.5088715553283691
964,961.6512451171875,315.9456787109375,976.5596923828125,336.202880859375,0.5521931052207947
966,880.33984375,322.03125,893.976806640625,345.47662353515625,0.5493552088737488
967,790.6370849609375,334.40869140625,804.6407470703125,352.734619140625,0.5019280910491943
977,947.818359375,294.10284423828125,961.713623046875,316.76202392578125,0.6606664657592773
986,352.631103515625,255.50311279296875,368.50140380859375,279.73284912109375,0.5891366004943848
996,227.60304260253906,391.23443603515625,244.92100524902344,422.08087158203125,0.791756808757782
997,226.53912353515625,383.3052978515625,240.89840698242188,405.7362060546875,0.7593451142311096
1000,245.80902099609375,414.54278564453125,268.91998291015625,453.62518310546875,0.7069613337516785
1001,208.2300567626953,382.17388916015625,223.95762634277344,407.63946533203125,0.557635486125946
1005,130.066650390625,340.56829833984375,149.55947875976562,369.02093505859375,0.5791581869125366
1006,1158.2698974609375,376.2894287109375,1173.7938232421875,402.18109130859375,0.6998623609542847
1007,490.8118896484375,412.98309326171875,509.4544677734375,443.2740478515625,0.5757147073745728
1008,766.328125,541.5888671875,791.938720703125,578.1279296875,0.7585850358009338
1009,807.2706909179688,577.7088623046875,834.1155395507812,620.7879638671875,0.6661140322685242
1012,771.5574951171875,571.523193359375,797.0748291015625,618.323486328125,0.5357406139373779
1013,747.4058837890625,504.82720947265625,767.1353759765625,535.4492797851562,0.6505743861198425
1034,642.2911376953125,227.42181396484375,655.2459716796875,249.4775390625,0.5516407489776611
1041,773.6126708984375,331.46319580078125,787.0157470703125,355.48834228515625,0.56981360912323
1047,495.84356689453125,289.5467224121094,513.2310180664062,316.4183044433594,0.7284020781517029
1049,560.97705078125,311.298828125,575.0240478515625,334.022705078125,0.6361154317855835
1051,600.819580078125,314.51422119140625,618.9029541015625,341.84588623046875,0.775238573551178
1052,633.5478515625,318.07574462890625,651.1749267578125,346.24932861328125,0.7966996431350708
1053,649.774169921875,320.35150146484375,667.43017578125,349.1546630859375,0.8362418413162231
1054,698.2250366210938,330.8309631347656,713.7052612304688,356.1116638183594,0.7243598699569702
1055,707.2254028320312,336.4691162109375,725.1132202148438,364.683349609375,0.7913640141487122
1056,717.3248291015625,342.206298828125,732.5811767578125,365.3720703125,0.7704389691352844
1057,715.9689331054688,343.14080810546875,730.8897094726562,367.1575927734375,0.5881401896476746
1058,708.6214599609375,348.83514404296875,725.2308349609375,371.78375244140625,0.5135336518287659
1061,672.81494140625,357.2916259765625,690.5086669921875,381.45458984375,0.5462590456008911
1062,655.908935546875,362.0307922363281,671.1405029296875,385.7234191894531,0.7481798529624939
1064,635.7889404296875,369.55389404296875,650.8092041015625,393.28387451171875,0.6077336072921753
1065,635.855712890625,369.26397705078125,651.130859375,393.32135009765625,0.6454416513442993
1071,778.20751953125,491.2484130859375,797.568603515625,528.5802001953125,0.7543338537216187
1072,780.3646850585938,487.913818359375,800.8173217773438,526.347412109375,0.6551595330238342
1078,692.8770751953125,359.0651550292969,708.7978515625,382.4666442871094,0.7838650345802307
1079,365.17584228515625,415.3891906738281,379.25128173828125,438.2725524902344,0.516890287399292
1080,699.7318115234375,351.8421630859375,716.6544189453125,376.9051513671875,0.5503756403923035
1082,702.3330078125,346.2142639160156,718.63623046875,373.1395568847656,0.633287787437439
1084,684.313720703125,343.2010803222656,704.6630859375,374.4814758300781,0.8054161071777344
1085,681.3318481445312,346.3670654296875,703.5830688476562,380.79736328125,0.8061886429786682
1086,678.7140502929688,350.1824645996094,700.4752807617188,381.0470275878906,0.8119542002677917
1087,682.2350463867188,351.3921813964844,701.3029174804688,381.1028137207031,0.7759811878204346
1088,683.43603515625,354.7811584472656,700.365966796875,383.4330139160156,0.7788162231445312
1089,683.0106201171875,350.38116455078125,701.7552490234375,384.17889404296875,0.736312985420227
1090,684.3734130859375,353.53717041015625,704.3477783203125,384.02777099609375,0.8566141128540039
1091,684.3541259765625,354.7351989746094,703.9798583984375,385.9413757324219,0.7520933151245117
1092,687.5849609375,355.04345703125,705.658203125,385.0843505859375,0.8888624906539917
1094,715.8753662109375,355.5090637207031,730.6783447265625,382.9386291503906,0.5666788220405579
1095,724.762939453125,353.26019287109375,740.26513671875,380.45477294921875,0.6749064326286316
1096,746.1387939453125,345.73272705078125,763.319580078125,376.09283447265625,0.5228284001350403
1097,774.08349609375,343.2034912109375,789.3857421875,368.5750732421875,0.758188009262085
1102,1075.576416015625,296.38818359375,1090.888427734375,321.74951171875,0.571923017501831
1104,1186.5762939453125,301.5049743652344,1202.7872314453125,325.6555480957031,0.5149303078651428
1120,948.1363525390625,376.26251220703125,964.5035400390625,401.41644287109375,0.7883198857307434
1133,888.02099609375,405.8603515625,909.189697265625,439.43743896484375,0.7252267599105835
1134,867.962158203125,412.3040771484375,889.8447265625,446.2774658203125,0.5708884000778198
1135,845.003173828125,417.7144775390625,867.795654296875,448.3076171875,0.6997801661491394
1136,823.73876953125,421.2943115234375,844.56005859375,454.386962890625,0.8365704417228699
1137,803.388671875,423.66729736328125,826.954345703125,458.458984375,0.7122083306312561
1139,771.2432250976562,413.9891662597656,793.6702270507812,450.2551574707031,0.5168136358261108
1140,771.14404296875,413.7657470703125,793.67431640625,450.32843017578125,0.5219959020614624
1141,769.4384765625,402.1237487792969,789.88720703125,433.8345031738281,0.8702821731567383
1142,775.9481201171875,389.5830383300781,796.2630615234375,420.7063293457031,0.846730649471283
1143,798.6416625976562,373.42877197265625,815.5977172851562,401.29736328125,0.829330325126648
1144,813.513916015625,365.555419921875,830.6761474609375,393.929931640625,0.778150737285614
1145,863.0467529296875,346.633544921875,877.614501953125,372.5262451171875,0.7526658177375793
1153,1202.165771484375,355.8968200683594,1219.484619140625,384.6534729003906,0.7640319466590881
1154,1196.13037109375,356.4457702636719,1212.80517578125,383.2796325683594,0.8048108816146851
1155,1189.527099609375,357.3258361816406,1204.486328125,382.8463439941406,0.6785652041435242
1156,1168.9163818359375,353.2669372558594,1184.6746826171875,378.9267883300781,0.7023059725761414
1158,1156.756103515625,350.7188720703125,1171.442138671875,375.39599609375,0.5906782150268555
1159,1154.560302734375,352.03033447265625,1168.930908203125,376.43267822265625,0.6279739737510681
1161,1171.7529296875,352.7923583984375,1183.93310546875,376.4107666015625,0.7164966464042664
1168,1190.584228515625,332.8574523925781,1204.259521484375,353.3331604003906,0.5154227018356323
1170,1219.795654296875,334.89495849609375,1234.585205078125,356.662353515625,0.7480188608169556
1171,1237.5194091796875,339.642333984375,1250.3961181640625,360.85186767578125,0.6683160662651062
1217,1087.24462890625,216.54373168945312,1098.48779296875,237.18093872070312,0.5418480634689331
1218,1087.2176513671875,215.76187133789062,1099.8267822265625,237.04525756835938,0.6144739389419556
1272,1238.7967529296875,264.58636474609375,1251.8297119140625,284.8944091796875,0.5686600208282471
1274,1135.967529296875,313.5008544921875,1151.630126953125,338.5289306640625,0.5374370813369751
1275,1055.9609375,269.80328369140625,1067.7021484375,291.529541015625,0.5215425491333008
1276,831.357177734375,327.9630126953125,844.89794921875,355.4281005859375,0.5339324474334717
1290,658.72021484375,270.88995361328125,675.668701171875,294.2037353515625,0.733221173286438
1293,623.0662841796875,267.77459716796875,635.8369140625,289.03717041015625,0.6655247211456299
1298,818.3883056640625,285.436767578125,831.7542724609375,304.432373046875,0.5299167633056641
1302,739.14453125,252.50384521484375,755.692626953125,280.47491455078125,0.6243322491645813
1303,768.1190795898438,248.10552978515625,781.9043579101562,270.760986328125,0.799538791179657
1304,789.3427734375,250.973388671875,803.88037109375,274.10089111328125,0.507759153842926
1305,913.472900390625,376.874267578125,930.542724609375,412.612548828125,0.7704997062683105
1308,903.00390625,248.57223510742188,915.86865234375,272.0473327636719,0.6886919140815735
1314,1009.384521484375,278.3281555175781,1021.8516845703125,298.9042663574219,0.8299928903579712
1316,1025.371826171875,288.1548156738281,1038.650634765625,309.7558898925781,0.6224445700645447
1338,930.0419921875,203.4336395263672,940.651611328125,222.7930450439453,0.6001093983650208
1344,609.6709594726562,275.3595275878906,622.1817016601562,295.3018493652344,0.578872561454773
1366,609.0035400390625,230.03216552734375,621.4290771484375,249.76837158203125,0.6457851529121399
1374,386.43603515625,304.2815856933594,399.84661865234375,328.8168640136719,0.5937420129776001
1375,577.4149780273438,400.72528076171875,596.0822143554688,432.20025634765625,0.6085847616195679
1376,607.149169921875,375.4349060058594,625.0205078125,404.8260803222656,0.5887290835380554
1379,452.66656494140625,307.5341491699219,469.07977294921875,336.9817199707031,0.5519735217094421
1402,354.22265625,328.1927490234375,371.00469970703125,357.6829833984375,0.6124265193939209
1408,351.833251953125,293.5574035644531,365.8792724609375,318.2544250488281,0.6829267740249634
1409,353.8463134765625,293.1482238769531,366.3997802734375,314.7127990722656,0.6213439702987671
1411,370.299072265625,292.4840087890625,382.769775390625,314.769287109375,0.7332246899604797
1412,384.25042724609375,293.5465087890625,397.30621337890625,315.9891357421875,0.7781785130500793
1413,399.60528564453125,295.32196044921875,412.8349609375,318.869873046875,0.7787484526634216
1419,463.649169921875,300.008544921875,476.0029296875,321.8680419921875,0.6969732046127319
1422,464.3348083496094,294.72125244140625,479.4144592285156,320.02325439453125,0.5543837547302246
1423,464.015380859375,293.328857421875,479.3292236328125,320.216796875,0.5544334650039673
1424,464.23199462890625,293.6585693359375,479.43255615234375,319.4549560546875,0.644871175289154
1425,464.4272766113281,293.8046875,479.5131530761719,319.0167236328125,0.7010035514831543
1426,466.02337646484375,295.7886657714844,480.06439208984375,318.5713806152344,0.6881768703460693
1427,469.8258056640625,297.6658935546875,485.4219970703125,322.41339111328125,0.5747644901275635
1428,479.5931396484375,303.619873046875,494.08856201171875,324.795654296875,0.7436227798461914
1431,502.80072021484375,303.82373046875,517.9620971679688,327.970458984375,0.6359266042709351
1433,997.322509765625,674.082763671875,1011.955322265625,704.9208984375,0.6496580243110657
1434,526.9481201171875,306.9462890625,540.8426513671875,328.12103271484375,0.6642160415649414
1435,1003.2470703125,672.776611328125,1021.437255859375,704.025146484375,0.8081759214401245
1437,553.349853515625,301.98724365234375,565.61083984375,324.21221923828125,0.7190126776695251
1438,557.0430908203125,302.8746643066406,570.0543212890625,324.6957092285156,0.5923357009887695
1439,560.0634765625,303.40667724609375,573.543212890625,327.235595703125,0.6963710188865662
1441,1067.59326171875,608.41162109375,1083.53955078125,635.5361328125,0.8604060411453247
1442,1071.011474609375,604.258056640625,1085.952392578125,630.7191162109375,0.701021134853363
1443,740.6627197265625,428.4576416015625,763.8704833984375,457.7606201171875,0.8493313789367676
1445,575.701171875,450.8321533203125,588.26513671875,475.660888671875,0.6180263161659241
1446,789.939208984375,477.28887939453125,808.942138671875,506.71783447265625,0.7822718620300293
1447,791.7337646484375,442.63348388671875,812.5928955078125,475.28265380859375,0.8211584091186523
1448,787.6870727539062,481.28411865234375,804.6370239257812,509.44903564453125,0.7743495106697083
1449,790.060302734375,435.8290710449219,809.955810546875,463.3886413574219,0.7356835603713989
1450,783.2139892578125,456.92193603515625,804.6453857421875,485.8572998046875,0.751619279384613
1451,789.973388671875,433.8703918457031,812.8984375,467.1531677246094,0.8310175538063049
1452,793.181396484375,444.6854248046875,815.28857421875,478.940185546875,0.8284705281257629
1453,1077.764892578125,586.5630493164062,1092.467529296875,613.2261352539062,0.752619743347168
1454,1075.566162109375,585.3203125,1090.638916015625,610.7335205078125,0.7498628497123718
1455,1077.122314453125,585.7178344726562,1091.537841796875,610.8200073242188,0.7853323817253113
1456,1078.013916015625,585.475341796875,1092.1328125,611.230712890625,0.7242275476455688
1457,1078.8062744140625,585.7867431640625,1093.4713134765625,611.7728271484375,0.6724472641944885
1459,1083.9072265625,590.3464965820312,1099.579345703125,614.8025512695312,0.6549225449562073
1460,1085.0950927734375,590.9821166992188,1100.5133056640625,614.7444458007812,0.7565153241157532
1461,1087.015869140625,591.478271484375,1102.57470703125,616.537841796875,0.7042308449745178
1462,496.80682373046875,55.14520263671875,513.5408935546875,79.03880310058594,0.7201817035675049
1463,1086.2705078125,593.355712890625,1101.857421875,619.961669921875,0.6481586694717407
1464,418.85693359375,391.5346984863281,429.533447265625,418.6014709472656,0.718349814414978
1465,823.927490234375,500.981689453125,841.414306640625,531.1099853515625,0.6684136986732483
1466,641.0494384765625,349.6224365234375,659.5205078125,377.67486572265625,0.8130483031272888
1467,1084.2801513671875,596.0150756835938,1100.4996337890625,622.2033081054688,0.7783244848251343
1468,1085.121337890625,596.7227172851562,1101.036865234375,621.9302368164062,0.6480472683906555
1471,705.881103515625,392.3255310058594,723.578857421875,417.6963195800781,0.8259912133216858
1472,1140.03955078125,513.2313232421875,1154.19970703125,541.2994384765625,0.6733521819114685
1473,823.975341796875,500.3585205078125,844.378662109375,533.1026611328125,0.6217735409736633
1478,1099.7596435546875,608.7674560546875,1114.6798095703125,633.0882568359375,0.6273291707038879
1485,467.8389587402344,392.36688232421875,481.5666809082031,417.798095703125,0.5568143129348755
1487,1102.49951171875,609.848876953125,1115.843017578125,631.58203125,0.5274071097373962
1488,512.16015625,291.15264892578125,526.6083984375,318.40545654296875,0.717626690864563
1492,1102.7767333984375,613.3853759765625,1118.4031982421875,637.8497314453125,0.5324006676673889
1495,1103.966064453125,607.8363037109375,1118.82568359375,631.6375732421875,0.6808096170425415
1497,1104.771728515625,604.9088134765625,1118.393310546875,627.64111328125,0.5174211263656616
1501,421.814453125,391.8355712890625,437.115478515625,413.7059326171875,0.5010757446289062
1502,526.1771240234375,339.4273986816406,542.0440673828125,364.5556945800781,0.5726271271705627
1503,578.6783447265625,454.86029052734375,592.223876953125,483.30291748046875,0.5473029613494873
1504,518.575439453125,343.5787048339844,533.7314453125,368.0851745605469,0.7284147143363953
1505,518.2380981445312,342.66827392578125,533.9246215820312,368.47540283203125,0.5959087610244751
1509,1101.519775390625,601.6766357421875,1115.808349609375,625.087890625,0.5955917835235596
1511,653.9922485351562,423.61163330078125,672.0114135742188,448.31683349609375,0.8490036129951477
1514,805.4635009765625,422.8178405761719,824.9969482421875,451.4949645996094,0.5608435273170471
1516,795.2430419921875,432.7579345703125,815.2843017578125,460.636474609375,0.5261285305023193
1518,780.7487182617188,458.899169921875,802.0221557617188,492.406494140625,0.820195198059082
1519,787.0355834960938,436.9915466308594,807.3002319335938,466.2870788574219,0.8615967631340027
1521,798.1318359375,440.8892822265625,816.700439453125,469.5360107421875,0.7861973643302917
1524,788.069091796875,440.8414306640625,808.19140625,472.7410888671875,0.5927695035934448
1525,799.2937622070312,441.1455078125,816.7736206054688,466.5174560546875,0.8115726709365845
1526,794.513916015625,438.55377197265625,813.3597412109375,467.0361328125,0.7924294471740723
1531,691.032470703125,388.0035400390625,705.97607421875,415.21856689453125,0.6065988540649414
1532,656.0154418945312,408.296875,676.7002563476562,451.7900390625,0.5845940709114075
1541,385.0687255859375,260.322998046875,398.9954833984375,281.88671875,0.7281801104545593
1551,882.697998046875,325.52911376953125,900.605224609375,352.32147216796875,0.7956376075744629
1553,851.928955078125,376.9716796875,867.4404296875,403.06268310546875,0.6829519271850586
1556,783.9159545898438,350.08563232421875,800.7728881835938,380.38494873046875,0.6146377325057983
1559,893.47216796875,459.811767578125,913.13818359375,493.17926025390625,0.6153226494789124
1560,870.4933471679688,454.638671875,888.2042846679688,486.1915283203125,0.5722274780273438
1562,564.688232421875,475.11767578125,582.208740234375,503.1798095703125,0.5912649035453796
1565,283.530517578125,463.2601318359375,305.57684326171875,494.812744140625,0.5676171183586121
1566,240.36715698242188,412.8076477050781,258.23480224609375,441.0109558105469,0.8448905944824219
1567,183.01226806640625,383.449462890625,207.18399047851562,419.78759765625,0.8508220911026001
1568,165.82546997070312,364.5805358886719,190.57107543945312,396.4056091308594,0.5209185481071472
1572,481.73516845703125,503.48553466796875,501.12298583984375,530.2820434570312,0.8132050633430481
1575,447.94390869140625,433.80322265625,462.10455322265625,458.7325439453125,0.5507581830024719
1576,367.1419677734375,479.74090576171875,383.6632080078125,503.61749267578125,0.6605646014213562
1577,611.553955078125,325.1951904296875,623.453857421875,349.15118408203125,0.6103958487510681
1578,369.1467590332031,364.556640625,384.0762023925781,392.0633544921875,0.7938702702522278
1584,630.2721557617188,279.5927734375,642.0840454101562,302.031494140625,0.6414210200309753
1590,336.5845031738281,174.62664794921875,351.0379943847656,198.15753173828125,0.7306458353996277
1593,261.8349609375,400.00274658203125,281.220947265625,430.93426513671875,0.7575398087501526
1594,293.52960205078125,461.379638671875,309.23907470703125,489.0377197265625,0.6888583302497864
1600,673.5985107421875,542.692626953125,694.2950439453125,576.55810546875,0.5229654908180237
1601,569.593017578125,185.15481567382812,589.488037109375,220.82846069335938,0.5047832131385803
1602,801.9521484375,533.4212646484375,826.0107421875,566.4957275390625,0.821599543094635
1604,912.567626953125,447.5439147949219,929.664306640625,474.1661071777344,0.7266560196876526
1607,961.4122314453125,334.64599609375,975.9549560546875,361.27685546875,0.5058731436729431
1620,759.39599609375,223.25460815429688,777.4237060546875,250.75125122070312,0.70074862241745
1621,380.5994873046875,338.00408935546875,395.6357421875,365.66900634765625,0.5262762308120728
1622,659.6319580078125,335.36932373046875,677.2779541015625,360.77386474609375,0.7205781936645508
1624,593.7708740234375,225.64105224609375,607.0692138671875,250.9658203125,0.7632332444190979
1634,619.7255249023438,245.75674438476562,633.4349975585938,269.6482238769531,0.5576241612434387
1636,663.1409301757812,242.60589599609375,678.6168823242188,263.87847900390625,0.6494492292404175
1637,702.433349609375,260.0276184082031,717.34521484375,284.3361511230469,0.8129019737243652
1639,786.964111328125,262.2724609375,803.160400390625,287.70623779296875,0.6291304230690002
1642,626.2666625976562,267.804931640625,637.6210327148438,287.3818359375,0.6790263652801514
1646,770.44189453125,351.8525695800781,787.39111328125,379.8281555175781,0.8382324576377869
1650,214.073974609375,246.32162475585938,225.0135498046875,269.1936950683594,0.5953066945075989
1653,712.472900390625,437.18756103515625,733.45068359375,467.97100830078125,0.5171927213668823
1654,741.4367065429688,382.3516845703125,756.8234252929688,409.0184326171875,0.8126251697540283
1655,740.758544921875,389.7545166015625,761.18017578125,417.8515625,0.8045738935470581
1657,752.04052734375,403.9283447265625,768.576416015625,427.5260009765625,0.7452958822250366
1658,757.1865234375,277.2831115722656,772.16015625,299.2589416503906,0.5504711866378784
1659,704.714599609375,465.23236083984375,721.491943359375,492.69940185546875,0.6724445223808289
1661,574.9510498046875,323.49627685546875,592.2862548828125,350.69537353515625,0.8209774494171143
1666,322.83380126953125,291.3536071777344,335.9488525390625,313.3471374511719,0.6276405453681946
1669,814.686767578125,419.26861572265625,828.411376953125,445.86077880859375,0.757487416267395
1674,352.650146484375,367.96820068359375,371.73834228515625,410.54815673828125,0.5984859466552734
1675,352.10101318359375,238.53466796875,368.98480224609375,269.1690673828125,0.56803959608078
1679,447.68206787109375,349.48614501953125,465.58929443359375,383.27117919921875,0.6164646744728088
1685,501.81756591796875,369.9876403808594,516.7958984375,396.1534118652344,0.5627519488334656
1692,658.492919921875,387.7587890625,671.948974609375,409.3857421875,0.7450829744338989
1702,671.452880859375,440.13861083984375,683.76513671875,462.32452392578125,0.5497303605079651
1704,882.53662109375,260.16778564453125,893.995849609375,281.00946044921875,0.5796443819999695
1706,434.065673828125,322.6048889160156,448.011474609375,349.1962585449219,0.6055229902267456
1708,444.76800537109375,398.4462890625,461.27642822265625,422.343505859375,0.6258023977279663
1709,430.80322265625,344.7729187011719,446.15771484375,368.1487731933594,0.8086333870887756
1712,1008.7952880859375,314.655517578125,1026.0841064453125,349.39599609375,0.6805235147476196
1714,532.7320556640625,428.75640869140625,556.3031005859375,461.87677001953125,0.8224536180496216
1722,1036.794189453125,294.03753662109375,1051.585205078125,321.5849609375,0.5193942189216614
1725,685.7294921875,292.8168640136719,704.1793212890625,319.4095764160156,0.646898627281189
1727,546.577392578125,192.70675659179688,556.96923828125,213.0823974609375,0.5444047451019287
1739,449.04290771484375,274.3670959472656,467.0623779296875,303.2426452636719,0.7915749549865723
1752,297.5645751953125,487.1113586425781,315.7911376953125,519.27490234375,0.5917762517929077
1755,673.9080810546875,252.42486572265625,689.1065673828125,275.1787109375,0.7675629258155823
1756,799.905029296875,362.8628845214844,816.572998046875,391.8331604003906,0.637516438961029
1762,660.2243041992188,208.29574584960938,673.1417846679688,228.42678833007812,0.5279570817947388
1770,961.089111328125,372.7212219238281,979.4605712890625,401.9248962402344,0.8488785624504089
1772,768.7673950195312,153.0103759765625,781.7337036132812,176.92626953125,0.5578431487083435
1777,742.2596435546875,184.40603637695312,753.1649169921875,202.57003784179688,0.632262647151947
1796,897.10546875,259.93206787109375,909.844970703125,279.88751220703125,0.5005817413330078
1800,946.6727905273438,292.6888427734375,958.1298217773438,312.11279296875,0.7094814777374268
1810,930.7947998046875,292.096435546875,945.24609375,314.62591552734375,0.6409950256347656
1811,914.6688232421875,295.3581237792969,931.609130859375,325.9759216308594,0.6751633882522583
1817,905.9075927734375,447.9281005859375,926.3846435546875,479.9691162109375,0.877223789691925
1820,832.3526611328125,469.1956787109375,851.7193603515625,504.2982177734375,0.6730957627296448
1822,619.43701171875,500.5291748046875,635.583984375,526.0733642578125,0.5043817758560181
1825,371.97894287109375,464.51788330078125,392.05621337890625,495.45025634765625,0.5128329396247864
1828,354.75030517578125,325.60003662109375,370.26214599609375,346.2921142578125,0.7309148907661438
1877,1119.952392578125,249.72918701171875,1134.2529296875,271.1126708984375,0.5025338530540466
1878,1007.304443359375,380.32086181640625,1020.7098388671875,411.32867431640625,0.7501554489135742
1881,350.5601501464844,194.6728515625,363.7194519042969,214.38162231445312,0.6546369194984436
1883,396.64324951171875,416.50933837890625,410.52703857421875,442.17327880859375,0.5485280156135559
1885,1172.8658447265625,343.485595703125,1186.7293701171875,367.66168212890625,0.5137523412704468
1886,944.9234619140625,390.18182373046875,959.0025634765625,413.02960205078125,0.5489563941955566
1888,656.009765625,340.2244873046875,668.617919921875,366.1060791015625,0.6237514019012451
1893,974.9805908203125,279.4940185546875,989.2342529296875,300.5535888671875,0.6195364594459534
1894,569.398681640625,435.6700134277344,589.8128662109375,468.8012390136719,0.784767210483551
1902,1199.9500732421875,451.185546875,1215.7159423828125,485.2098388671875,0.6549009680747986
1903,1234.345947265625,455.1669921875,1252.440673828125,493.3740234375,0.701874315738678
1911,373.0191650390625,219.40966796875,388.09423828125,241.54183959960938,0.6213279962539673
1955,848.706298828125,224.949462890625,863.0648193359375,250.0633544921875,0.639701783657074
1957,276.8982849121094,204.32046508789062,290.2082824707031,226.32785034179688,0.5134254693984985
1969,239.55758666992188,223.66802978515625,252.53997802734375,246.30413818359375,0.6989350318908691
1970,229.8482666015625,197.43582153320312,242.3177490234375,218.38998413085938,0.6903001666069031
1975,404.244140625,320.19384765625,419.2083740234375,344.7606201171875,0.7260585427284241
1976,421.2982177734375,319.01251220703125,434.7279052734375,343.01715087890625,0.7173699140548706
1980,437.22998046875,364.18328857421875,455.74774169921875,395.24884033203125,0.6915026307106018
1981,403.711181640625,333.13555908203125,417.9329833984375,358.59576416015625,0.618872880935669
1982,414.895751953125,424.59698486328125,434.94775390625,449.68194580078125,0.630761981010437
1984,416.88189697265625,445.8395690917969,436.9588623046875,478.0891418457031,0.506386399269104
1988,480.66925048828125,389.6606140136719,496.98529052734375,415.0132141113281,0.7396098375320435
1989,510.1053466796875,382.35150146484375,526.687744140625,409.96942138671875,0.6589228510856628
1990,748.0405883789062,325.92822265625,765.8156127929688,359.7734375,0.560654878616333
1994,516.805419921875,408.9107666015625,533.0478515625,435.899169921875,0.5575178265571594
1998,1090.614990234375,265.72247314453125,1104.17138671875,286.35260009765625,0.6652117967605591
2019,417.8725280761719,453.53277587890625,434.6759948730469,483.38604736328125,0.5993995070457458
2024,790.4825439453125,353.49169921875,805.0675048828125,377.6986083984375,0.5080108642578125
2026,737.6015625,360.16815185546875,753.540771484375,383.05047607421875,0.5283756256103516
2027,727.122802734375,358.2348937988281,742.8460693359375,383.5453796386719,0.6545840501785278
2030,726.9035034179688,231.00811767578125,743.5597534179688,258.4322509765625,0.7577236294746399
2031,718.1394653320312,231.7384033203125,733.3637084960938,257.422119140625,0.8433228135108948
2032,726.5278930664062,229.12591552734375,743.9489135742188,258.3778076171875,0.8151537775993347
2033,731.556640625,228.53738403320312,746.181396484375,253.36788940429688,0.7046236395835876
2034,726.7718505859375,222.2593231201172,742.4503173828125,248.22027587890625,0.6976555585861206
2035,713.2786865234375,221.3336944580078,730.7166748046875,247.34466552734375,0.7669894695281982
2036,693.3607177734375,222.19085693359375,709.256103515625,245.481201171875,0.7658467292785645
2037,674.1683349609375,222.93057250976562,688.5283203125,244.70608520507812,0.7774172425270081
2038,664.5955810546875,223.42282104492188,680.4110107421875,245.53939819335938,0.5174168348312378
2042,573.1609497070312,453.45489501953125,591.2327270507812,487.8031005859375,0.5942822694778442
2043,364.9512634277344,358.6252136230469,379.4225769042969,382.4663391113281,0.5693586468696594
2046,749.84228515625,312.77716064453125,762.4339599609375,335.22772216796875,0.7350434064865112
2047,742.087890625,314.1253662109375,756.513671875,336.283203125,0.7078859210014343
2048,734.6488037109375,314.433837890625,749.863525390625,337.39501953125,0.7446519732475281
2049,727.7799072265625,315.9842224121094,745.2403564453125,344.3279724121094,0.6375618577003479
2050,726.5106201171875,320.2701721191406,744.3714599609375,347.9175109863281,0.7560366988182068
2051,721.3377075195312,325.0723876953125,737.9216918945312,349.8382568359375,0.8267030715942383
2052,716.1287841796875,328.24188232421875,731.2593994140625,352.39825439453125,0.6810764670372009
2054,700.2664184570312,333.400146484375,718.5691528320312,361.84075927734375,0.7499210834503174
2055,697.83154296875,333.02423095703125,716.28564453125,362.06353759765625,0.7134444713592529
2056,700.9014892578125,332.01983642578125,718.5313720703125,359.85980224609375,0.7628113031387329
2057,706.6041870117188,333.166748046875,721.5018920898438,355.34771728515625,0.6314129829406738
2062,0.0,543.583740234375,14.564830780029297,576.71826171875,0.7072635293006897
2063,702.3385009765625,388.595947265625,716.5731201171875,412.32177734375,0.5338647961616516
2067,528.951416015625,320.17584228515625,547.769775390625,355.06756591796875,0.7629997134208679
2071,728.052978515625,348.27557373046875,748.184326171875,379.04290771484375,0.533578097820282
2072,729.7706298828125,352.67327880859375,748.4073486328125,380.17315673828125,0.5968235731124878
2073,731.7623291015625,354.8002014160156,750.1314697265625,381.4623107910156,0.7548256516456604
2074,732.09130859375,354.4453125,753.8157958984375,382.107666015625,0.532123863697052
2076,735.1851806640625,357.77227783203125,751.5855712890625,383.00860595703125,0.7592803239822388
2077,735.560546875,359.02508544921875,751.9500732421875,384.80316162109375,0.7594960331916809
2078,735.7376708984375,359.2344665527344,751.8096923828125,384.3790588378906,0.7615616917610168
2079,737.3463745117188,358.8665771484375,753.0689086914062,383.9832763671875,0.7754523754119873
2080,738.9456787109375,356.819580078125,756.4561767578125,383.1312255859375,0.8394207954406738
2081,738.685546875,352.85308837890625,756.818603515625,377.72894287109375,0.7557784914970398
2082,735.919921875,338.046875,750.5311279296875,363.1866455078125,0.7698761820793152
2083,736.5421142578125,336.0977783203125,753.24365234375,361.5556640625,0.5222412347793579
2087,612.8890991210938,418.4073486328125,634.4290161132812,447.851318359375,0.6161811947822571
2088,548.0252685546875,429.05828857421875,572.3695068359375,461.57672119140625,0.8113558292388916
2089,495.74420166015625,392.177734375,516.9805297851562,424.734619140625,0.7080608010292053
2095,460.70947265625,423.9706726074219,477.54022216796875,452.2702941894531,0.8341395854949951
2096,461.0143737792969,431.51171875,478.0075378417969,459.3525390625,0.8327817320823669
2097,473.86651611328125,464.8289794921875,494.20684814453125,495.236572265625,0.82923823595047
2103,143.20584106445312,690.878662109375,159.27511596679688,719.444091796875,0.5211148858070374
2112,436.0173645019531,374.25543212890625,448.9486999511719,396.09674072265625,0.5359922647476196
2117,845.7979736328125,379.1622314453125,861.1964111328125,405.2183837890625,0.5100265145301819
2118,688.9852294921875,378.918212890625,704.1986083984375,402.80560302734375,0.7774413228034973
2119,659.740966796875,371.8166809082031,678.2420654296875,399.8048400878906,0.7364080548286438
2123,645.5097045898438,382.013671875,665.7018432617188,412.3385009765625,0.7660431861877441
2124,670.5992431640625,367.34320068359375,686.5513916015625,396.07598876953125,0.767151951789856
2125,701.576904296875,347.84259033203125,718.562744140625,372.9747314453125,0.6950369477272034
2128,742.4410400390625,341.1790771484375,757.1138916015625,364.8170166015625,0.5915476679801941
2131,210.48922729492188,544.9544677734375,228.58712768554688,572.3265380859375,0.57296222448349
2134,601.3623046875,473.13067626953125,624.162109375,506.14874267578125,0.7117444276809692
2135,548.4689331054688,406.25872802734375,571.4464721679688,437.86444091796875,0.686028778553009
2137,466.15185546875,443.971435546875,484.5523681640625,472.027099609375,0.7190585136413574
2141,475.258056640625,505.03564453125,493.9830322265625,538.430419921875,0.7092776298522949
2142,466.7545166015625,443.066650390625,485.6649169921875,472.4044189453125,0.7498375177383423
2143,466.43487548828125,475.8815612792969,487.1114501953125,506.9912109375,0.7536678314208984
2148,467.109375,431.67230224609375,480.6673583984375,455.83123779296875,0.5643641352653503
2149,466.6057434082031,387.707763671875,484.9960632324219,412.609130859375,0.5612072944641113
2155,496.8590393066406,358.03289794921875,509.3144836425781,377.36346435546875,0.5428473949432373
2158,590.675537109375,407.9044189453125,606.204345703125,432.7484130859375,0.6439061164855957
2162,624.858154296875,337.44171142578125,639.943603515625,362.86102294921875,0.6549966931343079
2164,667.7606201171875,338.1020202636719,682.9561767578125,364.7651062011719,0.7679904103279114
2167,760.260986328125,338.9610595703125,777.79833984375,365.7855224609375,0.6489516496658325
2169,816.445068359375,296.64019775390625,830.887451171875,319.51727294921875,0.6994120478630066
2179,542.3370361328125,356.97601318359375,559.5267333984375,384.93499755859375,0.5831713676452637
2183,773.7305908203125,351.66357421875,789.4683837890625,376.865966796875,0.5531128644943237
2184,752.6448974609375,352.73486328125,771.3092041015625,383.87506103515625,0.8384561538696289
2187,755.0880126953125,371.9809265136719,770.620361328125,397.9703674316406,0.5419027805328369
2196,784.1566772460938,431.78717041015625,798.8821411132812,459.3489990234375,0.5634870529174805
2197,784.608642578125,431.2997741699219,798.491455078125,458.7632751464844,0.6214569807052612
2199,531.1956787109375,324.82989501953125,546.15478515625,350.67999267578125,0.5819668173789978
2201,832.2364501953125,328.07342529296875,848.8201904296875,353.40350341796875,0.7991571426391602
2205,663.3875732421875,415.255859375,684.9815673828125,447.5457763671875,0.8621595501899719
2206,588.725341796875,441.63482666015625,609.417236328125,469.5062255859375,0.7099135518074036
2213,478.71728515625,432.055419921875,496.702880859375,461.2977294921875,0.7442906498908997
2214,482.9033203125,501.02264404296875,502.2677001953125,530.7938842773438,0.8260624408721924
2215,468.4869384765625,441.3094787597656,486.223388671875,471.0415344238281,0.6839311718940735
2221,464.87554931640625,363.74786376953125,484.05523681640625,396.2109375,0.8199223279953003
2222,544.9602661132812,160.86077880859375,562.1989135742188,187.59869384765625,0.8394385576248169
2225,567.830078125,383.56878662109375,586.050537109375,410.52069091796875,0.5925806760787964
2234,834.1203002929688,249.59613037109375,847.3671264648438,276.32379150390625,0.5692517757415771
2246,1055.437744140625,324.226806640625,1070.891357421875,349.812744140625,0.7942476868629456
2275,991.908447265625,315.42803955078125,1005.372314453125,336.73992919921875,0.6644752621650696
2283,628.1207275390625,286.8026428222656,641.766357421875,313.7514343261719,0.7209906578063965
2298,606.1552734375,399.4342041015625,622.638671875,427.133544921875,0.558018147945404
2299,625.58349609375,334.0283508300781,638.736328125,355.7039489746094,0.7001433372497559
2301,623.9472045898438,398.09161376953125,637.8439331054688,420.52972412109375,0.5906152725219727
2304,176.15530395507812,393.13604736328125,199.40896606445312,436.35418701171875,0.5573423504829407
2305,290.08392333984375,353.819091796875,304.83807373046875,381.6846923828125,0.5632069110870361
2313,743.03515625,414.9373474121094,763.316650390625,447.9671325683594,0.7609837055206299
2314,726.4981689453125,335.6932373046875,745.4854736328125,368.0499267578125,0.7895197868347168
2316,389.81011962890625,151.41934204101562,403.99029541015625,173.75137329101562,0.5409106016159058
2318,834.0830078125,415.23907470703125,852.06103515625,444.27520751953125,0.6951918005943298
2327,451.1953125,353.03375244140625,467.5771484375,378.36358642578125,0.629145085811615
2339,369.3150634765625,403.5511474609375,382.88140869140625,428.2550048828125,0.5009338855743408
2354,503.19708251953125,262.54180908203125,517.9529418945312,283.31268310546875,0.7293320894241333
2356,503.45379638671875,252.38983154296875,518.1051635742188,274.794677734375,0.6063926219940186
2358,565.5015869140625,261.2751159667969,578.3609619140625,284.5236511230469,0.5069704055786133
2361,562.7349853515625,249.9810791015625,574.8758544921875,271.137939453125,0.5661848187446594
2362,582.60400390625,215.3424072265625,596.60302734375,235.73858642578125,0.760224461555481
2363,577.6673583984375,201.62767028808594,589.7742919921875,223.10227966308594,0.5864682793617249
2372,688.4168090820312,223.75582885742188,700.8551635742188,244.63314819335938,0.705409824848175
2373,626.6731567382812,284.8666076660156,639.1463012695312,305.2286682128906,0.7793906927108765
2374,574.2273559570312,377.8266296386719,591.1233520507812,402.8714294433594,0.5724774599075317
2377,564.6114501953125,253.4095458984375,577.89501953125,273.871826171875,0.5203599333763123
2380,522.9346313476562,353.78717041015625,537.6166381835938,377.58856201171875,0.7069483399391174
2384,579.2156982421875,271.01837158203125,594.1668701171875,294.89483642578125,0.634332537651062
2386,913.5110473632812,219.51327514648438,924.6719360351562,238.57278442382812,0.7015911340713501
2393,412.19049072265625,462.161376953125,430.94659423828125,493.12481689453125,0.5513970851898193
2404,424.4273681640625,298.01715087890625,442.9871826171875,326.74835205078125,0.6600951552391052
2419,644.5130004882812,307.84051513671875,657.3347778320312,328.71295166015625,0.5630216002464294
2424,918.1368408203125,394.220703125,931.6834716796875,418.291259765625,0.7235424518585205
2429,930.8089599609375,339.40106201171875,946.556640625,366.74444580078125,0.6087848544120789
2430,955.0447998046875,340.3740539550781,969.6431884765625,365.9469909667969,0.6648007035255432
2432,973.014404296875,408.03741455078125,988.116455078125,434.83538818359375,0.7032267451286316
2433,538.1243896484375,499.39337158203125,558.9073486328125,536.6166381835938,0.7943587303161621
2435,572.85205078125,513.8333740234375,588.836669921875,544.95751953125,0.5506274104118347
2445,882.4390869140625,327.9801025390625,894.6478271484375,352.5062255859375,0.6766916513442993
2451,1068.10986328125,526.421630859375,1085.595947265625,556.93115234375,0.6367670297622681
2452,494.1705322265625,347.3436279296875,511.125732421875,373.8121337890625,0.7489631175994873
2453,497.57843017578125,349.55657958984375,512.5370483398438,373.09844970703125,0.6616919040679932
2454,500.182861328125,347.43310546875,517.9056396484375,372.84576416015625,0.7036749720573425
2455,1058.244140625,529.013427734375,1075.442138671875,561.7078857421875,0.799997091293335
2458,529.6519775390625,305.3922119140625,543.59375,328.4376220703125,0.6676951050758362
2459,1022.9425048828125,513.8321533203125,1044.3858642578125,548.9268798828125,0.5674542188644409
2460,669.0206298828125,435.1979064941406,687.9813232421875,462.6218566894531,0.8108187913894653
2461,742.7296752929688,427.7897033691406,767.4721069335938,461.7553405761719,0.7968207001686096
2462,811.1742553710938,397.94287109375,829.0570678710938,426.07177734375,0.5243844389915466
2463,796.522216796875,451.0736083984375,815.072998046875,478.9005126953125,0.5640037059783936
2468,790.07470703125,440.5416564941406,812.361328125,475.1659240722656,0.6385595202445984
2469,788.8931884765625,446.50518798828125,808.1702880859375,481.55352783203125,0.7910847663879395
2470,780.35693359375,486.8446044921875,798.8037109375,513.81689453125,0.7693360447883606
2471,782.9263305664062,440.3944091796875,804.6593627929688,471.421142578125,0.8181264996528625
2472,776.8323364257812,499.1190185546875,795.1991577148438,525.5421142578125,0.7020317316055298
2473,781.8193969726562,438.6064147949219,805.0488891601562,468.5865783691406,0.5121040344238281
2474,786.8099365234375,445.4326171875,808.3673095703125,481.5035400390625,0.6829342246055603
2476,795.1715087890625,441.76123046875,816.4200439453125,474.0023193359375,0.6970781683921814
2478,792.6356811523438,436.12591552734375,810.7774047851562,463.89471435546875,0.5089471340179443
2479,950.5863037109375,560.318359375,967.8626708984375,593.973876953125,0.7119719386100769
2483,720.9697875976562,227.14645385742188,735.9971313476562,252.19003295898438,0.5357389450073242
2488,461.75921630859375,114.18295288085938,477.77532958984375,139.19625854492188,0.7123578786849976
2491,1041.0284423828125,506.6353759765625,1055.2518310546875,532.51171875,0.567299485206604
2493,527.3868408203125,306.89617919921875,545.7452392578125,336.58917236328125,0.5333514213562012
2494,862.0367431640625,438.6850280761719,875.5924072265625,467.8937072753906,0.6611996293067932
2496,515.276123046875,420.4618225097656,532.072509765625,446.7763366699219,0.7219262719154358
2508,1074.3778076171875,527.785888671875,1089.6998291015625,556.732177734375,0.5261796712875366
2509,1078.648681640625,525.143798828125,1095.291259765625,559.190185546875,0.6169216632843018
2534,666.1926879882812,443.1392822265625,686.6271362304688,471.5025634765625,0.5960270166397095
2535,726.837646484375,444.37255859375,750.83935546875,475.81756591796875,0.5161053538322449
2540,783.7611694335938,440.4776611328125,801.7528686523438,468.347412109375,0.7943390607833862
2543,780.8892822265625,448.54052734375,802.2034912109375,478.607177734375,0.8056027889251709
2544,771.4527587890625,460.25921630859375,790.78369140625,487.75396728515625,0.7278169393539429
2545,773.5060424804688,509.8055419921875,791.9465942382812,538.8731689453125,0.8338833451271057
2546,790.8095703125,440.07965087890625,814.47314453125,469.543212890625,0.7161420583724976
2547,791.2222900390625,448.08502197265625,810.9132080078125,479.9405517578125,0.6343234777450562
2548,777.27587890625,435.92877197265625,800.27197265625,465.71759033203125,0.540320634841919
2549,802.975830078125,445.715087890625,819.954833984375,470.1875,0.7600946426391602
2550,802.5926513671875,443.8702392578125,821.0615234375,469.54736328125,0.7634801268577576
2553,773.9893798828125,414.9402770996094,790.0115966796875,440.6297912597656,0.6156571507453918
2563,515.5067138671875,317.07464599609375,536.0469970703125,351.51287841796875,0.7235546708106995
2595,1169.2181396484375,513.18359375,1200.1595458984375,562.7413330078125,0.653289794921875
2618,270.8489074707031,214.05462646484375,283.5578308105469,234.63922119140625,0.6513286828994751
2625,293.64453125,264.9141845703125,308.58416748046875,286.95953369140625,0.5545364618301392
2627,305.7855224609375,300.09600830078125,321.29498291015625,324.60491943359375,0.5158316493034363
2628,301.1887512207031,287.1075439453125,320.2168884277344,310.8909912109375,0.7507025003433228
2631,1126.8074951171875,257.745361328125,1140.7867431640625,282.64703369140625,0.659753143787384
2634,426.6780700683594,357.53411865234375,443.1461486816406,386.21246337890625,0.812061607837677
2635,1088.9119873046875,282.66656494140625,1104.8592529296875,304.369873046875,0.5961510539054871
2636,400.81561279296875,359.15228271484375,417.29351806640625,384.35101318359375,0.7145082354545593
2637,399.5950927734375,368.620361328125,415.8515625,397.31146240234375,0.7317957878112793
2644,998.56201171875,362.43359375,1010.169189453125,386.472900390625,0.571916937828064
2648,411.0155334472656,338.79736328125,425.6091003417969,364.0645751953125,0.6036258935928345
2655,735.517578125,383.8150939941406,748.359130859375,407.9594421386719,0.5184330940246582
2656,767.5143432617188,434.4458312988281,782.8096313476562,461.1174621582031,0.745538055896759
2671,627.50830078125,328.06085205078125,644.125732421875,354.41131591796875,0.5123935341835022
2674,850.0066528320312,330.53955078125,862.0896606445312,349.06298828125,0.5070834159851074
2682,637.0150146484375,419.1114501953125,653.5439453125,449.57080078125,0.5152536034584045
2686,881.5401000976562,399.1480712890625,897.6527709960938,426.2672119140625,0.6938245296478271
2687,591.909423828125,294.96490478515625,603.6356201171875,317.32257080078125,0.5635600090026855
2704,158.7806854248047,402.1412658691406,174.25807189941406,426.5187683105469,0.6970938444137573
2705,710.781982421875,304.31982421875,726.539306640625,330.3988037109375,0.7851252555847168
2706,744.90869140625,317.0635986328125,762.60205078125,342.97601318359375,0.6381995677947998
2707,791.6849365234375,336.2138366699219,810.457275390625,366.6425476074219,0.6229124069213867
2708,819.5386352539062,296.2108154296875,833.7158813476562,320.4639892578125,0.658557116985321
