crop_id,human_label
/home/monk-admin/PROJECTS/liberty-basketball-analysis/v3_data_collection/crops/crop_000.jpg,
/home/monk-admin/PROJECTS/liberty-basketball-analysis/v3_data_collection/crops/crop_001.jpg,
/home/monk-admin/PROJECTS/liberty-basketball-analysis/v3_data_collection/crops/crop_002.jpg,
/home/monk-admin/PROJECTS/liberty-basketball-analysis/v3_data_collection/crops/crop_003.jpg,
/home/monk-admin/PROJECTS/liberty-basketball-analysis/v3_data_collection/crops/crop_004.jpg,
/home/monk-admin/PROJECTS/liberty-basketball-analysis/v3_data_collection/crops/crop_005.jpg,
/home/monk-admin/PROJECTS/liberty-basketball-analysis/v3_data_collection/crops/crop_006.jpg,
/home/monk-admin/PROJECTS/liberty-basketball-analysis/v3_data_collection/crops/crop_007.jpg,
/home/monk-admin/PROJECTS/liberty-basketball-analysis/v3_data_collection/crops/crop_008.jpg,
/home/monk-admin/PROJECTS/liberty-basketball-analysis/v3_data_collection/crops/crop_009.jpg,
/home/monk-admin/PROJECTS/liberty-basketball-analysis/v3_data_collection/crops/crop_010.jpg,
/home/monk-admin/PROJECTS/liberty-basketball-analysis/v3_data_collection/crops/crop_011.jpg,
/home/monk-admin/PROJECTS/liberty-basketball-analysis/v3_data_collection/crops/crop_012.jpg,
/home/monk-admin/PROJECTS/liberty-basketball-analysis/v3_data_collection/crops/crop_013.jpg,
/home/monk-admin/PROJECTS/liberty-basketball-analysis/v3_data_collection/crops/crop_014.jpg,
/home/monk-admin/PROJECTS/liberty-basketball-analysis/v3_data_collection/crops/crop_015.jpg,
/home/monk-admin/PROJECTS/liberty-basketball-analysis/v3_data_collection/crops/crop_016.jpg,
/home/monk-admin/PROJECTS/liberty-basketball-analysis/v3_data_collection/crops/crop_017.jpg,
/home/monk-admin/PROJECTS/liberty-basketball-analysis/v3_data_collection/crops/crop_018.jpg,
/home/monk-admin/PROJECTS/liberty-basketball-analysis/v3_data_collection/crops/crop_019.jpg,
/home/monk-admin/PROJECTS/liberty-basketball-analysis/v3_data_collection/crops/crop_020.jpg,
/home/monk-admin/PROJECTS/liberty-basketball-analysis/v3_data_collection/crops/crop_021.jpg,
/home/monk-admin/PROJECTS/liberty-basketball-analysis/v3_data_collection/crops/crop_022.jpg,
/home/monk-admin/PROJECTS/liberty-basketball-analysis/v3_data_collection/crops/crop_023.jpg,
/home/monk-admin/PROJECTS/liberty-basketball-analysis/v3_data_collection/crops/crop_024.jpg,
/home/monk-admin/PROJECTS/liberty-basketball-analysis/v3_data_collection/crops/crop_025.jpg,
/home/monk-admin/PROJECTS/liberty-basketball-analysis/v3_data_collection/crops/crop_026.jpg,
/home/monk-admin/PROJECTS/liberty-basketball-analysis/v3_data_collection/crops/crop_027.jpg,
/home/monk-admin/PROJECTS/liberty-basketball-analysis/v3_data_collection/crops/crop_028.jpg,
/home/monk-admin/PROJECTS/liberty-basketball-analysis/v3_data_collection/crops/crop_029.jpg,
/home/monk-admin/PROJECTS/liberty-basketball-analysis/v3_data_collection/crops/crop_030.jpg,
/home/monk-admin/PROJECTS/liberty-basketball-analysis/v3_data_collection/crops/crop_031.jpg,
/home/monk-admin/PROJECTS/liberty-basketball-analysis/v3_data_collection/crops/crop_032.jpg,
/home/monk-admin/PROJECTS/liberty-basketball-analysis/v3_data_collection/crops/crop_033.jpg,
/home/monk-admin/PROJECTS/liberty-basketball-analysis/v3_data_collection/crops/crop_034.jpg,
/home/monk-admin/PROJECTS/liberty-basketball-analysis/v3_data_collection/crops/crop_035.jpg,
/home/monk-admin/PROJECTS/liberty-basketball-analysis/v3_data_collection/crops/crop_036.jpg,
/home/monk-admin/PROJECTS/liberty-basketball-analysis/v3_data_collection/crops/crop_037.jpg,
/home/monk-admin/PROJECTS/liberty-basketball-analysis/v3_data_collection/crops/crop_038.jpg,
/home/monk-admin/PROJECTS/liberty-basketball-analysis/v3_data_collection/crops/crop_039.jpg,
/home/monk-admin/PROJECTS/liberty-basketball-analysis/v3_data_collection/crops/crop_040.jpg,
/home/monk-admin/PROJECTS/liberty-basketball-analysis/v3_data_collection/crops/crop_041.jpg,
/home/monk-admin/PROJECTS/liberty-basketball-analysis/v3_data_collection/crops/crop_042.jpg,
/home/monk-admin/PROJECTS/liberty-basketball-analysis/v3_data_collection/crops/crop_043.jpg,
/home/monk-admin/PROJECTS/liberty-basketball-analysis/v3_data_collection/crops/crop_044.jpg,
/home/monk-admin/PROJECTS/liberty-basketball-analysis/v3_data_collection/crops/crop_045.jpg,
/home/monk-admin/PROJECTS/liberty-basketball-analysis/v3_data_collection/crops/crop_046.jpg,
/home/monk-admin/PROJECTS/liberty-basketball-analysis/v3_data_collection/crops/crop_047.jpg,
/home/monk-admin/PROJECTS/liberty-basketball-analysis/v3_data_collection/crops/crop_048.jpg,
/home/monk-admin/PROJECTS/liberty-basketball-analysis/v3_data_collection/crops/crop_049.jpg,
/home/monk-admin/PROJECTS/liberty-basketball-analysis/v3_data_collection/crops/crop_050.jpg,
/home/monk-admin/PROJECTS/liberty-basketball-analysis/v3_data_collection/crops/crop_051.jpg,
/home/monk-admin/PROJECTS/liberty-basketball-analysis/v3_data_collection/crops/crop_052.jpg,
/home/monk-admin/PROJECTS/liberty-basketball-analysis/v3_data_collection/crops/crop_053.jpg,
/home/monk-admin/PROJECTS/liberty-basketball-analysis/v3_data_collection/crops/crop_054.jpg,
/home/monk-admin/PROJECTS/liberty-basketball-analysis/v3_data_collection/crops/crop_055.jpg,
/home/monk-admin/PROJECTS/liberty-basketball-analysis/v3_data_collection/crops/crop_056.jpg,
/home/monk-admin/PROJECTS/liberty-basketball-analysis/v3_data_collection/crops/crop_057.jpg,
/home/monk-admin/PROJECTS/liberty-basketball-analysis/v3_data_collection/crops/crop_058.jpg,
/home/monk-admin/PROJECTS/liberty-basketball-analysis/v3_data_collection/crops/crop_059.jpg,
/home/monk-admin/PROJECTS/liberty-basketball-analysis/v3_data_collection/crops/crop_060.jpg,
/home/monk-admin/PROJECTS/liberty-basketball-analysis/v3_data_collection/crops/crop_061.jpg,
/home/monk-admin/PROJECTS/liberty-basketball-analysis/v3_data_collection/crops/crop_062.jpg,
/home/monk-admin/PROJECTS/liberty-basketball-analysis/v3_data_collection/crops/crop_063.jpg,
/home/monk-admin/PROJECTS/liberty-basketball-analysis/v3_data_collection/crops/crop_064.jpg,
/home/monk-admin/PROJECTS/liberty-basketball-analysis/v3_data_collection/crops/crop_065.jpg,
/home/monk-admin/PROJECTS/liberty-basketball-analysis/v3_data_collection/crops/crop_066.jpg,
/home/monk-admin/PROJECTS/liberty-basketball-analysis/v3_data_collection/crops/crop_067.jpg,
/home/monk-admin/PROJECTS/liberty-basketball-analysis/v3_data_collection/crops/crop_068.jpg,
/home/monk-admin/PROJECTS/liberty-basketball-analysis/v3_data_collection/crops/crop_069.jpg,
/home/monk-admin/PROJECTS/liberty-basketball-analysis/v3_data_collection/crops/crop_070.jpg,
/home/monk-admin/PROJECTS/liberty-basketball-analysis/v3_data_collection/crops/crop_071.jpg,
/home/monk-admin/PROJECTS/liberty-basketball-analysis/v3_data_collection/crops/crop_072.jpg,
/home/monk-admin/PROJECTS/liberty-basketball-analysis/v3_data_collection/crops/crop_073.jpg,
/home/monk-admin/PROJECTS/liberty-basketball-analysis/v3_data_collection/crops/crop_074.jpg,
/home/monk-admin/PROJECTS/liberty-basketball-analysis/v3_data_collection/crops/crop_075.jpg,
/home/monk-admin/PROJECTS/liberty-basketball-analysis/v3_data_collection/crops/crop_076.jpg,
/home/monk-admin/PROJECTS/liberty-basketball-analysis/v3_data_collection/crops/crop_077.jpg,
/home/monk-admin/PROJECTS/liberty-basketball-analysis/v3_data_collection/crops/crop_078.jpg,
/home/monk-admin/PROJECTS/liberty-basketball-analysis/v3_data_collection/crops/crop_079.jpg,
/home/monk-admin/PROJECTS/liberty-basketball-analysis/v3_data_collection/crops/crop_080.jpg,
/home/monk-admin/PROJECTS/liberty-basketball-analysis/v3_data_collection/crops/crop_081.jpg,
/home/monk-admin/PROJECTS/liberty-basketball-analysis/v3_data_collection/crops/crop_082.jpg,
/home/monk-admin/PROJECTS/liberty-basketball-analysis/v3_data_collection/crops/crop_083.jpg,
/home/monk-admin/PROJECTS/liberty-basketball-analysis/v3_data_collection/crops/crop_084.jpg,
/home/monk-admin/PROJECTS/liberty-basketball-analysis/v3_data_collection/crops/crop_085.jpg,
/home/monk-admin/PROJECTS/liberty-basketball-analysis/v3_data_collection/crops/crop_086.jpg,
/home/monk-admin/PROJECTS/liberty-basketball-analysis/v3_data_collection/crops/crop_087.jpg,
/home/monk-admin/PROJECTS/liberty-basketball-analysis/v3_data_collection/crops/crop_088.jpg,
/home/monk-admin/PROJECTS/liberty-basketball-analysis/v3_data_collection/crops/crop_089.jpg,
/home/monk-admin/PROJECTS/liberty-basketball-analysis/v3_data_collection/crops/crop_090.jpg,
/home/monk-admin/PROJECTS/liberty-basketball-analysis/v3_data_collection/crops/crop_091.jpg,
/home/monk-admin/PROJECTS/liberty-basketball-analysis/v3_data_collection/crops/crop_092.jpg,
/home/monk-admin/PROJECTS/liberty-basketball-analysis/v3_data_collection/crops/crop_093.jpg,
/home/monk-admin/PROJECTS/liberty-basketball-analysis/v3_data_collection/crops/crop_094.jpg,
/home/monk-admin/PROJECTS/liberty-basketball-analysis/v3_data_collection/crops/crop_095.jpg,
/home/monk-admin/PROJECTS/liberty-basketball-analysis/v3_data_collection/crops/crop_096.jpg,
/home/monk-admin/PROJECTS/liberty-basketball-analysis/v3_data_collection/crops/crop_097.jpg,
/home/monk-admin/PROJECTS/liberty-basketball-analysis/v3_data_collection/crops/crop_098.jpg,
/home/monk-admin/PROJECTS/liberty-basketball-analysis/v3_data_collection/crops/crop_099.jpg,
/home/monk-admin/PROJECTS/liberty-basketball-analysis/v3_data_collection/crops/crop_100.jpg,
/home/monk-admin/PROJECTS/liberty-basketball-analysis/v3_data_collection/crops/crop_101.jpg,
/home/monk-admin/PROJECTS/liberty-basketball-analysis/v3_data_collection/crops/crop_102.jpg,
/home/monk-admin/PROJECTS/liberty-basketball-analysis/v3_data_collection/crops/crop_103.jpg,
/home/monk-admin/PROJECTS/liberty-basketball-analysis/v3_data_collection/crops/crop_104.jpg,
/home/monk-admin/PROJECTS/liberty-basketball-analysis/v3_data_collection/crops/crop_105.jpg,
/home/monk-admin/PROJECTS/liberty-basketball-analysis/v3_data_collection/crops/crop_106.jpg,
/home/monk-admin/PROJECTS/liberty-basketball-analysis/v3_data_collection/crops/crop_107.jpg,
/home/monk-admin/PROJECTS/liberty-basketball-analysis/v3_data_collection/crops/crop_108.jpg,
/home/monk-admin/PROJECTS/liberty-basketball-analysis/v3_data_collection/crops/crop_109.jpg,
/home/monk-admin/PROJECTS/liberty-basketball-analysis/v3_data_collection/crops/crop_110.jpg,
/home/monk-admin/PROJECTS/liberty-basketball-analysis/v3_data_collection/crops/crop_111.jpg,
/home/monk-admin/PROJECTS/liberty-basketball-analysis/v3_data_collection/crops/crop_112.jpg,
/home/monk-admin/PROJECTS/liberty-basketball-analysis/v3_data_collection/crops/crop_113.jpg,
/home/monk-admin/PROJECTS/liberty-basketball-analysis/v3_data_collection/crops/crop_114.jpg,
/home/monk-admin/PROJECTS/liberty-basketball-analysis/v3_data_collection/crops/crop_115.jpg,
/home/monk-admin/PROJECTS/liberty-basketball-analysis/v3_data_collection/crops/crop_116.jpg,
/home/monk-admin/PROJECTS/liberty-basketball-analysis/v3_data_collection/crops/crop_117.jpg,
/home/monk-admin/PROJECTS/liberty-basketball-analysis/v3_data_collection/crops/crop_118.jpg,
/home/monk-admin/PROJECTS/liberty-basketball-analysis/v3_data_collection/crops/crop_119.jpg,
/home/monk-admin/PROJECTS/liberty-basketball-analysis/v3_data_collection/crops/crop_120.jpg,
/home/monk-admin/PROJECTS/liberty-basketball-analysis/v3_data_collection/crops/crop_121.jpg,
/home/monk-admin/PROJECTS/liberty-basketball-analysis/v3_data_collection/crops/crop_122.jpg,
/home/monk-admin/PROJECTS/liberty-basketball-analysis/v3_data_collection/crops/crop_123.jpg,
/home/monk-admin/PROJECTS/liberty-basketball-analysis/v3_data_collection/crops/crop_124.jpg,
/home/monk-admin/PROJECTS/liberty-basketball-analysis/v3_data_collection/crops/crop_125.jpg,
/home/monk-admin/PROJECTS/liberty-basketball-analysis/v3_data_collection/crops/crop_126.jpg,
/home/monk-admin/PROJECTS/liberty-basketball-analysis/v3_data_collection/crops/crop_127.jpg,
/home/monk-admin/PROJECTS/liberty-basketball-analysis/v3_data_collection/crops/crop_128.jpg,
/home/monk-admin/PROJECTS/liberty-basketball-analysis/v3_data_collection/crops/crop_129.jpg,
/home/monk-admin/PROJECTS/liberty-basketball-analysis/v3_data_collection/crops/crop_130.jpg,
/home/monk-admin/PROJECTS/liberty-basketball-analysis/v3_data_collection/crops/crop_131.jpg,
/home/monk-admin/PROJECTS/liberty-basketball-analysis/v3_data_collection/crops/crop_132.jpg,
/home/monk-admin/PROJECTS/liberty-basketball-analysis/v3_data_collection/crops/crop_133.jpg,
/home/monk-admin/PROJECTS/liberty-basketball-analysis/v3_data_collection/crops/crop_134.jpg,
/home/monk-admin/PROJECTS/liberty-basketball-analysis/v3_data_collection/crops/crop_135.jpg,
/home/monk-admin/PROJECTS/liberty-basketball-analysis/v3_data_collection/crops/crop_136.jpg,
/home/monk-admin/PROJECTS/liberty-basketball-analysis/v3_data_collection/crops/crop_137.jpg,
/home/monk-admin/PROJECTS/liberty-basketball-analysis/v3_data_collection/crops/crop_138.jpg,
/home/monk-admin/PROJECTS/liberty-basketball-analysis/v3_data_collection/crops/crop_139.jpg,
/home/monk-admin/PROJECTS/liberty-basketball-analysis/v3_data_collection/crops/crop_140.jpg,
